text,context_class,relevance_level,primary_label,secondary_label,tertiary_label,source_page,matched_general_terms,matched_specific_terms,score,source,word_len,char_len,level_weight,length_quality,selection_score
"Financial risk management is related to corporate finance in two ways. Firstly, firm exposure to market risk is a direct result of previous capital investments and funding decisions; while credit risk arises from the business's credit policy and is often addressed through credit insurance and provisioning . Secondly, both disciplines share the goal of enhancing or at least preserving, the firm's economic value , and in this context overlaps also enterprise risk management , typically the domain of strategic management .",economics_business,primary,finance,,,Finance,"business, economic, finance, investment, market","capital, finance, financial, investment, market",22.5,wikipedia,81,525,3,4.0,59.475
"Financial risk management is related to corporate finance in two ways. Firstly, firm exposure to market risk is a direct result of previous capital investments and funding decisions; while credit risk arises from the business's credit policy and is often addressed through credit insurance and provisioning . Secondly, both disciplines share the goal of enhancing or at least preserving, the firm's economic value , and in this context overlaps also enterprise risk management , typically the domain of strategic management . Here, businesses devote much time and effort to forecasting , analytics and performance monitoring .",economics_business,primary,finance,,,Finance,"business, economic, finance, investment, market","capital, finance, financial, investment, market",22.5,wikipedia,96,626,3,1.0,54.874
"Financial risk management is related to corporate finance in two ways. Firstly, firm exposure to market risk is a direct result of previous capital investments and funding decisions; while credit risk arises from the business's credit policy and is often addressed through credit insurance and provisioning .",economics_business,primary,finance,,,Finance,"business, finance, investment, market","capital, finance, financial, investment, market",21.5,wikipedia,47,308,3,6.0,60.692
"This allows businesses to be publicly traded, and raise additional financial capital for expansion by selling shares of ownership of the company in a public market. The liquidity that an exchange affords the investors enables their holders to quickly and easily sell securities. This is an attractive feature of investing in stocks, compared to other less liquid investments such as property and other immoveable assets.",economics_business,primary,finance,,,Stock_market,"business, investment, market, trade","capital, financial, investment, market, stock",21.5,wikipedia,65,420,3,6.0,60.58
"Mobile payment systems, digital wallets, and peer-to-peer lending platforms have created alternative channels for financial transactions, reducing reliance on conventional banking infrastructure in both developed and emerging markets. Additionally, Environmental, Social, and Governance (ESG) considerations have become integral to investment analysis and portfolio management, with sustainable finance representing a growing segment of global capital markets, reaching US$30.3 trillion in assets under management globally as of 2022.",economics_business,primary,finance,,,Finance,"bank, finance, investment, market","capital, finance, financial, investment, market",21.5,wikipedia,66,534,3,5.0,58.966
"""Since the 2010s, financial technology (fintech) has significantly transformed traditional financial services delivery. Mobile payment systems, digital wallets, and peer-to-peer lending platforms have created alternative channels for financial transactions, reducing reliance on conventional banking infrastructure in both developed and emerging markets. Additionally, Environmental, Social, and Governance (ESG) considerations have become integral to investment analysis and portfolio management, with sustainable finance representing a growing segment of global capital markets, reaching US$30.3 trillion in assets under management globally as of 2022.",economics_business,primary,finance,,,Finance,"bank, finance, investment, market","capital, finance, financial, investment, market",21.5,wikipedia,79,654,3,2.5,55.096
"The stock market is one of the most important ways for companies to raise money, along with debt markets which are generally more imposing but do not trade publicly. This allows businesses to be publicly traded, and raise additional financial capital for expansion by selling shares of ownership of the company in a public market. The liquidity that an exchange affords the investors enables their holders to quickly and easily sell securities. This is an attractive feature of investing in stocks, compared to other less liquid investments such as property and other immoveable assets.",economics_business,primary,finance,,,Stock_market,"business, investment, market, trade","capital, financial, investment, market, stock",21.5,wikipedia,94,586,3,1.0,52.914
"Rising share prices, for instance, tend to be associated with increased business investment and vice versa. Share prices also affect the wealth of households and their consumption. Therefore, central banks tend to keep an eye on the control and behavior of the stock market and, in general, on the smooth operation of financial system functions. Economic stability is one of the central bank mandates .",economics_business,primary,finance,,,Stock_market,"bank, business, economic, investment, market","financial, investment, market, stock",20.0,wikipedia,65,402,3,6.0,57.598
"The main monetary policy instruments available to central banks are interest rate policy , i.e. setting (administered) interest rates directly, open market operations , forward guidance and other communication activities, bank reserve requirements , and re-lending and re-discount (including using the term repurchase market). While capital adequacy is important, it is defined and regulated by the Bank for International Settlements , and central banks in practice generally do not apply stricter rules.",economics_business,primary,banking,,,Monetary_policy,"bank, market","bank, central bank, interest rate, lending, monetary policy",19.5,wikipedia,72,504,3,4.0,53.496
"The instruments available to central banks for conducting monetary policy vary from country to country, depending on the country's stage of development, institutional structure and political system. The main monetary policy instruments available to central banks are interest rate policy , i.e. setting (administered) interest rates directly, open market operations , forward guidance and other communication activities, bank reserve requirements , and re-lending and re-discount (including using the term repurchase market).",economics_business,primary,banking,,,Monetary_policy,"bank, market","bank, central bank, interest rate, lending, monetary policy",19.5,wikipedia,71,525,3,4.0,53.475
"While microeconomics focuses on firms and individuals, macroeconomics focuses on the overall level of economic activity, addressing issues of growth , inflation , and unemployment —and national policies related to these issues. Microeconomics also deals with the effects of economic policies (such as changing taxation levels) on microeconomic behavior and thus on the aforementioned aspects of the economy. Particularly in the wake of the Lucas critique , much of modern macroeconomic theory has been built upon microfoundations —i.e., based upon basic assumptions about micro-level behavior.",economics_business,primary,economics,,,Microeconomics,"economic, economy, growth, inflation","economics, growth, macroeconomics, microeconomics",19.3,wikipedia,85,593,3,2.5,50.757000000000005
"Rising share prices, for instance, tend to be associated with increased business investment and vice versa. Share prices also affect the wealth of households and their consumption. Therefore, central banks tend to keep an eye on the control and behavior of the stock market and, in general, on the smooth operation of financial system functions.",economics_business,primary,finance,,,Stock_market,"bank, business, investment, market","financial, investment, market, stock",19.0,wikipedia,55,345,3,6.0,55.655
"Economic and financial theories argue that stock prices are affected by macroeconomic trends. Macroeconomic trends include such as changes in GDP, unemployment rates, national income, price indices, output, consumption, unemployment, inflation, saving, investment, energy, international trade, immigration, productivity, aging populations, innovations, international finance.",economics_business,primary,finance,,,Stock_market,"economic, finance, inflation, investment, trade","finance, financial, investment, stock",19.0,wikipedia,43,375,3,6.0,55.625
"While microeconomics focuses on firms and individuals, macroeconomics focuses on the overall level of economic activity, addressing issues of growth , inflation , and unemployment —and national policies related to these issues. Microeconomics also deals with the effects of economic policies (such as changing taxation levels) on microeconomic behavior and thus on the aforementioned aspects of the economy.",economics_business,primary,economics,,,Microeconomics,"economic, economy, growth, inflation","economics, growth, macroeconomics, microeconomics",19.0,wikipedia,58,407,3,6.0,55.593
"Stock markets play an essential role in growing industries that ultimately affect the economy through transferring available funds from units that have excess funds (savings) to those who are suffering from funds deficit (borrowings) (Padhi and Naik, 2012). In other words, capital markets facilitate funds movement between the above-mentioned units. This process leads to the enhancement of available financial resources which in turn affects the economic growth positively.",economics_business,primary,finance,,,Stock_market,"economic, economy, growth, market","capital, financial, market, stock",19.0,wikipedia,68,475,3,5.0,54.025
"These early financial practices eventually contributed to the more structured investment systems that emerged in Europe during the early modern period. By the 17th century, the growth of global trade networks made investment activity increasingly recognizable in its modern form. Shipping ventures to Asia undertaken by Dutch, British, and French companies often required large pools of capital, encouraging shipowners to seek outside investors willing to finance long-distance voyages in exchange for a share of the profits when ships returned safely.",economics_business,primary,finance,,,Investment,"finance, growth, investment, trade","capital, finance, financial, investment",19.0,wikipedia,80,552,3,2.5,50.198
"The tools of monetary policy vary from central bank to central bank, depending on the country's stage of development, institutional structure, tradition and political system. Interest-rate targeting is generally the primary tool, being obtained either directly via administratively changing the central bank's own interest rates or indirectly via open market operations . Interest rates affect general economic activity and consequently employment and inflation via a number of different channels, known collectively as the monetary transmission mechanism , and are also an important determinant of the exchange rate.",economics_business,primary,banking,,,Monetary_policy,"bank, economic, inflation, market","bank, central bank, interest rate, monetary policy",19.0,wikipedia,87,617,3,2.5,50.133
"Macroeconomists study aggregate measures of the economy, such as output or gross domestic product (GDP), national income , unemployment , inflation , consumption , saving , investment , or trade. Macroeconomics is primarily focused on questions that help to understand aggregate variables in relation to long-run economic growth .",economics_business,primary,economics,,,Macroeconomics,"economic, economy, growth, inflation, investment, trade","economics, growth, macroeconomics",18.8,wikipedia,49,330,3,6.0,55.27
"This includes regional, national, and global economies . Macroeconomists study aggregate measures of the economy, such as output or gross domestic product (GDP), national income , unemployment , inflation , consumption , saving , investment , or trade. Macroeconomics is primarily focused on questions that help to understand aggregate variables in relation to long-run economic growth .",economics_business,primary,economics,,,Macroeconomics,"economic, economy, growth, inflation, investment, trade","economics, growth, macroeconomics",18.8,wikipedia,57,387,3,6.0,55.213
"Macroeconomics is a branch of economics that deals with the performance, structure, behavior, and decision-making of an economy as a whole. This includes regional, national, and global economies . Macroeconomists study aggregate measures of the economy, such as output or gross domestic product (GDP), national income , unemployment , inflation , consumption , saving , investment , or trade. Macroeconomics is primarily focused on questions that help to understand aggregate variables in relation to long-run economic growth .",economics_business,primary,economics,,,Macroeconomics,"economic, economy, growth, inflation, investment, trade","economics, growth, macroeconomics",18.8,wikipedia,78,527,3,4.0,52.073
"The main monetary policy instruments available to central banks are interest rate policy , i.e. setting (administered) interest rates directly, open market operations , forward guidance and other communication activities, bank reserve requirements , and re-lending and re-discount (including using the term repurchase market).",economics_business,primary,banking,,,Monetary_policy,"bank, market","bank, central bank, interest rate, lending, monetary policy",18.5,wikipedia,44,326,3,6.0,54.674
"To identify such stocks , growth investors often evaluate measures of current stock value as well as predictions of future financial performance. Growth investors seek profits through capital appreciation – the gains earned when a stock is sold at a higher price than what it was purchased for. The price-to-earnings (P/E) multiple is also used for this type of investment; growth stock are likely to have a P/E higher than others in its industry. According to Investopedia author Troy Segal and U.S.",economics_business,primary,finance,,,Investment,"growth, industry, investment","capital, financial, investment, stock",18.3,wikipedia,82,500,3,4.0,51.1
"Money market : It is traded with money or financial assets with short-term maturity and high liquidity, generally assets with a term of less than one year. Capital market : Financial assets with medium and long-term maturity are traded, which are basic for carrying out certain investment processes.",economics_business,primary,finance,,,Stock_market,"investment, market, trade","capital, financial, investment, market",18.0,wikipedia,48,299,3,6.0,53.701
"The stock market is one of the most important ways for companies to raise money, along with debt markets which are generally more imposing but do not trade publicly. This allows businesses to be publicly traded, and raise additional financial capital for expansion by selling shares of ownership of the company in a public market.",economics_business,primary,finance,,,Stock_market,"business, market, trade","capital, financial, market, stock",18.0,wikipedia,55,330,3,6.0,53.67
"Financial markets attract funds from investors and channels them to corporations—they thus allow corporations to finance their operations and achieve growth. Money markets allow firms to borrow funds on a short-term basis, while capital markets allow corporations to gain long-term funding to support expansion (known as maturity transformation).",economics_business,primary,finance,,,Financial_market,"finance, growth, market","capital, finance, financial, market",18.0,wikipedia,48,346,3,6.0,53.654
"For monetary policy frameworks operating under an exchange rate anchor, adjusting interest rates are, together with direct intervention in the foreign exchange market (i.e. open market operations), important tools to maintain the desired exchange rate. For central banks targeting inflation directly, adjusting interest rates are crucial for the monetary transmission mechanism which ultimately affects inflation.",economics_business,primary,banking,,,Monetary_policy,"bank, inflation, market","bank, central bank, interest rate, monetary policy",18.0,wikipedia,55,413,3,6.0,53.587
"Central banks can directly or indirectly influence the allocation of bank lending in certain sectors of the economy by applying quotas, limits or differentiated interest rates. This allows the central bank to control both the quantity of lending and its allocation towards certain strategic sectors of the economy, for example to support the national industrial policy, or to environmental investment such as housing renovation.",economics_business,primary,banking,,,Monetary_policy,"bank, economy, investment","bank, central bank, interest rate, lending",18.0,wikipedia,64,428,3,5.0,52.072
"The stock market is one of the most important ways for companies to raise money, along with debt markets which are generally more imposing but do not trade publicly. This allows businesses to be publicly traded, and raise additional financial capital for expansion by selling shares of ownership of the company in a public market. The liquidity that an exchange affords the investors enables their holders to quickly and easily sell securities.",economics_business,primary,finance,,,Stock_market,"business, market, trade","capital, financial, market, stock",18.0,wikipedia,72,444,3,4.0,50.556
"To identify such stocks , growth investors often evaluate measures of current stock value as well as predictions of future financial performance. Growth investors seek profits through capital appreciation – the gains earned when a stock is sold at a higher price than what it was purchased for. The price-to-earnings (P/E) multiple is also used for this type of investment; growth stock are likely to have a P/E higher than others in its industry.",economics_business,primary,finance,,,Investment,"growth, industry, investment","capital, financial, investment, stock",18.0,wikipedia,74,447,3,4.0,50.553
"Monetary policy affects the economy through financial channels like interest rates, exchange rates and prices of financial assets . This is in contrast to fiscal policy , which relies on changes in taxation and government spending as methods for a government to manage business cycle phenomena such as recessions . In developed countries , monetary policy is generally formed separately from fiscal policy, modern central banks in developed economies being independent of direct government control and directives.",economics_business,primary,banking,,,Monetary_policy,"bank, business, economy","bank, central bank, interest rate, monetary policy",18.0,wikipedia,77,513,3,4.0,50.487
"For most central banks in advanced economies, their main monetary policy instrument is a short-term interest rate. For monetary policy frameworks operating under an exchange rate anchor, adjusting interest rates are, together with direct intervention in the foreign exchange market (i.e. open market operations), important tools to maintain the desired exchange rate. For central banks targeting inflation directly, adjusting interest rates are crucial for the monetary transmission mechanism which ultimately affects inflation.",economics_business,primary,banking,,,Monetary_policy,"bank, inflation, market","bank, central bank, interest rate, monetary policy",18.0,wikipedia,72,528,3,4.0,50.472
"Inter-institutional trade and investment, and fund-management at this scale , is referred to as ""wholesale finance"". Institutions here extend the products offered , with related trading, to include bespoke options , swaps , and structured products , as well as specialized financing ; this "" financial engineering "" is inherently mathematical , and these institutions are then the major employers of quantitative analysts (or ""quants"", see below ). In these institutions, risk management , regulatory capital , and compliance play major roles.",economics_business,primary,finance,,,Finance,"finance, investment, trade","capital, finance, financial, investment",18.0,wikipedia,82,543,3,4.0,50.457
"When governments control monetary policy, politicians may be tempted to boost economic activity in advance of an election to the detriment of the long-term health of the economy and the country. As a consequence, financial markets may not consider future commitments to low inflation to be credible when monetary policy is in the hands of elected officials, which increases the risk of capital flight. An alternative to central bank independence is to have fixed exchange rate regimes.",economics_business,primary,banking,,,Central_bank,"bank, economic, economy, inflation, market","bank, central bank, monetary policy",17.8,wikipedia,77,485,3,4.0,50.115
"If the central bank wishes to decrease interest rates, it reduces its administered rates ( Bank Rate , the reverse repurchase agreement rate and the discount rate ). This results in commercial banks bidding down the rate they pay customers on their deposits and, subsequently, loan rates are reduced commensurately. Cheaper credit can increase consumer spending or business investment, stimulating output growth.",economics_business,primary,banking,,,Central_bank,"bank, business, consumer, growth, investment","bank, central bank, interest rate",17.5,wikipedia,62,412,3,6.0,52.588
"However, targeting the money supply growth rate was not a success in practice because the relationship between inflation, economic activity, and measures of money growth turned out to be unstable. Consequently, the importance of the money supply as a guide for the conduct of monetary policy has diminished over time, and after the 1980s central banks have shifted away from policies that focus on money supply targeting.",economics_business,primary,banking,,,Monetary_policy,"bank, economic, growth, inflation, supply","bank, central bank, monetary policy",17.5,wikipedia,67,421,3,5.0,51.079
"If the central bank wishes to decrease interest rates, it reduces its administered rates ( Bank Rate , the reverse repurchase agreement rate and the discount rate ). This results in commercial banks bidding down the rate they pay customers on their deposits and, subsequently, loan rates are reduced commensurately. Cheaper credit can increase consumer spending or business investment, stimulating output growth. On the other hand, cheaper interest income can reduce spending, suppressing output.",economics_business,primary,banking,,,Central_bank,"bank, business, consumer, growth, investment","bank, central bank, interest rate",17.5,wikipedia,74,496,3,4.0,49.504
"However, targeting the money supply growth rate was not a success in practice because the relationship between inflation, economic activity, and measures of money growth turned out to be unstable. Consequently, the importance of the money supply as a guide for the conduct of monetary policy has diminished over time, and after the 1980s central banks have shifted away from policies that focus on money supply targeting. Today, it is widely considered a weak policy, because it is not stably related to the growth of real output.",economics_business,primary,banking,,,Monetary_policy,"bank, economic, growth, inflation, supply","bank, central bank, monetary policy",17.5,wikipedia,87,530,3,4.0,49.47
"Within the financial sector, the term ""financial markets"" is often used to refer just to the markets that are used to raise finances. For long term finance, they are usually called the capital markets ; for short term finance, they are usually called money markets .",economics_business,primary,finance,,,Financial_market,"finance, market","capital, finance, financial, market",17.0,wikipedia,46,266,3,6.0,51.734
"Many central banks have one primary ""headline"" rate that is quoted as the ""central bank rate"". In practice, they will have other tools and rates that are used, but only one that is rigorously targeted and enforced. A typical central bank consequently has several interest rates or monetary policy tools it can use to influence markets.",economics_business,primary,banking,,,Monetary_policy,"bank, market","bank, central bank, interest rate, monetary policy",17.0,wikipedia,56,335,3,6.0,51.665
"For long term finance, they are usually called the capital markets ; for short term finance, they are usually called money markets . The money market deals in short-term loans, generally for a period of a year or less. Another common use of the term is as a catchall for all the markets in the financial sector, as per examples in the breakdown below.",economics_business,primary,finance,,,Financial_market,"finance, market","capital, finance, financial, market",17.0,wikipedia,64,351,3,6.0,51.649
"Within the financial sector, the term ""financial markets"" is often used to refer just to the markets that are used to raise finances. For long term finance, they are usually called the capital markets ; for short term finance, they are usually called money markets . The money market deals in short-term loans, generally for a period of a year or less.",economics_business,primary,finance,,,Financial_market,"finance, market","capital, finance, financial, market",17.0,wikipedia,62,352,3,6.0,51.648
These are examples of how behavioral phenomena may have a substantial influence on monetary policy. Monetary policy analyses should thus account for the fact that policymakers (or central bankers) are individuals and prone to biases and temptations that can sensibly influence their ultimate choices in the setting of macroeconomic and/or interest rate targets.,economics_business,primary,banking,,,Monetary_policy,"bank, economic","bank, central bank, interest rate, monetary policy",17.0,wikipedia,53,361,3,6.0,51.639
"For most central banks in advanced economies, their main monetary policy instrument is a short-term interest rate. For monetary policy frameworks operating under an exchange rate anchor, adjusting interest rates are, together with direct intervention in the foreign exchange market (i.e. open market operations), important tools to maintain the desired exchange rate.",economics_business,primary,banking,,,Monetary_policy,"bank, market","bank, central bank, interest rate, monetary policy",17.0,wikipedia,52,367,3,6.0,51.633
"The tools of monetary policy vary from central bank to central bank, depending on the country's stage of development, institutional structure, tradition and political system. Interest-rate targeting is generally the primary tool, being obtained either directly via administratively changing the central bank's own interest rates or indirectly via open market operations .",economics_business,primary,banking,,,Monetary_policy,"bank, market","bank, central bank, interest rate, monetary policy",17.0,wikipedia,52,371,3,6.0,51.629
"In recent decades, states modeled some of their assets and enterprises after business enterprises. In 2003, for example, China modeled 80% of its state-owned enterprises on a company-type management system. Many state institutions and enterprises in China and Russia have transformed into joint-stock companies, with part of their shares being listed on public stock markets.",economics_business,primary,business,,,Business,"business, market","business, company, enterprise, management",17.0,wikipedia,55,375,3,6.0,51.625
"Growth investors seek investments they believe are likely to have higher earnings or greater value in the future. To identify such stocks , growth investors often evaluate measures of current stock value as well as predictions of future financial performance. Growth investors seek profits through capital appreciation – the gains earned when a stock is sold at a higher price than what it was purchased for.",economics_business,primary,finance,,,Investment,"growth, investment","capital, financial, investment, stock",17.0,wikipedia,66,408,3,6.0,51.592
"setting (administered) interest rates directly, open market operations , forward guidance and other communication activities, bank reserve requirements , and re-lending and re-discount (including using the term repurchase market). While capital adequacy is important, it is defined and regulated by the Bank for International Settlements , and central banks in practice generally do not apply stricter rules.",economics_business,primary,banking,,,Monetary_policy,"bank, market","bank, central bank, interest rate, lending",17.0,wikipedia,57,408,3,6.0,51.592
"Platforms, such as eToro , Plus500 , Robinhood , and AvaTrade serve as a digital medium for trading financial instruments and make financial markets more accessible, allowing individual investors to participate in trading without the need for traditional brokers or substantial capital. They also provide features such as real-time market data, stock price analysis, research reports, and news updates, which support decision-making in trading activities.",economics_business,primary,finance,,,Stock_market,"market, trade","capital, financial, market, stock",17.0,wikipedia,65,455,3,5.0,50.045
"Asset- , money- , risk- and investment management aim to maximize value and minimize volatility . Financial analysis assesses the viability, stability, and profitability of an action or entity. Some fields are multidisciplinary, such as mathematical finance , financial law , financial economics , financial engineering and financial technology . These fields are the foundation of business and accounting .",economics_business,primary,finance,,,Finance,"business, economic, finance, investment","finance, financial, investment",16.8,wikipedia,60,407,3,6.0,51.193000000000005
"^ ""Understanding Derivatives: Markets and Infrastructure - Federal Reserve Bank of Chicago"" . ^ ""Financial Markets - Overview, Types, and Functions"" ^ The Business Finance Market: A Survey ISR/Google Books, 2013. Money and Banking: ""Chapter 2, Section 4: Financial Markets."" pp. 3 Accessed June 20, 2012 ^ Khader Shaik (23 September 2014).",economics_business,primary,finance,,,Financial_market,"bank, business, finance, market","finance, financial, market",16.5,wikipedia,52,339,3,6.0,50.661
"Through open market operations , a central bank may influence the level of interest rates, the exchange rate and/or the money supply in an economy. Open market operations can influence interest rates by expanding or contracting the monetary base , which consists of currency in circulation and banks' reserves on deposit at the central bank.",economics_business,primary,banking,,,Monetary_policy,"bank, economy, market, supply","bank, central bank, interest rate",16.5,wikipedia,55,341,3,6.0,50.659
"The primary difficulty is that few developing countries have deep markets in government debt. The matter is further complicated by the difficulties in forecasting money demand and fiscal pressure to levy the inflation tax by expanding the base rapidly. In general, the central banks in many developing countries have poor records in managing monetary policy.",economics_business,primary,banking,,,Monetary_policy,"bank, demand, inflation, market","bank, central bank, monetary policy",16.5,wikipedia,55,358,3,6.0,50.642
"^ ""Financial Markets - Overview, Types, and Functions"" ^ The Business Finance Market: A Survey ISR/Google Books, 2013. Money and Banking: ""Chapter 2, Section 4: Financial Markets."" pp. 3 Accessed June 20, 2012 ^ Khader Shaik (23 September 2014). Managing Derivatives Contracts: A Guide to Derivatives Market Structure, Contract Life Cycle, Operations, and Systems .",economics_business,primary,finance,,,Financial_market,"bank, business, finance, market","finance, financial, market",16.5,wikipedia,55,365,3,6.0,50.635
"By the 17th century, the growth of global trade networks made investment activity increasingly recognizable in its modern form. Shipping ventures to Asia undertaken by Dutch, British, and French companies often required large pools of capital, encouraging shipowners to seek outside investors willing to finance long-distance voyages in exchange for a share of the profits when ships returned safely.",economics_business,primary,finance,,,Investment,"finance, growth, investment, trade","capital, finance, investment",16.5,wikipedia,59,400,3,6.0,50.6
"Market participants include individual retail investors, institutional investors (e.g., pension funds , insurance companies , mutual funds , index funds , exchange-traded funds , hedge funds , investor groups, banks and various other financial institutions ), and also publicly traded corporations trading in their own shares. Robo-advisors , which automate investment for individuals, are also major participants.",economics_business,primary,finance,,,Stock_market,"bank, investment, market, trade","financial, investment, market",16.5,wikipedia,57,414,3,6.0,50.586
"Consequently, the importance of the money supply as a guide for the conduct of monetary policy has diminished over time, and after the 1980s central banks have shifted away from policies that focus on money supply targeting. Today, it is widely considered a weak policy, because it is not stably related to the growth of real output. As a result, a higher output growth rate will result in a too low level of inflation.",economics_business,primary,banking,,,Monetary_policy,"bank, growth, inflation, supply","bank, central bank, monetary policy",16.5,wikipedia,74,419,3,5.0,49.081
"Interest-rate targeting is generally the primary tool, being obtained either directly via administratively changing the central bank's own interest rates or indirectly via open market operations . Interest rates affect general economic activity and consequently employment and inflation via a number of different channels, known collectively as the monetary transmission mechanism , and are also an important determinant of the exchange rate.",economics_business,primary,banking,,,Monetary_policy,"bank, economic, inflation, market","bank, central bank, interest rate",16.5,wikipedia,62,442,3,5.0,49.058
"Developing countries may have problems establishing an effective operating monetary policy. The primary difficulty is that few developing countries have deep markets in government debt. The matter is further complicated by the difficulties in forecasting money demand and fiscal pressure to levy the inflation tax by expanding the base rapidly. In general, the central banks in many developing countries have poor records in managing monetary policy.",economics_business,primary,banking,,,Monetary_policy,"bank, demand, inflation, market","bank, central bank, monetary policy",16.5,wikipedia,66,450,3,5.0,49.05
"In practice, they will have other tools and rates that are used, but only one that is rigorously targeted and enforced. A typical central bank consequently has several interest rates or monetary policy tools it can use to influence markets.",economics_business,primary,banking,,,Monetary_policy,"bank, market","bank, central bank, interest rate, monetary policy",16.0,wikipedia,40,240,3,6.0,49.76
"For most central banks in advanced economies, their main monetary policy instrument is a short-term interest rate. For monetary policy frameworks operating under an exchange rate anchor, adjusting interest rates are, together with direct intervention in the foreign exchange market (i.e.",economics_business,primary,banking,,,Monetary_policy,"bank, market","bank, central bank, interest rate, monetary policy",16.0,wikipedia,41,287,3,6.0,49.713
But critics such as Jens Weidmann are arguing it is not central banks' role to conduct climate policy. China is among the most advanced central banks when it comes to green monetary policy. It has given green bonds preferential status to lower their yield and uses window policy to direct green lending.,economics_business,primary,banking,,,Central_bank,bank,"bank, central bank, lending, monetary policy",16.0,wikipedia,52,303,3,6.0,49.697
"The primary monetary policy tool available to central banks is the administered interest rate paid on qualifying deposits held with them. Adjusting this rate up or down influences the rate commercial banks pay on their own customer deposits, which in turn influences the rate that commercial banks charge customers for loans.",economics_business,primary,banking,,,Central_bank,bank,"bank, central bank, interest rate, monetary policy",16.0,wikipedia,51,325,3,6.0,49.675
"It has been a challenge for banks to effectively set their growth strategies with the recent economic market. A rising interest rate environment may seem to help financial institutions, but the effect of the changes on consumers and businesses is not predictable and the challenge remains for banks to grow and effectively manage the spread to generate a return to their shareholders.",economics_business,primary,banking,,,Bank,"bank, business, consumer, economic, growth, market","bank, interest rate",16.0,wikipedia,62,384,3,6.0,49.616
"Other forms of monetary policy, particularly used when interest rates are at or near 0% and there are concerns about deflation or deflation is occurring, are referred to as unconventional monetary policy . These include credit easing , quantitative easing , forward guidance , and signalling . In credit easing, a central bank purchases private sector assets to improve liquidity and improve access to credit.",economics_business,primary,banking,,,Central_bank,bank,"bank, central bank, interest rate, monetary policy",16.0,wikipedia,65,409,3,6.0,49.591
"As a consequence, financial markets may not consider future commitments to low inflation to be credible when monetary policy is in the hands of elected officials, which increases the risk of capital flight. An alternative to central bank independence is to have fixed exchange rate regimes.",economics_business,primary,banking,,,Central_bank,"bank, inflation, market","bank, central bank, monetary policy",15.8,wikipedia,46,290,3,6.0,49.31
Growth investors seek profits through capital appreciation – the gains earned when a stock is sold at a higher price than what it was purchased for. The price-to-earnings (P/E) multiple is also used for this type of investment; growth stock are likely to have a P/E higher than others in its industry. According to Investopedia author Troy Segal and U.S.,economics_business,primary,finance,,,Investment,"growth, industry, investment","capital, investment, stock",15.8,wikipedia,60,354,3,6.0,49.246
"Microeconomics is a branch of economics that studies the behavior of individuals and firms in making decisions regarding the allocation of scarce resources and the interactions among these individuals and firms. Microeconomics focuses on the study of individual markets, sectors, or industries as opposed to the economy as a whole, which is studied in macroeconomics .",economics_business,primary,economics,,,Microeconomics,"economic, economy, market","economics, macroeconomics, microeconomics",15.8,wikipedia,56,368,3,6.0,49.232
"Researchers in experimental finance study how well existing financial economics theories make accurate predictions and seek to validate them. They also aim to discover new principles to extend these theories for future financial decisions. This research often involves conducting trading simulations or observing human behavior in artificial, competitive, market-like environments.",economics_business,primary,finance,,,Finance,"economic, finance, market","finance, financial, market",15.8,wikipedia,50,381,3,6.0,49.219
"Episodes are usually broadcast in annual sets, which are called seasons in North America and series in other regions. A one-off television show may be called a television special , while a show with a limited number of episodes is a miniseries . A television film , or telefilm , is a feature film produced for broadcast by a terrestrial or cable network.",entertainment,primary,television,,,Television_show,"film, series, show, television","broadcast, episode, series, show, television",21.5,wikipedia,63,355,3,6.0,60.645
"A regularly recurring show is called a television series, and an individual segment of such a series is called an episode. Content is produced either in-house on a television stage with multiple cameras or produced by contract with film production companies. Episodes are usually broadcast in annual sets, which are called seasons in North America and series in other regions.",entertainment,primary,television,,,Television_show,"film, series, show, television","broadcast, episode, series, show, television",21.5,wikipedia,60,376,3,6.0,60.624
"Content is produced either in-house on a television stage with multiple cameras or produced by contract with film production companies. Episodes are usually broadcast in annual sets, which are called seasons in North America and series in other regions. A one-off television show may be called a television special , while a show with a limited number of episodes is a miniseries .",entertainment,primary,television,,,Television_show,"film, series, show, television","broadcast, episode, series, show, television",21.5,wikipedia,63,381,3,6.0,60.619
"Content is produced either in-house on a television stage with multiple cameras or produced by contract with film production companies. Episodes are usually broadcast in annual sets, which are called seasons in North America and series in other regions. A one-off television show may be called a television special , while a show with a limited number of episodes is a miniseries . A television film , or telefilm , is a feature film produced for broadcast by a terrestrial or cable network.",entertainment,primary,television,,,Television_show,"film, series, show, television","broadcast, episode, series, show, television",21.5,wikipedia,83,491,3,4.0,57.509
"This generally excludes breaking news or advertisements that are aired between shows or between segments of a show. A regularly recurring show is called a television series, and an individual segment of such a series is called an episode. Content is produced either in-house on a television stage with multiple cameras or produced by contract with film production companies. Episodes are usually broadcast in annual sets, which are called seasons in North America and series in other regions.",entertainment,primary,television,,,Television_show,"film, series, show, television","broadcast, episode, series, show, television",21.5,wikipedia,78,492,3,4.0,57.508
"A regularly recurring show is called a television series, and an individual segment of such a series is called an episode. Content is produced either in-house on a television stage with multiple cameras or produced by contract with film production companies. Episodes are usually broadcast in annual sets, which are called seasons in North America and series in other regions. A one-off television show may be called a television special , while a show with a limited number of episodes is a miniseries .",entertainment,primary,television,,,Television_show,"film, series, show, television","broadcast, episode, series, show, television",21.5,wikipedia,84,504,3,4.0,57.496
"Since at least the 2000s, new broadcast television series are often ordered (funded) for just the first 10 to 13 episodes, to gauge audience interest. If a series is popular, the network places a ""back nine order"" and the season is completed to the regular 20 to 26 episodes. An established series that is already popular, however, will typically receive an immediate full-season order at the outset of the season. A midseason replacement is a less-expensive short-run show of generally 10 to 13 episodes designed to take the place of an original series that failed to garner an audience and has not been picked up.",entertainment,primary,television,,,Television_show,"audience, series, show, television","broadcast, episode, series, show, television",21.5,wikipedia,105,615,3,1.0,52.885
"A one-off television show may be called a television special , while a show with a limited number of episodes is a miniseries . A television film , or telefilm , is a feature film produced for broadcast by a terrestrial or cable network.",entertainment,primary,television,,,Television_show,"film, series, show, television","broadcast, episode, series, show, television",20.5,wikipedia,44,237,3,6.0,58.763
"When a person or company decides to create new content for television broadcast, they develop the show's elements, consisting of the concept , the characters , the crew , and the cast. Then they often ""pitch"" it to the various networks in an attempt to find one interested enough to order a prototype for the first episode of the series, known as a pilot .",entertainment,primary,television,,,Television_show,"series, show, television","broadcast, episode, series, show, television",20.5,wikipedia,65,356,3,6.0,58.644
"When a person or company decides to create new content for television broadcast, they develop the show's elements, consisting of the concept , the characters , the crew , and the cast. Then they often ""pitch"" it to the various networks in an attempt to find one interested enough to order a prototype for the first episode of the series, known as a pilot . Eric Coleman , an animation executive at Disney , told an interviewer, ""One misconception is that it's very difficult to get in and pitch your show, when the truth is that development executives at networks want very much to hear ideas.",entertainment,primary,television,,,Television_show,"series, show, television","broadcast, episode, series, show, television",20.5,wikipedia,106,593,3,1.0,50.907
"Episodes are usually broadcast in annual sets, which are called seasons in North America and series in other regions. A one-off television show may be called a television special , while a show with a limited number of episodes is a miniseries .",entertainment,primary,television,,,Television_show,"series, show, television","broadcast, episode, series, show, television",19.5,wikipedia,43,245,3,6.0,56.755
"Talk shows contain interviews with film, television, music, and sports celebrities and public figures. Variety shows feature a range of musical performers and other entertainers, such as comedians and magicians, introduced by a host or Master of Ceremonies . There is some crossover between some talk shows and variety shows, as talk shows often feature performances by bands, singers, comedians, and other performers in between the interview segments. Reality television series feature ""regular"" people (i.e., not actors) facing unusual challenges or experiences ranging from arrest by police officers ( COPS ) to significant weight loss ( The Biggest Loser ).",entertainment,primary,television,,,Television,"actor, film, music, performance, series, show, television","series, show, television",19.5,wikipedia,100,661,3,1.0,48.839
"This generally excludes breaking news or advertisements that are aired between shows or between segments of a show. A regularly recurring show is called a television series, and an individual segment of such a series is called an episode. Content is produced either in-house on a television stage with multiple cameras or produced by contract with film production companies.",entertainment,primary,television,,,Television_show,"film, series, show, television","episode, series, show, television",19.0,wikipedia,59,374,3,6.0,55.626
"The first television shows were experimental, sporadic broadcasts viewable only within a very short range from the broadcast tower starting in the 1930s. The 1947 World Series inspired many Americans to buy their first television set, and then in 1948, the popular radio show Texaco Star Theater made the move and became the first weekly televised variety show , earning host Milton Berle the name ""Mr. Television"", and demonstrating that the medium was a stable, modern form of entertainment that could attract advertisers .",entertainment,primary,television,,,Television_show,"entertainment, series, show, television","broadcast, series, show, television",19.0,wikipedia,84,525,3,4.0,52.475
"This is particularly true of performances of musical artists on radio when they visit for an in-studio concert performance. Similar situations have occurred in television production ("" The Cosby Show is recorded in front of a live television studio audience "") and news broadcasting .",entertainment,primary,television,,,Broadcasting,"artist, audience, music, performance, show, television","broadcast, show, television",18.5,wikipedia,45,284,3,6.0,54.716
"Many events are advertised as being live, although they are often recorded live (sometimes called "" live -to- tape ""). This is particularly true of performances of musical artists on radio when they visit for an in-studio concert performance. Similar situations have occurred in television production ("" The Cosby Show is recorded in front of a live television studio audience "") and news broadcasting .",entertainment,primary,television,,,Broadcasting,"artist, audience, music, performance, show, television","broadcast, show, television",18.5,wikipedia,65,403,3,6.0,54.597
"Variety shows feature a range of musical performers and other entertainers, such as comedians and magicians, introduced by a host or Master of Ceremonies . There is some crossover between some talk shows and variety shows, as talk shows often feature performances by bands, singers, comedians, and other performers in between the interview segments. Reality television series feature ""regular"" people (i.e., not actors) facing unusual challenges or experiences ranging from arrest by police officers ( COPS ) to significant weight loss ( The Biggest Loser ).",entertainment,primary,television,,,Television,"actor, music, performance, series, show, television","series, show, television",18.5,wikipedia,86,558,3,2.5,49.192
"A regularly recurring show is called a television series, and an individual segment of such a series is called an episode. Content is produced either in-house on a television stage with multiple cameras or produced by contract with film production companies.",entertainment,primary,television,,,Television_show,"film, series, show, television","episode, series, show, television",18.0,wikipedia,41,258,3,6.0,53.742
"A television series' first episode often originates as a pilot, a standalone episode that is used to sell the show to a television network . At the time of its creation, the pilot is meant to be the testing ground to gauge whether a series will be successful.",entertainment,primary,television,,,Series_premiere,"series, show, television","episode, series, show, television",18.0,wikipedia,48,259,3,6.0,53.741
"Since at least the 2000s, new broadcast television series are often ordered (funded) for just the first 10 to 13 episodes, to gauge audience interest. If a series is popular, the network places a ""back nine order"" and the season is completed to the regular 20 to 26 episodes.",entertainment,primary,television,,,Television_show,"audience, series, television","broadcast, episode, series, television",18.0,wikipedia,49,275,3,6.0,53.725
"British television programmes have tended toward shorter series in recent years. For 1985 fewer but longer episodes were shown, but even after a return to shorter episodes in 1986, lack of support within the BBC meant fewer episodes were commissioned leading to only fourteen 25‑minute episodes up to those in 1989 after which it was cancelled.",entertainment,primary,television,,,Television_show,"series, show, television","episode, series, show, television",18.0,wikipedia,56,344,3,6.0,53.656
"A television series' first episode often originates as a pilot, a standalone episode that is used to sell the show to a television network . At the time of its creation, the pilot is meant to be the testing ground to gauge whether a series will be successful. As such, ""Pilot"" is overwhelmingly the most common title used for a series premiere.",entertainment,primary,television,,,Series_premiere,"series, show, television","episode, series, show, television",18.0,wikipedia,62,344,3,6.0,53.656
"The production company is often separate from the broadcaster. The executive producer , often the show's creator, is in charge of running the show. They pick the crew and help cast the actors, approve and sometimes write series plots—some even write or direct major episodes—while various other producers help to ensure that the show runs smoothly.",entertainment,primary,television,,,Television_show,"actor, series, show","broadcast, episode, series, show",18.0,wikipedia,56,348,3,6.0,53.652
"Some film directors started as screenwriters , cinematographers , producers , film editors or actors. Some outline a general plotline and let the actors improvise dialogue, while others control every aspect and demand that the actors and crew follow instructions precisely. Some directors also write their own screenplays or collaborate on screenplays with long-standing writing partners.",entertainment,primary,film,,,Film_director,"actor, cinema, film","cinema, director, film, screenplay",18.0,wikipedia,56,388,3,6.0,53.612
"The first television shows were experimental, sporadic broadcasts viewable only within a very short range from the broadcast tower starting in the 1930s. The 1947 World Series inspired many Americans to buy their first television set, and then in 1948, the popular radio show Texaco Star Theater made the move and became the first weekly televised variety show , earning host Milton Berle the name ""Mr.",entertainment,primary,television,,,Television_show,"series, show, television","broadcast, series, show, television",18.0,wikipedia,66,402,3,6.0,53.598
"Since at least the 2000s, new broadcast television series are often ordered (funded) for just the first 10 to 13 episodes, to gauge audience interest. If a series is popular, the network places a ""back nine order"" and the season is completed to the regular 20 to 26 episodes. An established series that is already popular, however, will typically receive an immediate full-season order at the outset of the season.",entertainment,primary,television,,,Television_show,"audience, series, television","broadcast, episode, series, television",18.0,wikipedia,70,414,3,6.0,53.586
"The production company is often separate from the broadcaster. The executive producer , often the show's creator, is in charge of running the show. They pick the crew and help cast the actors, approve and sometimes write series plots—some even write or direct major episodes—while various other producers help to ensure that the show runs smoothly. Very occasionally, the executive producer will cast themselves in the show.",entertainment,primary,television,,,Television_show,"actor, series, show","broadcast, episode, series, show",18.0,wikipedia,67,424,3,5.0,52.076
"British television programmes have tended toward shorter series in recent years. For 1985 fewer but longer episodes were shown, but even after a return to shorter episodes in 1986, lack of support within the BBC meant fewer episodes were commissioned leading to only fourteen 25‑minute episodes up to those in 1989 after which it was cancelled. The revival of Doctor Who from 2005 has comprised thirteen 45‑minute installments.",entertainment,primary,television,,,Television_show,"series, show, television","episode, series, show, television",18.0,wikipedia,68,427,3,5.0,52.073
"There are many pathways to becoming a film director. Some film directors started as screenwriters , cinematographers , producers , film editors or actors. Some outline a general plotline and let the actors improvise dialogue, while others control every aspect and demand that the actors and crew follow instructions precisely. Some directors also write their own screenplays or collaborate on screenplays with long-standing writing partners.",entertainment,primary,film,,,Film_director,"actor, cinema, film","cinema, director, film, screenplay",18.0,wikipedia,65,441,3,5.0,52.059
"In Canada, the commercial networks air most American programming in tandem with the American television season, but their original Canadian shows follow a model closer to British than American television production. Due to the smaller production budgets available in Canada, a Canadian show's season normally runs to a maximum of 13 episodes rather than 20 or more, although an exceptionally popular series such as Corner Gas or Murdoch Mysteries might receive 20-episode orders in later seasons.",entertainment,primary,television,,,Television_show,"series, show, television","episode, series, show, television",18.0,wikipedia,76,496,3,4.0,50.504
"Film or movie, a series of still images that create the illusion of moving image Film industry , the technological and commercial institutions of filmmaking Filmmaking , the process of making a film Movie theater (US), called a cinema elsewhere, a building in which films are shown",entertainment,primary,film,,,Cinema,"cinema, film, movie, series, show","cinema, film, movie",17.5,wikipedia,47,281,3,6.0,52.719
"There is some crossover between some talk shows and variety shows, as talk shows often feature performances by bands, singers, comedians, and other performers in between the interview segments. Reality television series feature ""regular"" people (i.e., not actors) facing unusual challenges or experiences ranging from arrest by police officers ( COPS ) to significant weight loss ( The Biggest Loser ).",entertainment,primary,television,,,Television,"actor, performance, series, show, television","series, show, television",17.5,wikipedia,61,402,3,6.0,52.598
"This generally excludes breaking news or advertisements that are aired between shows or between segments of a show. A regularly recurring show is called a television series, and an individual segment of such a series is called an episode.",entertainment,primary,television,,,Television_show,"series, show, television","episode, series, show, television",17.0,wikipedia,39,238,3,6.0,51.762
"Content is produced either in-house on a television stage with multiple cameras or produced by contract with film production companies. Episodes are usually broadcast in annual sets, which are called seasons in North America and series in other regions.",entertainment,primary,television,,,Television_show,"film, series, television","broadcast, episode, series, television",17.0,wikipedia,39,253,3,6.0,51.747
"The episode runtime of television shows produced for streaming platforms , such as Netflix and Hulu , can vary from just under 30 minutes to over one hour long. Internet-based series with episode runtimes of less than 25 minutes are considered web series .",entertainment,primary,television,,,Television_show,"series, show, television","episode, series, show, television",17.0,wikipedia,44,256,3,6.0,51.744
"The history of music and dance date to pre-historic times whereas circus skills date to at least Ancient Egypt . Performance can be in purpose-built buildings, such as theatres and opera houses; on open air stages at festivals; on stages in tents, as in circuses; or on the street.",entertainment,primary,performing_arts,,,Performing_arts,"music, performance","dance, performance, stage, theatre",17.0,wikipedia,49,281,3,6.0,51.719
"For the Canadian supernatural drama Lost Girl , the pilot that sold the series to Showcase , "" Vexed "", was used as the eighth episode of the first series. In the case of Firefly , the original pilot (""Serenity"") was intended to serve as the series premiere but was rejected by the network, and a new first episode, ""Train Job"", was shot specifically for broadcast.",entertainment,primary,television,,,Series_premiere,"series, show","broadcast, episode, series, show",17.0,wikipedia,66,365,3,6.0,51.635
"Theatrical dance, also called performance or concert dance , is intended primarily as a spectacle, usually a performance upon a stage by virtuoso dancers. It often tells a story , potentially using mime , costume and scenery , or it may interpret the musical accompaniment , which is often specially composed and performed in a theatre setting but it is not a requirement.",entertainment,primary,performing_arts,,,Dance,"music, performance","dance, performance, stage, theatre",17.0,wikipedia,63,372,3,6.0,51.628
"Theatre , music, gymnastics, object manipulation , and other kinds of performances are present in all human cultures. The history of music and dance date to pre-historic times whereas circus skills date to at least Ancient Egypt . Performance can be in purpose-built buildings, such as theatres and opera houses; on open air stages at festivals; on stages in tents, as in circuses; or on the street.",entertainment,primary,performing_arts,,,Performing_arts,"music, performance","dance, performance, stage, theatre",17.0,wikipedia,67,399,3,6.0,51.601
"Due to this, the episodes could be broadcast in any order. Since the 1980s, many series feature progressive change in the plot, the characters, or both. Elsewhere were two of the first US prime time drama television series to have this kind of dramatic structure, while the later series Babylon 5 further exemplifies such structure in that it had a predetermined story running over its intended five-season run.",entertainment,primary,television,,,Television_show,"series, television","broadcast, episode, series, television",17.0,wikipedia,68,411,3,6.0,51.589
"Before the 1980s, shows (except for soap opera -type serials ) typically remained static without story arcs , and the main characters and premise changed little. If some change happened to the characters' lives during the episode , it was usually undone by the end. Due to this, the episodes could be broadcast in any order. Since the 1980s, many series feature progressive change in the plot, the characters, or both.",entertainment,primary,television,,,Television_show,"series, show","broadcast, episode, series, show",17.0,wikipedia,71,418,3,5.0,50.082
"In US usage, one talks of a screening or projection of a movie or video on a screen at a public or private theater . In British English, a film showing happens at a cinema (never a theatre , which is a different medium and place altogether).",entertainment,primary,film,,,Film,"cinema, film, movie, show","cinema, film, movie",16.5,wikipedia,47,241,3,6.0,50.759
"It may be topical (as in the case of a local newscast and some made-for-television films), or historical (as in the case of many documentaries and fictional series). They could be primarily instructional , educational , or entertaining, as is the case in situation comedy and game shows .",entertainment,primary,television,,,Television_show,"film, series, show, television","series, show, television",16.5,wikipedia,49,288,3,6.0,50.712
"A show may be fictional (as in comedies , animations and dramas ), or non-fictional (as in documentary , news , and reality television ). It may be topical (as in the case of a local newscast and some made-for-television films), or historical (as in the case of many documentaries and fictional series).",entertainment,primary,television,,,Television_show,"film, series, show, television","series, show, television",16.5,wikipedia,53,303,3,6.0,50.697
"Revenue in the industry is sometimes volatile due to the reliance on blockbuster films released in movie theaters . The rise of alternative home entertainment has raised questions about the future of the cinema industry, and Hollywood employment has become less reliable, particularly for medium and low-budget films.",entertainment,primary,film,,,Film,"cinema, entertainment, film, movie","cinema, film, movie",16.5,wikipedia,48,317,3,6.0,50.683
"One might propose going to the cinema when referring to the activity, or sometimes to the pictures in British English, whereas the US expression is usually going to the movies . A cinema usually shows a mass-marketed movie using a front-projection screen process with either a film projector or, more recently, with a digital projector.",entertainment,primary,film,,,Film,"cinema, film, movie, show","cinema, film, movie",16.5,wikipedia,55,336,3,6.0,50.664
"The word talkies refers to the earliest sound films created to have audible dialogue recorded for playback along with the film, regardless of a musical accompaniment. Cinema either broadly encompasses both films and movies, or it is roughly synonymous with film and theatrical exhibition, and both are capitalized when referring to a category of art.",entertainment,primary,film,,,Film,"cinema, film, movie, music","cinema, film, movie",16.5,wikipedia,55,350,3,6.0,50.65
"The 1947 World Series inspired many Americans to buy their first television set, and then in 1948, the popular radio show Texaco Star Theater made the move and became the first weekly televised variety show , earning host Milton Berle the name ""Mr. Television"", and demonstrating that the medium was a stable, modern form of entertainment that could attract advertisers .",entertainment,primary,television,,,Television_show,"entertainment, series, show, television","series, show, television",16.5,wikipedia,61,371,3,6.0,50.629
"Reality television series feature ""regular"" people (i.e., not actors) facing unusual challenges or experiences ranging from arrest by police officers ( COPS ) to significant weight loss ( The Biggest Loser ). A derived version of reality shows depicts celebrities doing mundane activities such as going about their everyday life ( The Osbournes ) or doing regular jobs ( The Simple Life ).",entertainment,primary,television,,,Television,"actor, series, show, television","series, show, television",16.5,wikipedia,63,389,3,6.0,50.611
"There is also a large industry for educational and instructional films made in lieu of or in addition to lectures and texts. Revenue in the industry is sometimes volatile due to the reliance on blockbuster films released in movie theaters . The rise of alternative home entertainment has raised questions about the future of the cinema industry, and Hollywood employment has become less reliable, particularly for medium and low-budget films.",entertainment,primary,film,,,Film,"cinema, entertainment, film, movie","cinema, film, movie",16.5,wikipedia,70,442,3,5.0,49.058
"Some film directors started as screenwriters , film editors , producers , actors , or film critics , as well as directing for similar media like television and commercials. Several American cinematographers have become directors, including Barry Sonnenfeld , originally the Coen brothers' Director of Photography; Wally Pfister , cinematographer on Christopher Nolan 's three Batman films made his directorial debut with Transcendence (2014).",entertainment,primary,film,,,Film_director,"actor, cinema, film, television","cinema, director, film",16.5,wikipedia,64,442,3,5.0,49.058
"They pick the crew and help cast the actors, approve and sometimes write series plots—some even write or direct major episodes—while various other producers help to ensure that the show runs smoothly. Very occasionally, the executive producer will cast themselves in the show. As with filmmaking or other electronic media production, producing of an individual episode can be divided into three parts: pre-production , principal photography , and post-production .",entertainment,primary,television,,,Television_show,"actor, film, series, show","episode, series, show",16.5,wikipedia,70,464,3,5.0,49.036
"Performing arts may include dance, music, opera, theatre and musical theatre, magic , illusion , mime , spoken word , puppetry , circus arts , stand-up comedy , improv , professional wrestling and performance art .",entertainment,primary,performing_arts,,,Performing_arts,"music, performance","comedy, dance, performance, theatre",16.0,wikipedia,36,214,3,6.0,49.786
"A music producer plays a crucial role in shaping the sound of an album or song, overseeing the recording process, and guiding the overall creative direction. They often collaborate closely with artists, musicians, sound engineers, and other industry professionals.",entertainment,primary,music,,,Musician,"artist, music","album, music, musician, song",16.0,wikipedia,39,264,3,6.0,49.736
"According to the United States Employment Service , ""musician"" is a general term used to designate a person who follows music as a profession . Musicians include songwriters , who write both music and lyrics for songs ; conductors, who direct a musical performance; and performers, who perform for an audience.",entertainment,primary,music,,,Musician,"audience, music, performance","music, musician, song",15.8,wikipedia,51,310,3,6.0,49.29
"Many film directors have attended a film school to get a bachelor's degree studying film or cinema. Film students generally study the basic skills used in making a film. This includes, for example, preparation, shot lists and storyboards, blocking, communicating with professional actors, communicating with the crew, and reading scripts.",entertainment,primary,film,,,Film_director,"actor, cinema, film","cinema, director, film",15.8,wikipedia,50,338,3,6.0,49.262
"Fictional television programs that some television scholars and broadcasting advocacy groups argue are "" quality television "", include series such as Twin Peaks and The Sopranos . Kristin Thompson argues that some of these television series exhibit traits also found in art films , such as psychological realism, narrative complexity, and ambiguous plotlines.",entertainment,primary,television,,,Television,"film, series, television","broadcast, series, television",15.8,wikipedia,53,359,3,6.0,49.241
"A musician is someone who composes , conducts , or performs music . According to the United States Employment Service , ""musician"" is a general term used to designate a person who follows music as a profession . Musicians include songwriters , who write both music and lyrics for songs ; conductors, who direct a musical performance; and performers, who perform for an audience.",entertainment,primary,music,,,Musician,"audience, music, performance","music, musician, song",15.8,wikipedia,64,378,3,6.0,49.222
"Many film directors have attended a film school to get a bachelor's degree studying film or cinema. Film students generally study the basic skills used in making a film. This includes, for example, preparation, shot lists and storyboards, blocking, communicating with professional actors, communicating with the crew, and reading scripts. Some film schools are equipped with sound stages and post-production facilities.",entertainment,primary,film,,,Film_director,"actor, cinema, film","cinema, director, film",15.8,wikipedia,61,419,3,6.0,49.181000000000004
"A cinema usually shows a mass-marketed movie using a front-projection screen process with either a film projector or, more recently, with a digital projector. Due to the advent of digital film production and distribution , physical film might be absent entirely.",entertainment,primary,film,,,Film,"cinema, film, movie, show","cinema, film, movie",15.5,wikipedia,41,262,3,6.0,48.738
"The executive producer , often the show's creator, is in charge of running the show. They pick the crew and help cast the actors, approve and sometimes write series plots—some even write or direct major episodes—while various other producers help to ensure that the show runs smoothly.",entertainment,primary,television,,,Television_show,"actor, series, show","episode, series, show",15.5,wikipedia,47,285,3,6.0,48.715
"A midseason replacement is a less-expensive short-run show of generally 10 to 13 episodes designed to take the place of an original series that failed to garner an audience and has not been picked up. A ""series finale"" is the last show of the series before the show is no longer produced.",entertainment,primary,television,,,Television_show,"audience, series, show","episode, series, show",15.5,wikipedia,52,288,3,6.0,48.712
"The first version of such a television to show promise was produced by Philo Farnsworth and demonstrated to his family on 7 September 1927. After World War II , interrupted experiments resumed and television became an important home entertainment broadcast medium, using VHF and UHF spectrum.",entertainment,primary,television,,,Broadcasting,"entertainment, show, television","broadcast, show, television",15.5,wikipedia,46,292,3,6.0,48.708
"Broadcast programming, or TV listings in the United Kingdom, is the practice of organizing television programs in a schedule, with broadcast automation used to regularly change the scheduling of TV programs to build an audience for a new show, retain that audience, or compete with other broadcasters' programs.",entertainment,primary,television,,,Television,"audience, show, television","broadcast, show, television",15.5,wikipedia,48,311,3,6.0,48.689
"In Australia, many locally produced shows are termed differently on home video releases. For example, a set of the television drama series Packed to the Rafters or Wentworth is referred to as ""season"" (""The Complete First Season"", etc.), whereas drama series such as Tangle are known as a ""series"" (""Series 1"", etc.).",entertainment,primary,television,,,Television_show,"series, show, television","series, show, television",15.5,wikipedia,52,317,3,6.0,48.683
"Musicians include songwriters , who write both music and lyrics for songs ; conductors, who direct a musical performance; and performers, who perform for an audience. A music performer is generally either a singer (also known as a vocalist), who provides vocals, or an instrumentalist, who plays a musical instrument .",entertainment,primary,music,,,Musician,"audience, music, performance","music, musician, song",15.5,wikipedia,51,318,3,6.0,48.682
"There are many pathways to becoming a film director. Some film directors started as screenwriters , cinematographers , producers , film editors or actors. Some outline a general plotline and let the actors improvise dialogue, while others control every aspect and demand that the actors and crew follow instructions precisely.",entertainment,primary,film,,,Film_director,"actor, cinema, film","cinema, director, film",15.5,wikipedia,50,326,3,6.0,48.674
"Cinema either broadly encompasses both films and movies, or it is roughly synonymous with film and theatrical exhibition, and both are capitalized when referring to a category of art. The silver screen refers to the projection screen used to exhibit films and, by extension, is also used as a metonym for the entire film industry.",entertainment,primary,film,,,Film,"cinema, film, movie","cinema, film, movie",15.5,wikipedia,55,330,3,6.0,48.67
"A film director's task is to envisage a way to translate a screenplay into a fully formed film, and then to realize this vision. To do this, they oversee the artistic and technical elements of film production. This entails organizing the film crew in such a way to achieve their vision of the film and communicating with the actors.",entertainment,primary,film,,,Film_director,"actor, artist, film","director, film, screenplay",15.5,wikipedia,59,332,3,6.0,48.668
"An established series that is already popular, however, will typically receive an immediate full-season order at the outset of the season. A midseason replacement is a less-expensive short-run show of generally 10 to 13 episodes designed to take the place of an original series that failed to garner an audience and has not been picked up.",entertainment,primary,television,,,Television_show,"audience, series, show","episode, series, show",15.5,wikipedia,56,339,3,6.0,48.661
"The second year comprises preproduction and production . The bigger the production, the more resources it takes, and the more important financing becomes; most feature films are artistic works from the creators' perspective (e.g., film director , cinematographer , screenwriter ) and for-profit business entities for the production companies.",entertainment,primary,film,,,Film,"artist, cinema, film","cinema, director, film",15.5,wikipedia,49,342,3,6.0,48.658
"Theatre or theater is a collaborative form of performing art that uses live performers, usually actors , to present experiences of a real or imagined event before a live audience in a specific place, often a stage . The performers may communicate this experience to the audience through combinations of gesture , speech , song , music , and dance .",entertainment,primary,performing_arts,,,Theatre,"actor, audience, music","dance, stage, theatre",15.5,wikipedia,61,348,3,6.0,48.652
"Allmovie – Information on films: actors, directors, biographies, reviews, cast and production credits, box office sales, and other movie data. Rottentomatoes.com – Movie reviews, previews, forums, photos, cast info, and more. IMDb : The Internet Movie Database – Information on current and historical films and cast listings (archived 22 January 1997)",entertainment,primary,film,,,Film,"actor, film, movie","director, film, movie",15.5,wikipedia,51,351,3,6.0,48.649
"Drama is the specific mode of fiction represented in performance . The term comes from a Greek word meaning "" action "", which is derived from the verb δράω, dráō , ""to do"" or ""to act"". The enactment of drama in theatre, performed by actors on a stage before an audience , presupposes collaborative modes of production and a collective form of reception.",entertainment,primary,performing_arts,,,Theatre,"actor, audience, performance","performance, stage, theatre",15.5,wikipedia,63,353,3,6.0,48.647
"The addition of color to broadcast television after 1953 further increased the popularity of television sets, and an outdoor antenna became a common feature of suburban homes. The ubiquitous television set became the display device for recorded media in the 1970s, such as Betamax and VHS , which enabled viewers to record TV shows and watch prerecorded movies.",entertainment,primary,television,,,Television,"movie, show, television","broadcast, show, television",15.5,wikipedia,58,361,3,6.0,48.639
"The executive producer , often the show's creator, is in charge of running the show. They pick the crew and help cast the actors, approve and sometimes write series plots—some even write or direct major episodes—while various other producers help to ensure that the show runs smoothly. Very occasionally, the executive producer will cast themselves in the show.",entertainment,primary,television,,,Television_show,"actor, series, show","episode, series, show",15.5,wikipedia,58,361,3,6.0,48.639
"A film director or filmmaker is a person who controls a film 's artistic and dramatic aspects and visualizes the screenplay (or script) while guiding the film crew and actors in the fulfillment of that vision . The director has a key role in choosing the cast members , production design and all the creative aspects of filmmaking in cooperation with the producer .",entertainment,primary,film,,,Film_director,"actor, artist, film","director, film, screenplay",15.5,wikipedia,64,365,3,6.0,48.635
"Cinema usually refers to an arena designed specifically to exhibit films, where the screen is affixed to a wall, while theatre usually refers to a place where live, non-recorded action or combination thereof occurs from a podium or other type of stage, including the amphitheatre. Theatres can still screen movies in them, though the theatre would be retrofitted to do so.",entertainment,primary,film,,,Film,"cinema, film, movie","cinema, film, movie",15.5,wikipedia,61,372,3,6.0,48.628
"Climate change can be mitigated by reducing the rate at which greenhouse gases are emitted into the atmosphere, and by increasing the rate at which carbon dioxide is removed from the atmosphere. To limit global warming to less than 2 °C global greenhouse gas emissions need to be net-zero by 2070.",environment_climate,primary,climate_change,,,Climate_change,"carbon, climate, emissions, greenhouse gas, warming","climate change, global warming, greenhouse gas",17.5,wikipedia,51,297,3,6.0,52.703
"Climate change can be mitigated by reducing the rate at which greenhouse gases are emitted into the atmosphere, and by increasing the rate at which carbon dioxide is removed from the atmosphere. To limit global warming to less than 2 °C global greenhouse gas emissions need to be net-zero by 2070. This requires far-reaching, systemic changes on an unprecedented scale in energy, land, cities, transport, buildings, and industry.",environment_climate,primary,climate_change,,,Climate_change,"carbon, climate, emissions, greenhouse gas, warming","climate change, global warming, greenhouse gas",17.5,wikipedia,68,429,3,5.0,51.071
"Protected areas are often implemented for biodiversity conservation , providing habitat and protection from hunting for threatened and endangered species . Protection helps maintain ecological processes that cannot survive in most intensely managed landscapes and seascapes. Indigenous peoples and local communities frequently criticize this method of fortress conservation for the generally violent processes by which the regulations of the areas are enforced.",environment_climate,primary,conservation,,,Protected_area,"biodiversity, conservation","biodiversity, conservation, endangered, protected area",17.0,wikipedia,62,461,3,5.0,50.039
"Many sources of pollution were unregulated parts of industrialization during the 19th and 20th centuries until the emergence of environmental regulation and pollution policy in the later half of the 20th century. Sites where historically polluting industries released persistent pollutants may have legacy pollution long after the source of the pollution is stopped. Major forms of pollution include air pollution , water pollution , litter , noise pollution , plastic pollution , soil contamination , radioactive contamination , thermal pollution , light pollution , and visual pollution .",environment_climate,primary,pollution,,,Pollution,"environment, pollution","air pollution, contamination, pollution, water pollution",17.0,wikipedia,88,590,3,2.5,46.16
"In 2022, the Intergovernmental Panel on Climate Change (IPCC) released its Sixth Assessment Report on climate change. It warned that greenhouse gas emissions must peak before 2025 at the latest and decline 43% by 2030 to have a good chance of limiting global warming to 1.5 °C (2.7 °F).",environment_climate,primary,climate_change,,,Greenhouse_gas,"climate, emissions, greenhouse gas, warming","climate change, global warming, greenhouse gas",16.5,wikipedia,49,286,3,6.0,50.714
"Before the 1980s, it was unclear whether the warming effect of increased greenhouse gases was stronger than the cooling effect of airborne particulates in air pollution. Scientists used the term inadvertent climate modification to refer to human impacts on the climate at this time. In the 1980s, the terms global warming and climate change became more common, often being used interchangeably.",environment_climate,primary,climate_change,,,Climate_change,"climate, greenhouse gas, pollution, warming","climate change, global warming, greenhouse gas",16.5,wikipedia,61,394,3,6.0,50.606
"In 2022, the Intergovernmental Panel on Climate Change (IPCC) released its Sixth Assessment Report on climate change. It warned that greenhouse gas emissions must peak before 2025 at the latest and decline 43% by 2030 to have a good chance of limiting global warming to 1.5 °C (2.7 °F). Or in the words of Secretary-General of the United Nations António Guterres : ""Main emitters must drastically cut emissions starting this year"".",environment_climate,primary,climate_change,,,Greenhouse_gas,"climate, emissions, greenhouse gas, warming","climate change, global warming, greenhouse gas",16.5,wikipedia,71,431,3,4.0,47.569
"Environmental factors can contribute to habitat destruction more indirectly. Geological processes, climate change , introduction of invasive species , ecosystem nutrient depletion , water and noise pollution are some examples. Loss of habitat can be preceded by an initial habitat fragmentation . Fragmentation and loss of habitat have become one of the most important topics of research in ecology as they are major threats to the survival of endangered species .",environment_climate,primary,ecology,,,Habitat,"climate, ecosystem, environment, pollution","ecology, ecosystem, habitat",16.5,wikipedia,71,464,3,4.0,47.536
"Carbon dioxide levels are now higher than they have been for three million years. The 2023 annual update of key indicators reveals that human-induced temperature rise, greenhouse gas concentrations, and the Earth's energy imbalance have all reached new records. If current emission rates continue, then global warming will surpass 2.0 °C (3.6 °F) sometime between 2040 and 2070. This is a level which the Intergovernmental Panel on Climate Change (IPCC) says is ""dangerous"".",environment_climate,primary,climate_change,,,Greenhouse_gas,"carbon, climate, greenhouse gas, warming","climate change, global warming, greenhouse gas",16.5,wikipedia,73,474,3,4.0,47.526
"Protected areas are often implemented for biodiversity conservation , providing habitat and protection from hunting for threatened and endangered species . Protection helps maintain ecological processes that cannot survive in most intensely managed landscapes and seascapes.",environment_climate,primary,conservation,,,Protected_area,"biodiversity, conservation","biodiversity, conservation, endangered, protected area",16.0,wikipedia,36,274,3,6.0,49.726
"Because many pollutants have transboundary impacts, the UN and other treaty bodies have been used to regulate pollutants that circulate as air pollution , water pollution or trade in wastes . Governments, NPOs , research groups, and citizen scientists monitor pollution with an expanding list of low-cost pollution monitoring tools.",environment_climate,primary,pollution,,,Pollution,pollution,"air pollution, pollution, waste, water pollution",16.0,wikipedia,50,332,3,6.0,49.668
"Groundwater pollution can occur from on-site sanitation systems, landfill leachate, effluent from wastewater treatment plants , leaking sewers, petrol filling stations , hydraulic fracturing (fracking), or from over application of fertilizers in agriculture . Pollution (or contamination) can also occur from naturally occurring contaminants, such as arsenic or fluoride .",environment_climate,primary,pollution,,,Water_pollution,pollution,"contamination, pollution, waste, water pollution",16.0,wikipedia,50,372,3,6.0,49.628
"Sites where historically polluting industries released persistent pollutants may have legacy pollution long after the source of the pollution is stopped. Major forms of pollution include air pollution , water pollution , litter , noise pollution , plastic pollution , soil contamination , radioactive contamination , thermal pollution , light pollution , and visual pollution .",environment_climate,primary,pollution,,,Pollution,pollution,"air pollution, contamination, pollution, water pollution",16.0,wikipedia,56,377,3,6.0,49.623
"Groundwater pollution can occur from on-site sanitation systems, landfill leachate, effluent from wastewater treatment plants , leaking sewers, petrol filling stations , hydraulic fracturing (fracking), or from over application of fertilizers in agriculture . Pollution (or contamination) can also occur from naturally occurring contaminants, such as arsenic or fluoride . Using polluted groundwater causes hazards to public health through poisoning or the spread of disease ( water-borne diseases ).",environment_climate,primary,pollution,,,Water_pollution,pollution,"contamination, pollution, waste, water pollution",16.0,wikipedia,69,500,3,5.0,48.0
"This type of water pollution can also occur naturally due to the presence of a minor and unwanted constituent, contaminant, or impurity in the groundwater, in which case it is more likely referred to as contamination rather than pollution . Groundwater pollution can occur from on-site sanitation systems, landfill leachate, effluent from wastewater treatment plants , leaking sewers, petrol filling stations , hydraulic fracturing (fracking), or from over application of fertilizers in agriculture .",environment_climate,primary,pollution,,,Water_pollution,pollution,"contamination, pollution, waste, water pollution",16.0,wikipedia,74,500,3,4.0,46.5
"Indoor air pollution is often from burning firewood or agricultural waste for cooking and heating. Other sources of air pollution include dust storms and volcanic eruptions . Many sources of local air pollution, especially burning fossil fuels, also release greenhouse gases that cause global warming .",environment_climate,primary,pollution,,,Air_pollution,"greenhouse gas, pollution, warming","air pollution, pollution, waste",15.5,wikipedia,46,302,3,6.0,48.698
"As of the year 2017, China has nearly 10,000 to 12,000 protected areas , 80% of which are nature reserves aiming to foster biodiversity conservation. These newly implemented reserves safeguard a range of ecosystems, from tropical forests to marine habitats. These protected areas encompass nearly 20% of China's land area.",environment_climate,primary,conservation,,,Protected_area,"biodiversity, conservation, ecosystem","biodiversity, conservation, protected area",15.5,wikipedia,50,322,3,6.0,48.678
"China, a megadiverse country , has begun implementing various protected areas in recent years. As of the year 2017, China has nearly 10,000 to 12,000 protected areas , 80% of which are nature reserves aiming to foster biodiversity conservation. These newly implemented reserves safeguard a range of ecosystems, from tropical forests to marine habitats.",environment_climate,primary,conservation,,,Protected_area,"biodiversity, conservation, ecosystem","biodiversity, conservation, protected area",15.5,wikipedia,54,352,3,6.0,48.648
"Geological processes, climate change , introduction of invasive species , ecosystem nutrient depletion , water and noise pollution are some examples. Loss of habitat can be preceded by an initial habitat fragmentation . Fragmentation and loss of habitat have become one of the most important topics of research in ecology as they are major threats to the survival of endangered species .",environment_climate,primary,ecology,,,Habitat,"climate, ecosystem, pollution","ecology, ecosystem, habitat",15.5,wikipedia,62,387,3,6.0,48.613
"The 2023 annual update of key indicators reveals that human-induced temperature rise, greenhouse gas concentrations, and the Earth's energy imbalance have all reached new records. If current emission rates continue, then global warming will surpass 2.0 °C (3.6 °F) sometime between 2040 and 2070. This is a level which the Intergovernmental Panel on Climate Change (IPCC) says is ""dangerous"".",environment_climate,primary,climate_change,,,Greenhouse_gas,"climate, greenhouse gas, warming","climate change, global warming, greenhouse gas",15.5,wikipedia,59,392,3,6.0,48.608
"These areas are selected by governments or private organizations to protect natural biodiversity along with its underlying ecological structure and supporting environmental processes, and to promote education and recreation. The International Union for Conservation of Nature (IUCN), and its World Commission on Protected Areas (WCPA), has defined ""National Park"" as its Category II type of protected areas.",environment_climate,primary,conservation,,,Biodiversity,"biodiversity, conservation, environment","biodiversity, conservation, protected area",15.5,wikipedia,57,407,3,6.0,48.593
"China, a megadiverse country , has begun implementing various protected areas in recent years. As of the year 2017, China has nearly 10,000 to 12,000 protected areas , 80% of which are nature reserves aiming to foster biodiversity conservation. These newly implemented reserves safeguard a range of ecosystems, from tropical forests to marine habitats. These protected areas encompass nearly 20% of China's land area.",environment_climate,primary,conservation,,,Protected_area,"biodiversity, conservation, ecosystem","biodiversity, conservation, protected area",15.5,wikipedia,64,417,3,6.0,48.583
"Outdoor air pollution comes from burning fossil fuels for electricity and transport , wildfires , some industrial processes, waste management, demolition and agriculture. Indoor air pollution is often from burning firewood or agricultural waste for cooking and heating. Other sources of air pollution include dust storms and volcanic eruptions . Many sources of local air pollution, especially burning fossil fuels, also release greenhouse gases that cause global warming .",environment_climate,primary,pollution,,,Air_pollution,"greenhouse gas, pollution, warming","air pollution, pollution, waste",15.5,wikipedia,69,473,3,5.0,47.027
"Conservation biology is tied closely to ecology in researching the population ecology ( dispersal , migration , demographics , effective population size , inbreeding depression , and minimum population viability ) of rare or endangered species . Conservation biology is concerned with phenomena that affect the maintenance, loss, and restoration of biodiversity and the science of sustaining evolutionary processes that engender genetic , population , species , and ecosystem diversity.",environment_climate,primary,conservation,,,Conservation_biology,"biodiversity, conservation, ecosystem","biodiversity, conservation, endangered",15.5,wikipedia,70,486,3,5.0,47.014
"More than the dramatic rates of species loss, however, conservation scientists note that the sixth mass extinction is a biodiversity crisis requiring far more action than a priority focus on rare , endemic or endangered species . Concerns for biodiversity loss covers a broader conservation mandate that looks at ecological processes , such as migration, and a holistic examination of biodiversity at levels beyond the species, including genetic, population and ecosystem diversity.",environment_climate,primary,conservation,,,Conservation_biology,"biodiversity, conservation, ecosystem","biodiversity, conservation, endangered",15.5,wikipedia,72,482,3,4.0,45.518
"Present-day climate change includes both global warming —the ongoing increase in global average temperature —and its wider effects on Earth's climate system . Climate change in a broader sense also includes previous long-term changes to Earth's climate . The modern-day rise in global temperatures is driven by human activities , especially fossil fuel ( coal , oil and natural gas ) burning since the Industrial Revolution . Fossil fuel use, deforestation , and some agricultural and industrial practices release greenhouse gases .",environment_climate,primary,climate_change,,,Climate_change,"climate, greenhouse gas, warming","climate change, global warming, greenhouse gas",15.5,wikipedia,82,532,3,4.0,45.468
"The remaining carbon budget for staying beneath certain temperature increases is determined by modelling the carbon cycle and climate sensitivity to greenhouse gases. According to UNEP , global warming can be kept below 2.0 °C with a 50% chance if emissions after 2023 do not exceed 900 gigatonnes of CO 2 .",environment_climate,primary,climate_change,,,Climate_change,"carbon, climate, emissions, greenhouse gas, warming","global warming, greenhouse gas",15.3,wikipedia,52,307,3,6.0,48.293
"The remaining carbon budget for staying beneath certain temperature increases is determined by modelling the carbon cycle and climate sensitivity to greenhouse gases. According to UNEP , global warming can be kept below 2.0 °C with a 50% chance if emissions after 2023 do not exceed 900 gigatonnes of CO 2 . This carbon budget corresponds to around 16 years of current emissions.",environment_climate,primary,climate_change,,,Climate_change,"carbon, climate, emissions, greenhouse gas, warming","global warming, greenhouse gas",15.3,wikipedia,63,379,3,6.0,48.221000000000004
"Ending these can cause a 28% reduction in global carbon emissions and a 46% reduction in air pollution deaths. Money saved on fossil subsidies could be used to support the transition to clean energy instead. More direct methods to reduce greenhouse gases include vehicle efficiency standards, renewable fuel standards, and air pollution regulations on heavy industry.",environment_climate,primary,climate_change,,,Climate_change,"carbon, emissions, greenhouse gas, pollution, renewable","carbon emissions, greenhouse gas",15.0,wikipedia,56,367,3,6.0,47.633
"Ending these can cause a 28% reduction in global carbon emissions and a 46% reduction in air pollution deaths. Money saved on fossil subsidies could be used to support the transition to clean energy instead. More direct methods to reduce greenhouse gases include vehicle efficiency standards, renewable fuel standards, and air pollution regulations on heavy industry. Several countries require utilities to increase the share of renewables in power production .",environment_climate,primary,climate_change,,,Climate_change,"carbon, emissions, greenhouse gas, pollution, renewable","carbon emissions, greenhouse gas",15.0,wikipedia,70,461,3,5.0,46.039
"As of the year 2017, China has nearly 10,000 to 12,000 protected areas , 80% of which are nature reserves aiming to foster biodiversity conservation. These newly implemented reserves safeguard a range of ecosystems, from tropical forests to marine habitats.",environment_climate,primary,conservation,,,Protected_area,"biodiversity, conservation, ecosystem","biodiversity, conservation, protected area",14.5,wikipedia,40,257,3,6.0,46.743
"Campaign For Nature – campaigns for protecting at least 30% of the planet by 2030 United Nations Environment Programme World Conservation Monitoring Center , Protected Areas Programme 2010 Biodiversity Indicators Partnership Indicator Factsheet: Management Effectiveness of Protected Areas",environment_climate,primary,conservation,,,Protected_area,"biodiversity, conservation, environment","biodiversity, conservation, protected area",14.5,wikipedia,38,289,3,6.0,46.711
"Ecosystems may be habitats within biomes that form an integrated whole and a dynamically responsive system having both physical and biological complexes. Ecosystem ecology is the science of determining the fluxes of materials (e.g. carbon, phosphorus) between different pools (e.g., tree biomass, soil organic material).",environment_climate,primary,ecology,,,Ecology,"carbon, ecosystem","ecology, ecosystem, habitat",14.5,wikipedia,45,320,3,6.0,46.68
"The objective of protected areas is to conserve biodiversity and to provide a way for measuring the progress of such conservation. Likewise, a protected area or an entire network of protected areas may lie within a larger geographic zone that is recognised as a terrestrial or marine ecoregions (see Global 200 ), or a Crisis Ecoregions for example.",environment_climate,primary,conservation,,,Protected_area,"biodiversity, conservation","biodiversity, conservation, protected area",14.5,wikipedia,58,349,3,6.0,46.651
"The law defines procedures for pollution control and developing criteria and standards for pollutants in surface water. The law authorizes the Environmental Protection Agency to regulate surface water pollution in the United States, in partnership with state agencies. Prior to 1972 it was legal to discharge wastewater to surface waters without testing for or removing water pollutants.",environment_climate,primary,pollution,,,Water_pollution,"environment, pollution","pollution, waste, water pollution",14.5,wikipedia,57,387,3,6.0,46.613
"Ecosystems may be habitats within biomes that form an integrated whole and a dynamically responsive system having both physical and biological complexes. Ecosystem ecology is the science of determining the fluxes of materials (e.g. carbon, phosphorus) between different pools (e.g., tree biomass, soil organic material). Ecosystem ecologists attempt to determine the underlying causes of these fluxes.",environment_climate,primary,ecology,,,Ecology,"carbon, ecosystem","ecology, ecosystem, habitat",14.5,wikipedia,56,401,3,6.0,46.599
"Nutrient pollution is a form of water pollution caused by too many nutrients entering the water. It is a primary cause of eutrophication of surface waters (lakes, rivers and coastal waters ), in which excess nutrients, usually nitrogen or phosphorus , stimulate algal growth. Sources of nutrient pollution include surface runoff from farms, waste from septic tanks and feedlots , and emissions from burning fuels.",environment_climate,primary,pollution,,,Water_pollution,"emissions, pollution","pollution, waste, water pollution",14.5,wikipedia,65,413,3,6.0,46.587
"The IUCN Red List serves as an international conservation tool to identify those species most in need of conservation attention and by providing a global index on the status of biodiversity. More than the dramatic rates of species loss, however, conservation scientists note that the sixth mass extinction is a biodiversity crisis requiring far more action than a priority focus on rare , endemic or endangered species .",environment_climate,primary,conservation,,,Conservation_biology,"biodiversity, conservation","biodiversity, conservation, endangered",14.5,wikipedia,68,420,3,6.0,46.58
"China , United States , Russia , India , Mexico , and Japan are the world leaders in air pollution emissions. Principal stationary pollution sources include chemical plants , coal-fired power plants , oil refineries , petrochemical plants, nuclear waste disposal activity, incinerators, large livestock farms (dairy cows, pigs, poultry, etc.), PVC factories, metals production factories, plastics factories, and other heavy industry .",environment_climate,primary,pollution,,,Pollution,"emissions, pollution","air pollution, pollution, waste",14.5,wikipedia,63,434,3,5.0,45.066
"The underlying concept of an ecosystem can be traced back to 1864 in the published work of George Perkins Marsh (""Man and Nature""). Ecosystems may be habitats within biomes that form an integrated whole and a dynamically responsive system having both physical and biological complexes. Ecosystem ecology is the science of determining the fluxes of materials (e.g. carbon, phosphorus) between different pools (e.g., tree biomass, soil organic material).",environment_climate,primary,ecology,,,Ecology,"carbon, ecosystem","ecology, ecosystem, habitat",14.5,wikipedia,68,452,3,5.0,45.048
"The 1972 CWA amendments established a broad regulatory framework for improving water quality. The law defines procedures for pollution control and developing criteria and standards for pollutants in surface water. The law authorizes the Environmental Protection Agency to regulate surface water pollution in the United States, in partnership with state agencies. Prior to 1972 it was legal to discharge wastewater to surface waters without testing for or removing water pollutants.",environment_climate,primary,pollution,,,Water_pollution,"environment, pollution","pollution, waste, water pollution",14.5,wikipedia,70,481,3,5.0,45.019
Air pollution control Green wall Smog Tower Thermal oxidizer Scrubbers Baffle spray scrubber Cyclonic spray scrubber Ejector venturi scrubber Mechanically aided scrubber Spray tower Wet scrubber Sewage treatment Sedimentation (Primary treatment) Activated sludge biotreaters (Secondary treatment; also used for industrial wastewater) Aerated lagoons Constructed wetlands (also used for urban runoff) Industrial wastewater treatment API oil-water separators Biofilters Dissolved air flotation (DAF) Powdered activated carbon treatment Ultrafiltration,environment_climate,primary,pollution,,,Pollution,"carbon, pollution","air pollution, pollution, waste",14.5,wikipedia,66,549,3,5.0,44.951
"As stated in the convention, this requires that greenhouse gas concentrations are stabilized in the atmosphere at a level where ecosystems can adapt naturally to climate change, food production is not threatened, and economic development can be sustained. The UNFCCC does not itself restrict emissions but rather provides a framework for protocols that do.",environment_climate,primary,climate_change,,,Climate_change,"climate, ecosystem, emissions, greenhouse gas","climate change, greenhouse gas",14.3,wikipedia,54,356,3,6.0,46.244
"As stated in the convention, this requires that greenhouse gas concentrations are stabilized in the atmosphere at a level where ecosystems can adapt naturally to climate change, food production is not threatened, and economic development can be sustained. The UNFCCC does not itself restrict emissions but rather provides a framework for protocols that do. Global emissions have risen since the UNFCCC was signed.",environment_climate,primary,climate_change,,,Climate_change,"climate, ecosystem, emissions, greenhouse gas","climate change, greenhouse gas",14.3,wikipedia,63,413,3,6.0,46.187000000000005
"The goal of the UNFCCC is to prevent dangerous human interference with the climate system. As stated in the convention, this requires that greenhouse gas concentrations are stabilized in the atmosphere at a level where ecosystems can adapt naturally to climate change, food production is not threatened, and economic development can be sustained. The UNFCCC does not itself restrict emissions but rather provides a framework for protocols that do.",environment_climate,primary,climate_change,,,Climate_change,"climate, ecosystem, emissions, greenhouse gas","climate change, greenhouse gas",14.3,wikipedia,69,447,3,5.0,44.653
"Long-term monitoring can include the continued measuring of many biological, ecological, and environmental metrics including annual breeding success, population size estimates, water quality, biodiversity (which can be measured in many way, i.e. When determining which metrics to monitor for a conservation project, it is important to understand how an ecosystem functions and what role different species and abiotic factors have within the system.",environment_climate,primary,conservation,,,Conservation_biology,"biodiversity, conservation, ecosystem, environment","biodiversity, conservation",14.3,wikipedia,63,448,3,5.0,44.652
"A 2017 study found that 83% of tap water samples taken around the world contained plastic pollutants. This was the first study to focus on global drinking water pollution with plastics, and showed that with a contamination rate of 94%, tap water in the United States was the most polluted, followed by Lebanon and India .",environment_climate,primary,pollution,,,Plastic_pollution,pollution,"contamination, pollution, water pollution",14.1,wikipedia,56,321,3,6.0,45.879000000000005
"As of 2021, based on information from 48 national climate plans , which represent 40% of the parties to the Paris Agreement, estimated total greenhouse gas emissions will be 0.5% lower compared to 2010 levels, below the 45% or 25% reduction goals to limit global warming to 1.5 °C or 2 °C, respectively.",environment_climate,primary,climate_change,,,Climate_change,"climate, emissions, greenhouse gas, warming","global warming, greenhouse gas",14.0,wikipedia,53,303,3,6.0,45.697
"Other approaches to mitigating climate change have a higher level of risk. Scenarios that limit global warming to 1.5 °C typically project the large-scale use of carbon dioxide removal methods over the 21st century. There are concerns, though, about over-reliance on these technologies, and environmental impacts.",environment_climate,primary,climate_change,,,Climate_change,"carbon, climate, environment, warming","climate change, global warming",14.0,wikipedia,46,313,3,6.0,45.687
"Other activities include mining , logging and trawling . Environmental factors can contribute to habitat destruction more indirectly. Geological processes, climate change , introduction of invasive species , ecosystem nutrient depletion , water and noise pollution are some examples. Loss of habitat can be preceded by an initial habitat fragmentation .",environment_climate,primary,ecology,,,Habitat,"climate, ecosystem, environment, pollution","ecosystem, habitat",14.0,wikipedia,51,353,3,6.0,45.647
Population level biodiversity (mostly in coldspots) are disappearing at a rate that is ten times that at the species level. The level of importance in addressing biomass versus endemism as a concern for conservation biology is highlighted in literature measuring the level of threat to global ecosystem carbon stocks that do not necessarily reside in areas of endemism.,environment_climate,primary,conservation,,,Conservation_biology,"biodiversity, carbon, conservation, ecosystem","biodiversity, conservation",14.0,wikipedia,58,369,3,6.0,45.631
"Sources of nutrient pollution include surface runoff from farms, waste from septic tanks and feedlots , and emissions from burning fuels. Raw sewage , which is rich in nutrients, also contributes to the issue when dumped in water bodies. Excess nitrogen causes environmental problems such as harmful algal blooms , hypoxia , acid rain , nitrogen saturation in forests, and climate change .",environment_climate,primary,pollution,,,Water_pollution,"climate, emissions, environment, pollution","pollution, waste",14.0,wikipedia,63,389,3,6.0,45.611
"As of 2019, carbon pricing covers about 20% of global greenhouse gas emissions. Carbon can be priced with carbon taxes and emissions trading systems . Direct global fossil fuel subsidies reached $319 billion in 2017, and $5.2 trillion when indirect costs such as air pollution are priced in. Ending these can cause a 28% reduction in global carbon emissions and a 46% reduction in air pollution deaths.",environment_climate,primary,climate_change,,,Climate_change,"carbon, emissions, greenhouse gas, pollution","carbon emissions, greenhouse gas",14.0,wikipedia,67,402,3,6.0,45.598
"Low-carbon energy improves human health by minimizing climate change as well as reducing air pollution deaths, which were estimated at 7 million annually in 2016. Meeting the Paris Agreement goals that limit warming to a 2 °C increase could save about a million of those lives per year by 2050, whereas limiting global warming to 1.5 °C could save millions and simultaneously increase energy security and reduce poverty.",environment_climate,primary,climate_change,,,Climate_change,"carbon, climate, pollution, warming","climate change, global warming",14.0,wikipedia,68,420,3,6.0,45.58
"This was the first study to focus on global drinking water pollution with plastics, and showed that with a contamination rate of 94%, tap water in the United States was the most polluted, followed by Lebanon and India . European countries such as the United Kingdom , Germany and France had the lowest contamination rate, though still as high as 72%.",environment_climate,primary,pollution,,,Plastic_pollution,pollution,"contamination, pollution, water pollution",13.8,wikipedia,61,350,3,6.0,45.25
"China, a megadiverse country , has begun implementing various protected areas in recent years. As of the year 2017, China has nearly 10,000 to 12,000 protected areas , 80% of which are nature reserves aiming to foster biodiversity conservation.",environment_climate,primary,conservation,,,Protected_area,"biodiversity, conservation","biodiversity, conservation, protected area",13.5,wikipedia,39,244,3,6.0,44.756
"Water pollution (or aquatic pollution ) is the contamination of water bodies , which has a negative impact on how they can be used. : 6 It is usually caused by human activities. Water bodies include lakes , rivers , oceans , aquifers , reservoirs and groundwater .",environment_climate,primary,pollution,,,Water_pollution,pollution,"contamination, pollution, water pollution",13.5,wikipedia,48,264,3,6.0,44.736
"The law authorizes the Environmental Protection Agency to regulate surface water pollution in the United States, in partnership with state agencies. Prior to 1972 it was legal to discharge wastewater to surface waters without testing for or removing water pollutants.",environment_climate,primary,pollution,,,Water_pollution,"environment, pollution","pollution, waste, water pollution",13.5,wikipedia,40,267,3,6.0,44.733
"Open dumps of waste are a common source of air pollution in low-income countries. They can be a source of toxins and can promote the growth of microbes that pollute water and air. Through open burning of waste —whether self-ignited or burned on purpose—soot, methane, and other pollutants are released.",environment_climate,primary,pollution,,,Air_pollution,pollution,"air pollution, pollution, waste",13.5,wikipedia,50,302,3,6.0,44.698
"In 2019, water pollution caused 1.4 million premature deaths. Contamination of drinking water by untreated sewage in developing countries is an issue, for example, over 732 million Indians (56% of the population) and over 92 million Ethiopians (92.9% of the population) do not have access to basic sanitation .",environment_climate,primary,pollution,,,Pollution,pollution,"contamination, pollution, water pollution",13.5,wikipedia,49,310,3,6.0,44.69
"For example, waste stabilization ponds can be a low cost treatment option for sewage. : 182 UV light (sunlight) can be used to degrade some pollutants in waste stabilization ponds (sewage lagoons). The use of safely managed sanitation services would prevent water pollution caused by lack of access to sanitation.",environment_climate,primary,pollution,,,Water_pollution,pollution,"pollution, waste, water pollution",13.5,wikipedia,50,313,3,6.0,44.687
"A growing number of countries regulate waste, through national or city-wide waste management systems, opening managed landfills , landfill gas capture (for electricity production), and waste separation . In agriculture, air pollution can be minimized by not overusing fertilizers and by not feeding excess protein to livestock.",environment_climate,primary,pollution,,,Air_pollution,pollution,"air pollution, pollution, waste",13.5,wikipedia,47,327,3,6.0,44.673
"The emergence of great factories and consumption of immense quantities of coal gave rise to unprecedented air pollution , and the large volume of industrial chemical discharges added to the growing load of untreated human waste. Chicago and Cincinnati were the first two American cities to enact laws ensuring cleaner air in 1881.",environment_climate,primary,pollution,,,Pollution,pollution,"air pollution, pollution, waste",13.5,wikipedia,53,330,3,6.0,44.67
"Water pollution (or aquatic pollution ) is the contamination of water bodies , which has a negative impact on how they can be used. : 6 It is usually caused by human activities. Water bodies include lakes , rivers , oceans , aquifers , reservoirs and groundwater . Water pollution results when contaminants mix with these water bodies.",environment_climate,primary,pollution,,,Water_pollution,pollution,"contamination, pollution, water pollution",13.5,wikipedia,58,335,3,6.0,44.665
"As of 2023, more than 2.3 billion people in developing countries rely on burning polluting fuels such as firewood , agricultural waste, dry dung , coal , or charcoal for cooking, which causes harmful household air pollution . Kerosene , another polluting fuel, is used in many countries for lighting and sometimes for space heating or cooking.",environment_climate,primary,pollution,,,Air_pollution,pollution,"air pollution, pollution, waste",13.5,wikipedia,57,343,3,6.0,44.657
"Outdoor air pollution comes from burning fossil fuels for electricity and transport , wildfires , some industrial processes, waste management, demolition and agriculture. Indoor air pollution is often from burning firewood or agricultural waste for cooking and heating. Other sources of air pollution include dust storms and volcanic eruptions .",environment_climate,primary,pollution,,,Air_pollution,pollution,"air pollution, pollution, waste",13.5,wikipedia,50,345,3,6.0,44.655
"The infrastructure may include wastewater treatment plants , for example sewage treatment plants and industrial wastewater treatment plants. Agricultural wastewater treatment for farms, and erosion control at construction sites can also help prevent water pollution. Effective control of urban runoff includes reducing speed and quantity of flow.",environment_climate,primary,pollution,,,Water_pollution,pollution,"pollution, waste, water pollution",13.5,wikipedia,47,346,3,6.0,44.654
"Although the management of plastic waste and its recycling is improving globally, the absolute amount of plastic pollution continues to increase unabated due to the large quantity of plastic in circulation. Even if sea plastic pollution were to stop entirely, microplastic contamination of the surface ocean would be projected to continue to increase.",environment_climate,primary,pollution,,,Water_pollution,pollution,"contamination, pollution, waste",13.5,wikipedia,53,351,3,6.0,44.649
"Control of water pollution requires appropriate infrastructure and management plans. The infrastructure may include wastewater treatment plants , for example sewage treatment plants and industrial wastewater treatment plants. Agricultural wastewater treatment for farms, and erosion control at construction sites can also help prevent water pollution.",environment_climate,primary,pollution,,,Water_pollution,pollution,"pollution, waste, water pollution",13.5,wikipedia,45,351,3,6.0,44.649
"The control of water pollution requires appropriate infrastructure and management plans, as well as legislation. Technology solutions can include improving sanitation , sewage treatment , industrial wastewater treatment , agricultural wastewater treatment , erosion control , sediment control and control of urban runoff (including stormwater management).",environment_climate,primary,pollution,,,Water_pollution,pollution,"pollution, waste, water pollution",13.5,wikipedia,46,355,3,6.0,44.645
"The underlying concept of an ecosystem can be traced back to 1864 in the published work of George Perkins Marsh (""Man and Nature""). Ecosystems may be habitats within biomes that form an integrated whole and a dynamically responsive system having both physical and biological complexes. Ecosystem ecology is the science of determining the fluxes of materials (e.g.",environment_climate,primary,ecology,,,Ecology,ecosystem,"ecology, ecosystem, habitat",13.5,wikipedia,57,363,3,6.0,44.637
"Open dumps of waste are a common source of air pollution in low-income countries. They can be a source of toxins and can promote the growth of microbes that pollute water and air. Through open burning of waste —whether self-ignited or burned on purpose—soot, methane, and other pollutants are released. Organic waste in landfills itself also produces methane as it decomposes.",environment_climate,primary,pollution,,,Air_pollution,pollution,"air pollution, pollution, waste",13.5,wikipedia,61,376,3,6.0,44.624
"Sources of water pollution are either point sources or non-point sources . Point sources have one identifiable cause, such as a storm drain , a wastewater treatment plant , or an oil spill . Pollution is the result of the cumulative effect over time. One would be toxic substances such as oil, metals, plastics, pesticides , persistent organic pollutants , and industrial waste products.",environment_climate,primary,pollution,,,Water_pollution,pollution,"pollution, waste, water pollution",13.5,wikipedia,64,387,3,6.0,44.613
"Groundwater pollution (also called groundwater contamination) occurs when pollutants are released to the ground and make their way into groundwater . This type of water pollution can also occur naturally due to the presence of a minor and unwanted constituent, contaminant, or impurity in the groundwater, in which case it is more likely referred to as contamination rather than pollution .",environment_climate,primary,pollution,,,Water_pollution,pollution,"contamination, pollution, water pollution",13.5,wikipedia,61,390,3,6.0,44.61
"The goal of the UNFCCC is to prevent dangerous human interference with the climate system. As stated in the convention, this requires that greenhouse gas concentrations are stabilized in the atmosphere at a level where ecosystems can adapt naturally to climate change, food production is not threatened, and economic development can be sustained.",environment_climate,primary,climate_change,,,Climate_change,"climate, ecosystem, greenhouse gas","climate change, greenhouse gas",13.3,wikipedia,53,346,3,6.0,44.254000000000005
"A fact is unknowable to a person if this person lacks access to the relevant information, like facts in the past that did not leave any significant traces. For example, it may be unknowable to people today what Caesar 's breakfast was the day he was assassinated but it was knowable to him and some contemporaries. Another factor restricting knowledge is given by the limitations of the human cognitive faculties. Some people may lack the cognitive ability to understand highly abstract mathematical truths and some facts cannot be known by any human because they are too complex for the human mind to conceive.",general_factual,primary,knowledge,,,Knowledge,"fact, information, known, truth","fact, information, knowledge, known, truth",21.5,wikipedia,103,611,3,1.0,52.889
"It often involves the possession of information learned through experience and can be understood as a cognitive success or an epistemic contact with reality, like making a discovery. Many academic definitions focus on propositional knowledge in the form of believing certain facts, as in ""I know that Dave is at home"". Other types of knowledge include knowledge-how in the form of practical competence , as in ""she knows how to swim"", and knowledge by acquaintance as a familiarity with the known object based on previous direct experience, like knowing someone personally.",general_factual,primary,knowledge,,,Knowledge,"fact, information, known, reality","fact, information, knowledge, known",19.0,wikipedia,91,573,3,1.0,47.927
"Knowledge is a form of familiarity, awareness , understanding , or acquaintance. It often involves the possession of information learned through experience and can be understood as a cognitive success or an epistemic contact with reality, like making a discovery. Many academic definitions focus on propositional knowledge in the form of believing certain facts, as in ""I know that Dave is at home"". Other types of knowledge include knowledge-how in the form of practical competence , as in ""she knows how to swim"", and knowledge by acquaintance as a familiarity with the known object based on previous direct experience, like knowing someone personally.",general_factual,primary,knowledge,,,Knowledge,"fact, information, known, reality","fact, information, knowledge, known",19.0,wikipedia,103,654,3,1.0,47.846
Some people may lack the cognitive ability to understand highly abstract mathematical truths and some facts cannot be known by any human because they are too complex for the human mind to conceive. A further limit of knowledge arises due to certain logical paradoxes .,general_factual,primary,knowledge,,,Knowledge,"fact, known, truth","fact, knowledge, known, truth",18.0,wikipedia,45,268,3,6.0,53.732
Another factor restricting knowledge is given by the limitations of the human cognitive faculties. Some people may lack the cognitive ability to understand highly abstract mathematical truths and some facts cannot be known by any human because they are too complex for the human mind to conceive.,general_factual,primary,knowledge,,,Knowledge,"fact, known, truth","fact, knowledge, known, truth",18.0,wikipedia,47,296,3,6.0,53.704
"Some people may lack the cognitive ability to understand highly abstract mathematical truths and some facts cannot be known by any human because they are too complex for the human mind to conceive. A further limit of knowledge arises due to certain logical paradoxes . For instance, there are some ideas that will never occur to anyone.",general_factual,primary,knowledge,,,Knowledge,"fact, known, truth","fact, knowledge, known, truth",18.0,wikipedia,57,336,3,6.0,53.664
Another factor restricting knowledge is given by the limitations of the human cognitive faculties. Some people may lack the cognitive ability to understand highly abstract mathematical truths and some facts cannot be known by any human because they are too complex for the human mind to conceive. A further limit of knowledge arises due to certain logical paradoxes .,general_factual,primary,knowledge,,,Knowledge,"fact, known, truth","fact, knowledge, known, truth",18.0,wikipedia,59,367,3,6.0,53.633
"The ignorance of the impermanent nature of things is seen as the factor responsible for this craving. The central goal of Buddhist practice is to stop suffering. This aim is to be achieved by understanding and practicing the teaching known as the Four Noble Truths and thereby overcoming ignorance. Knowledge plays a key role in the classical path of Hinduism known as jñāna yoga or ""path of knowledge"".",general_factual,primary,knowledge,,,Knowledge,"fact, known, truth","fact, knowledge, known, truth",18.0,wikipedia,68,403,3,6.0,53.597
"Another factor restricting knowledge is given by the limitations of the human cognitive faculties. Some people may lack the cognitive ability to understand highly abstract mathematical truths and some facts cannot be known by any human because they are too complex for the human mind to conceive. A further limit of knowledge arises due to certain logical paradoxes . For instance, there are some ideas that will never occur to anyone.",general_factual,primary,knowledge,,,Knowledge,"fact, known, truth","fact, knowledge, known, truth",18.0,wikipedia,71,435,3,4.0,50.565
"For example, it may be unknowable to people today what Caesar 's breakfast was the day he was assassinated but it was knowable to him and some contemporaries. Another factor restricting knowledge is given by the limitations of the human cognitive faculties. Some people may lack the cognitive ability to understand highly abstract mathematical truths and some facts cannot be known by any human because they are too complex for the human mind to conceive.",general_factual,primary,knowledge,,,Knowledge,"fact, known, truth","fact, knowledge, known, truth",18.0,wikipedia,75,455,3,4.0,50.545
"Some people may lack the cognitive ability to understand highly abstract mathematical truths and some facts cannot be known by any human because they are too complex for the human mind to conceive. A further limit of knowledge arises due to certain logical paradoxes . For instance, there are some ideas that will never occur to anyone. It is not possible to know them because if a person knew about such an idea then this idea would have occurred at least to them.",general_factual,primary,knowledge,,,Knowledge,"fact, known, truth","fact, knowledge, known, truth",18.0,wikipedia,83,465,3,4.0,50.535
"For example, it may be unknowable to people today what Caesar 's breakfast was the day he was assassinated but it was knowable to him and some contemporaries. Another factor restricting knowledge is given by the limitations of the human cognitive faculties. Some people may lack the cognitive ability to understand highly abstract mathematical truths and some facts cannot be known by any human because they are too complex for the human mind to conceive. A further limit of knowledge arises due to certain logical paradoxes .",general_factual,primary,knowledge,,,Knowledge,"fact, known, truth","fact, knowledge, known, truth",18.0,wikipedia,87,526,3,4.0,50.474
"Similarly, truth is a key element in journalism , where reporters seek information from reliable sources and fact-check claims to accurately inform the public. Media theorists discuss obstacles to this process, such as the spread of misinformation , misleadingly edited photographs , AI-generated images , political propaganda , and algorithmic biases on social media platforms.",general_factual,primary,knowledge,,,Truth,"claim, fact, information, report, truth","fact, information, truth",17.5,wikipedia,55,378,3,6.0,52.622
This is often explained in relation to the claim that humans suffer because they crave things that are impermanent . The ignorance of the impermanent nature of things is seen as the factor responsible for this craving. The central goal of Buddhist practice is to stop suffering. This aim is to be achieved by understanding and practicing the teaching known as the Four Noble Truths and thereby overcoming ignorance.,general_factual,primary,knowledge,,,Knowledge,"claim, fact, known, truth","fact, known, truth",16.5,wikipedia,69,415,3,6.0,50.585
"Justification and evidence separate warranted beliefs from superstition and lucky guesses but do not guarantee truth: even well-founded beliefs can be false in unfavorable circumstances. If a justified belief is true, it may amount to knowledge , which, unlike justification on its own, has truth as a core component. Epistemologists discuss various sources of knowledge or how people may arrive at truth, such as perception , introspection , memory , reason , and testimony. Verification and fact-checking are processes that aim to assess the truth value of a proposition.",general_factual,primary,knowledge,,,Truth,"evidence, fact, truth","fact, knowledge, truth",16.1,wikipedia,89,573,3,2.5,44.377
The ignorance of the impermanent nature of things is seen as the factor responsible for this craving. The central goal of Buddhist practice is to stop suffering. This aim is to be achieved by understanding and practicing the teaching known as the Four Noble Truths and thereby overcoming ignorance.,general_factual,primary,knowledge,,,Knowledge,"fact, known, truth","fact, known, truth",15.5,wikipedia,49,298,3,6.0,48.702
"It often involves the possession of information learned through experience and can be understood as a cognitive success or an epistemic contact with reality, like making a discovery. Many academic definitions focus on propositional knowledge in the form of believing certain facts, as in ""I know that Dave is at home"".",general_factual,primary,knowledge,,,Knowledge,"fact, information, reality","fact, information, knowledge",15.5,wikipedia,51,318,3,6.0,48.682
"Whereas digital signals and other data use discrete signs to convey information, other phenomena and artifacts such as analogue signals , poems , pictures , music or other sounds , and currents convey information in a more continuous form. Information is not knowledge itself, but the meaning that may be derived from a representation through interpretation.",general_factual,primary,knowledge,,,Information,"data, fact, information","fact, information, knowledge",15.5,wikipedia,56,358,3,6.0,48.642
"Epistemologists discuss various sources of knowledge or how people may arrive at truth, such as perception , introspection , memory , reason , and testimony. Verification and fact-checking are processes that aim to assess the truth value of a proposition. They may rely on criteria of truth , which are standards by which one can recognize that a claim is true.",general_factual,primary,knowledge,,,Truth,"claim, fact, truth","fact, knowledge, truth",15.5,wikipedia,61,361,3,6.0,48.639
"This aim is to be achieved by understanding and practicing the teaching known as the Four Noble Truths and thereby overcoming ignorance. Knowledge plays a key role in the classical path of Hinduism known as jñāna yoga or ""path of knowledge"". It aims to achieve oneness with the divine by fostering an understanding of the self and its relation to Brahman or ultimate reality.",general_factual,primary,knowledge,,,Knowledge,"known, reality, truth","knowledge, known, truth",15.5,wikipedia,64,375,3,6.0,48.625
"Knowledge is a form of familiarity, awareness , understanding , or acquaintance. It often involves the possession of information learned through experience and can be understood as a cognitive success or an epistemic contact with reality, like making a discovery. Many academic definitions focus on propositional knowledge in the form of believing certain facts, as in ""I know that Dave is at home"".",general_factual,primary,knowledge,,,Knowledge,"fact, information, reality","fact, information, knowledge",15.5,wikipedia,63,399,3,6.0,48.601
"The central goal of Buddhist practice is to stop suffering. This aim is to be achieved by understanding and practicing the teaching known as the Four Noble Truths and thereby overcoming ignorance. Knowledge plays a key role in the classical path of Hinduism known as jñāna yoga or ""path of knowledge"". It aims to achieve oneness with the divine by fostering an understanding of the self and its relation to Brahman or ultimate reality.",general_factual,primary,knowledge,,,Knowledge,"known, reality, truth","knowledge, known, truth",15.5,wikipedia,74,435,3,4.0,45.565
"In philosophy , the concept fact is most commonly considered in the branch of philosophy concerned with knowledge and truth, called epistemology , and possibly also under the branch called ontology , which studies concepts such as existence , being , becoming , and reality . Questions of objectivity and truth are closely associated with questions of fact. A fact can be defined as something that is the case, in other words, a state of affairs .",general_factual,primary,knowledge,,,Fact,"fact, reality, truth","fact, knowledge, truth",15.5,wikipedia,77,447,3,4.0,45.553
"If a justified belief is true, it may amount to knowledge , which, unlike justification on its own, has truth as a core component. Epistemologists discuss various sources of knowledge or how people may arrive at truth, such as perception , introspection , memory , reason , and testimony. Verification and fact-checking are processes that aim to assess the truth value of a proposition. They may rely on criteria of truth , which are standards by which one can recognize that a claim is true.",general_factual,primary,knowledge,,,Truth,"claim, fact, truth","fact, knowledge, truth",15.5,wikipedia,85,492,3,4.0,45.508
"Any natural process that is not completely random and any observable pattern in any medium can be said to convey some amount of information. Whereas digital signals and other data use discrete signs to convey information, other phenomena and artifacts such as analogue signals , poems , pictures , music or other sounds , and currents convey information in a more continuous form. Information is not knowledge itself, but the meaning that may be derived from a representation through interpretation.",general_factual,primary,knowledge,,,Information,"data, fact, information","fact, information, knowledge",15.5,wikipedia,80,499,3,4.0,45.501
"Some limits of knowledge only apply to particular people in specific situations while others pertain to humanity at large. A fact is unknowable to a person if this person lacks access to the relevant information, like facts in the past that did not leave any significant traces.",general_factual,primary,knowledge,,,Knowledge,"fact, information","fact, information, knowledge",14.5,wikipedia,47,278,3,6.0,46.722
"To know something a posteriori means to know it based on experience. For example, by seeing that it rains outside or hearing that the baby is crying, one acquires a posteriori knowledge of these facts. A priori knowledge is possible without any experience to justify or support the known proposition.",general_factual,primary,knowledge,,,Knowledge,"fact, known","fact, knowledge, known",14.5,wikipedia,50,300,3,6.0,46.7
"The central goal of Buddhist practice is to stop suffering. This aim is to be achieved by understanding and practicing the teaching known as the Four Noble Truths and thereby overcoming ignorance. Knowledge plays a key role in the classical path of Hinduism known as jñāna yoga or ""path of knowledge"".",general_factual,primary,knowledge,,,Knowledge,"known, truth","knowledge, known, truth",14.5,wikipedia,51,301,3,6.0,46.699
"The difference between a posteriori and a priori truths rests on the source of knowledge. A posteriori truths require sensory experience, such as observing that water boils at 100°C at standard atmospheric pressure . A priori truths can be known through pure reasoning, such as a proof of a mathematical theorem.",general_factual,primary,knowledge,,,Truth,"known, truth","knowledge, known, truth",14.5,wikipedia,51,312,3,6.0,46.688
"For example, by eating chocolate, one becomes acquainted with the taste of chocolate, and visiting Lake Taupō leads to the formation of knowledge by acquaintance of Lake Taupō. In these cases, the person forms non-inferential knowledge based on first-hand experience without necessarily acquiring factual information about the object.",general_factual,primary,knowledge,,,Knowledge,"fact, information","fact, information, knowledge",14.5,wikipedia,48,334,3,6.0,46.666
"For instance, the assertion ""spiders have more than two legs"" is less truthlike than the assertion ""spiders have eight legs"" because it is less precise. ^ This separates them from identity theorists, who argue that truths are identical to facts. ^ The coherence theory of truth is similar to the coherence theory of knowledge but not identical.",general_factual,primary,knowledge,,,Truth,"fact, truth","fact, knowledge, truth",14.5,wikipedia,57,344,3,6.0,46.656
"Knowledge based on perception, introspection, and memory may give rise to inferential knowledge, which comes about when reasoning is applied to draw inferences from other known facts. For example, the perceptual knowledge of a Czech stamp on a postcard may give rise to the inferential knowledge that one's friend is visiting the Czech Republic.",general_factual,primary,knowledge,,,Knowledge,"fact, known","fact, knowledge, known",14.5,wikipedia,54,345,3,6.0,46.655
"They use linguistic devices like individual terms, predicates , and quantifiers . For rule-based systems, each unit of information is expressed using a conditional production rule of the form ""if A then B"". Semantic nets model knowledge as a graph consisting of vertices to represent facts or concepts and edges to represent the relations between them.",general_factual,primary,knowledge,,,Knowledge,"fact, information","fact, information, knowledge",14.5,wikipedia,56,352,3,6.0,46.648
"They purport to present concrete cases of justified true beliefs that fail to constitute knowledge. The reason for their failure is usually a form of epistemic luck: the beliefs are justified but their justification is not relevant to the truth. In a well-known example, someone drives along a country road with many barn facades and only one real barn.",general_factual,primary,knowledge,,,Knowledge,"known, truth","knowledge, known, truth",14.5,wikipedia,59,353,3,6.0,46.647
"For rule-based systems, each unit of information is expressed using a conditional production rule of the form ""if A then B"". Semantic nets model knowledge as a graph consisting of vertices to represent facts or concepts and edges to represent the relations between them. Frames provide complex taxonomies to group items into classes, subclasses, and instances.",general_factual,primary,knowledge,,,Knowledge,"fact, information","fact, information, knowledge",14.5,wikipedia,56,360,3,6.0,46.64
"In these cases, the person forms non-inferential knowledge based on first-hand experience without necessarily acquiring factual information about the object. By contrast, it is also possible to indirectly learn a lot of propositional knowledge about chocolate or Lake Taupō by reading books without having the direct experiential contact required for knowledge by acquaintance.",general_factual,primary,knowledge,,,Knowledge,"fact, information","fact, information, knowledge",14.5,wikipedia,53,377,3,6.0,46.623
"A priori knowledge is possible without any experience to justify or support the known proposition. Mathematical knowledge, such as that 2 + 2 = 4, is traditionally taken to be a priori knowledge since no empirical investigation is necessary to confirm this fact. In this regard, a posteriori knowledge is empirical knowledge while a priori knowledge is non-empirical knowledge.",general_factual,primary,knowledge,,,Knowledge,"fact, known","fact, knowledge, known",14.5,wikipedia,59,377,3,6.0,46.623
"If a justified belief is true, it may amount to knowledge , which, unlike justification on its own, has truth as a core component. Epistemologists discuss various sources of knowledge or how people may arrive at truth, such as perception , introspection , memory , reason , and testimony. Verification and fact-checking are processes that aim to assess the truth value of a proposition.",general_factual,primary,knowledge,,,Truth,"fact, truth","fact, knowledge, truth",14.5,wikipedia,64,386,3,6.0,46.614
"For some types, it is controversial whether they exist in a strict sense. The difference between a posteriori and a priori truths rests on the source of knowledge. A posteriori truths require sensory experience, such as observing that water boils at 100°C at standard atmospheric pressure . A priori truths can be known through pure reasoning, such as a proof of a mathematical theorem.",general_factual,primary,knowledge,,,Truth,"known, truth","knowledge, known, truth",14.5,wikipedia,64,386,3,6.0,46.614
"Many academic definitions focus on propositional knowledge in the form of believing certain facts, as in ""I know that Dave is at home"". Other types of knowledge include knowledge-how in the form of practical competence , as in ""she knows how to swim"", and knowledge by acquaintance as a familiarity with the known object based on previous direct experience, like knowing someone personally.",general_factual,primary,knowledge,,,Knowledge,"fact, known","fact, knowledge, known",14.5,wikipedia,63,390,3,6.0,46.61
"The main focus in anthropology is on empirical observations of how people ascribe truth values to meaning contents, like when affirming an assertion, even if these contents are false. This also includes practical components: knowledge is what is employed when interpreting and acting on the world and involves diverse phenomena, such as feelings, embodied skills, information, and concepts.",general_factual,primary,knowledge,,,Knowledge,"information, truth","information, knowledge, truth",14.5,wikipedia,58,390,3,6.0,46.61
"For example, by seeing that it rains outside or hearing that the baby is crying, one acquires a posteriori knowledge of these facts. A priori knowledge is possible without any experience to justify or support the known proposition. Mathematical knowledge, such as that 2 + 2 = 4, is traditionally taken to be a priori knowledge since no empirical investigation is necessary to confirm this fact.",general_factual,primary,knowledge,,,Knowledge,"fact, known","fact, knowledge, known",14.5,wikipedia,66,395,3,6.0,46.605
"The object of knowledge can be a person, a thing, or a place. For example, by eating chocolate, one becomes acquainted with the taste of chocolate, and visiting Lake Taupō leads to the formation of knowledge by acquaintance of Lake Taupō. In these cases, the person forms non-inferential knowledge based on first-hand experience without necessarily acquiring factual information about the object.",general_factual,primary,knowledge,,,Knowledge,"fact, information","fact, information, knowledge",14.5,wikipedia,61,396,3,6.0,46.604
"^ Truthlikeness can also be used to compare true assertions. For instance, the assertion ""spiders have more than two legs"" is less truthlike than the assertion ""spiders have eight legs"" because it is less precise. ^ This separates them from identity theorists, who argue that truths are identical to facts. ^ The coherence theory of truth is similar to the coherence theory of knowledge but not identical.",general_factual,primary,knowledge,,,Truth,"fact, truth","fact, knowledge, truth",14.5,wikipedia,67,405,3,6.0,46.595
"The difference between a posteriori and a priori truths rests on the source of knowledge. A posteriori truths require sensory experience, such as observing that water boils at 100°C at standard atmospheric pressure . A priori truths can be known through pure reasoning, such as a proof of a mathematical theorem. A related distinction is between synthetic and analytic truths, based on the source of the truth.",general_factual,primary,knowledge,,,Truth,"known, truth","knowledge, known, truth",14.5,wikipedia,67,410,3,6.0,46.59
"A fact is unknowable to a person if this person lacks access to the relevant information, like facts in the past that did not leave any significant traces. For example, it may be unknowable to people today what Caesar 's breakfast was the day he was assassinated but it was knowable to him and some contemporaries. Another factor restricting knowledge is given by the limitations of the human cognitive faculties.",general_factual,primary,knowledge,,,Knowledge,"fact, information","fact, information, knowledge",14.5,wikipedia,70,413,3,6.0,46.587
"For instance, the assertion ""spiders have more than two legs"" is less truthlike than the assertion ""spiders have eight legs"" because it is less precise. ^ This separates them from identity theorists, who argue that truths are identical to facts. ^ The coherence theory of truth is similar to the coherence theory of knowledge but not identical. ^ Historically, coherentism is often linked to metaphysical idealism .",general_factual,primary,knowledge,,,Truth,"fact, truth","fact, knowledge, truth",14.5,wikipedia,67,415,3,6.0,46.585
"Knowledge based on perception, introspection, and memory may give rise to inferential knowledge, which comes about when reasoning is applied to draw inferences from other known facts. For example, the perceptual knowledge of a Czech stamp on a postcard may give rise to the inferential knowledge that one's friend is visiting the Czech Republic. This type of knowledge depends on other sources of knowledge responsible for the premises.",general_factual,primary,knowledge,,,Knowledge,"fact, known","fact, knowledge, known",14.5,wikipedia,68,436,3,5.0,45.064
"Logic-based systems rely on formal languages employed in logic to represent knowledge. They use linguistic devices like individual terms, predicates , and quantifiers . For rule-based systems, each unit of information is expressed using a conditional production rule of the form ""if A then B"". Semantic nets model knowledge as a graph consisting of vertices to represent facts or concepts and edges to represent the relations between them.",general_factual,primary,knowledge,,,Knowledge,"fact, information","fact, information, knowledge",14.5,wikipedia,68,439,3,5.0,45.061
"They use linguistic devices like individual terms, predicates , and quantifiers . For rule-based systems, each unit of information is expressed using a conditional production rule of the form ""if A then B"". Semantic nets model knowledge as a graph consisting of vertices to represent facts or concepts and edges to represent the relations between them. Frames provide complex taxonomies to group items into classes, subclasses, and instances.",general_factual,primary,knowledge,,,Knowledge,"fact, information","fact, information, knowledge",14.5,wikipedia,68,442,3,5.0,45.058
"In these cases, the person forms non-inferential knowledge based on first-hand experience without necessarily acquiring factual information about the object. By contrast, it is also possible to indirectly learn a lot of propositional knowledge about chocolate or Lake Taupō by reading books without having the direct experiential contact required for knowledge by acquaintance. The concept of knowledge by acquaintance was first introduced by Bertrand Russell .",general_factual,primary,knowledge,,,Knowledge,"fact, information","fact, information, knowledge",14.5,wikipedia,66,461,3,5.0,45.039
"The correspondence theory holds that a statement is true if it corresponds to facts. According to the coherence theory , truth consists in logical consistency and mutual support among beliefs. Pragmatists understand truth in terms of practical consequences and epistemic practices, claiming that truth is what works or what would withstand the test of unlimited inquiry.",general_factual,primary,knowledge,,,Truth,"claim, fact, statement, truth","fact, truth",14.3,wikipedia,56,370,3,6.0,46.230000000000004
"It assumes that truthbearers have a subject-predicate structure, in which the subject refers to an entity and the predicate denotes a property. According to this view, a statement corresponds to reality if it refers to an entity that carries the denoted property. Fact-based theories, by contrast, hold that a statement expresses a fact, and it is true if the fact obtains.",general_factual,primary,knowledge,,,Truth,"fact, reality, statement, truth","fact, truth",14.3,wikipedia,61,373,3,6.0,46.227000000000004
"According to this view, a statement corresponds to reality if it refers to an entity that carries the denoted property. Fact-based theories, by contrast, hold that a statement expresses a fact, and it is true if the fact obtains. One version asserts a one-to-one correlation between truths and facts, while another understands correspondence more broadly as a structural similarity that does not require a perfect one-to-one mirroring.",general_factual,primary,knowledge,,,Truth,"fact, reality, statement, truth","fact, truth",14.3,wikipedia,67,435,3,5.0,44.665
"The correspondence theory asserts that a belief or statement is true if it corresponds to facts. This view emphasizes the relation between thought or language and reality, arguing that truth matches how things are. It is one of the oldest and most influential theories of truth.",general_factual,primary,knowledge,,,Truth,"fact, reality, statement, truth","fact, truth",14.0,wikipedia,46,278,3,6.0,45.722
"The Slingshot argument claims to show that all true statements stand for the same thing, the truth value true . If this argument holds, and facts are taken to be what true statements stand for, then one arrives at the counter-intuitive conclusion that there is only one fact: the truth .",general_factual,primary,knowledge,,,Fact,"claim, fact, statement, truth","fact, truth",14.0,wikipedia,51,287,3,6.0,45.713
"He maintained that a thing is true if it matches God's idea of it, analogous to how a designed artifact may perfectly correspond to what the artisan intended. 980 –1037 CE) distinguished three senses of truth: as the reality of individual entities, as the divine reality of God as a necessary being, and as the correctness of statements.",general_factual,primary,knowledge,,,Truth,"fact, reality, statement, truth","fact, truth",14.0,wikipedia,58,337,3,6.0,45.663
"Truth is conformity to facts or accordance with reality . It is often understood as a property of statements or beliefs that present the world as it is, or as a relation between language or thought and how things actually are. However, its precise definition is disputed, with different theories focusing on elements such as correspondence, coherence, or practical usefulness.",general_factual,primary,knowledge,,,Truth,"fact, reality, statement, truth","fact, truth",14.0,wikipedia,60,376,3,6.0,45.624
"Facts may be checked by reason, experiment, personal experience, or may be argued from authority. Roger Bacon wrote ""If in other sciences we should arrive at certainty without doubt and truth without error, it behooves us to place the foundations of knowledge in mathematics.""",general_factual,primary,knowledge,,,Fact,"fact, truth","fact, knowledge, truth",13.8,wikipedia,44,276,3,6.0,45.324
The traditional main division made in philosophy is between deductive reasoning and inductive reasoning . Formal logic has been described as the science of deduction . The study of inductive reasoning is generally carried out within the field known as informal logic or critical thinking .,general_factual,primary,evidence_reasoning,,,Reason,known,"critical thinking, logic, reason",13.8,wikipedia,46,289,3,6.0,45.311
A subdivision of philosophy and a variety of reasoning is logic . The traditional main division made in philosophy is between deductive reasoning and inductive reasoning . Formal logic has been described as the science of deduction . The study of inductive reasoning is generally carried out within the field known as informal logic or critical thinking .,general_factual,primary,evidence_reasoning,,,Reason,known,"critical thinking, logic, reason",13.8,wikipedia,58,355,3,6.0,45.245000000000005
"Russell, Quine and the logical positivists belong to the empiricist tradition and hold that evidence consists in sense data, stimulation of one's sensory receptors and observation statements, respectively. According to Williamson, all and only knowledge constitute evidence. Conee and Feldman hold that only one's current mental states should be considered evidence.",general_factual,primary,evidence_reasoning,,,Evidence,"data, evidence, statement","evidence, logic",13.6,wikipedia,51,366,3,6.0,44.834
"For example, by seeing that it rains outside or hearing that the baby is crying, one acquires a posteriori knowledge of these facts. A priori knowledge is possible without any experience to justify or support the known proposition.",general_factual,primary,knowledge,,,Knowledge,"fact, known","fact, knowledge, known",13.5,wikipedia,38,231,3,6.0,44.769
"This aim is to be achieved by understanding and practicing the teaching known as the Four Noble Truths and thereby overcoming ignorance. Knowledge plays a key role in the classical path of Hinduism known as jñāna yoga or ""path of knowledge"".",general_factual,primary,knowledge,,,Knowledge,"known, truth","knowledge, known, truth",13.5,wikipedia,41,241,3,6.0,44.759
"Epistemologists discuss various sources of knowledge or how people may arrive at truth, such as perception , introspection , memory , reason , and testimony. Verification and fact-checking are processes that aim to assess the truth value of a proposition.",general_factual,primary,knowledge,,,Truth,"fact, truth","fact, knowledge, truth",13.5,wikipedia,40,255,3,6.0,44.745
"A priori knowledge is possible without any experience to justify or support the known proposition. Mathematical knowledge, such as that 2 + 2 = 4, is traditionally taken to be a priori knowledge since no empirical investigation is necessary to confirm this fact.",general_factual,primary,knowledge,,,Knowledge,"fact, known","fact, knowledge, known",13.5,wikipedia,43,262,3,6.0,44.738
"^ This separates them from identity theorists, who argue that truths are identical to facts. ^ The coherence theory of truth is similar to the coherence theory of knowledge but not identical. ^ Historically, coherentism is often linked to metaphysical idealism .",general_factual,primary,knowledge,,,Truth,"fact, truth","fact, knowledge, truth",13.5,wikipedia,42,262,3,6.0,44.738
"For rule-based systems, each unit of information is expressed using a conditional production rule of the form ""if A then B"". Semantic nets model knowledge as a graph consisting of vertices to represent facts or concepts and edges to represent the relations between them.",general_factual,primary,knowledge,,,Knowledge,"fact, information","fact, information, knowledge",13.5,wikipedia,44,270,3,6.0,44.73
"A common distinction among types of knowledge is between propositional knowledge, or knowledge-that, and non-propositional knowledge in the form of practical skills or acquaintance. Other distinctions focus on how the knowledge is acquired and on the content of the known information.",general_factual,primary,knowledge,,,Knowledge,"information, known","information, knowledge, known",13.5,wikipedia,41,284,3,6.0,44.716
"However, even with knowledge of the methods of logical inquiry and reasoning, mistakes occur, and due to a thinker's inability to apply the methodology consistently, and because of overruling character traits such as egocentrism . Critical thinking includes identification of prejudice , bias , propaganda, self-deception, distortion, misinformation , etc.",general_factual,primary,evidence_reasoning,,,Critical_thinking,information,"critical thinking, logic, reason",13.5,wikipedia,50,356,3,6.0,44.644
"Observations play a role in both the second and fifth steps of the scientific method . However, the principle of reproducibility requires that observations made by different individuals be comparable and consistent. Human sense impressions are subjective and yield qualitative data , which are difficult to standardize, record, or compare across observers.",general_factual,primary,data_and_records,,,Observation,data,"data, observation, record",13.5,wikipedia,52,356,3,6.0,44.644
"However, the principle of reproducibility requires that observations made by different individuals be comparable and consistent. Human sense impressions are subjective and yield qualitative data , which are difficult to standardize, record, or compare across observers. To address this limitation, the use of measurement was developed as a means of producing objective, quantitative observations.",general_factual,primary,data_and_records,,,Observation,data,"data, observation, record",13.5,wikipedia,54,396,3,6.0,44.604
"Truthiness , a similar term, refers to the tendency to prioritize intuition and gut feelings over evidence and rational analysis . Its meaning overlaps with the term post-truth , which denotes situations in which public opinion is shaped by appeal to emotions rather than objective facts.",general_factual,primary,knowledge,,,Truth,"evidence, fact, truth","fact, truth",13.3,wikipedia,46,288,3,6.0,44.312000000000005
"Various theories of the nature of truth have been proposed, but its precise definition remains contested. The correspondence theory holds that a statement is true if it corresponds to facts. According to the coherence theory , truth consists in logical consistency and mutual support among beliefs.",general_factual,primary,knowledge,,,Truth,"fact, statement, truth","fact, truth",13.3,wikipedia,46,298,3,6.0,44.302
"Difficulties arise from the subjective nature of interpretation and the influence of personal values and biases when integrating evidence from diverse sources to arrive at a coherent narrative. Personal historical truth plays a role in psychoanalysis as a factor shaping an individual's identity , such as the lasting effects of traumatic childhood experiences .",general_factual,primary,knowledge,,,Truth,"evidence, fact, truth","fact, truth",13.3,wikipedia,54,362,3,6.0,44.238
"People refer to truth to indicate reliable information, mark scientific findings well supported by evidence , distinguish accurate legal testimony from misrepresentation, and emphasize honesty and sincerity in personal life. Truth is typically regarded as a positive value, either because of its beneficial consequences or as an intrinsic good pursued for its own sake.",general_factual,primary,knowledge,,,Truth,"evidence, information, truth","information, truth",13.3,wikipedia,54,369,3,6.0,44.231
"It has a higher ratio of coast to landmass than any other continent or subcontinent. Its maritime borders consist of the Arctic Ocean to the north, the Atlantic Ocean to the west and the Mediterranean, Black and Caspian Seas to the south. Land relief in Europe shows great variation within relatively small areas. The southern regions are more mountainous, while moving north the terrain descends from the high Alps , Pyrenees and Carpathians , through hilly uplands, into broad, low northern plains, which are vast in the east.",geography,primary,earth_regions,,,Europe,"area, coast, land, mountain, region, terrain","area, border, continent, region",21.0,wikipedia,88,528,3,4.0,56.472
"^ An initial idea that the dispersal was caused by population pressure following the introduction of farming is generally now discounted. ^ Egypt is generally considered a transcontinental country in Northern Africa (UN region) and Western Asia; population and area figures are for African portion only, west of the Suez Canal .",geography,primary,earth_regions,,,Africa,"area, country, population, region","area, continent, country, region",19.0,wikipedia,52,328,3,6.0,55.672
"^ Egypt is generally considered a transcontinental country in Northern Africa (UN region) and Western Asia; population and area figures are for African portion only, west of the Suez Canal . ^ Bloemfontein is the judicial capital of South Africa, while Cape Town is its legislative seat, and Pretoria is the country's administrative seat.",geography,primary,earth_regions,,,Africa,"area, country, population, region","area, continent, country, region",19.0,wikipedia,54,338,3,6.0,55.662
"However, it actually served as a paradigm for physical geography. His theory explained that mountains and other landforms are shaped by factors that are manifested cyclically. He explained that the cycle begins with the uplift of the relief by geological processes (faulting, volcanism, tectonic uplift, etc.). Factors such as rivers and runoff begin to create V-shaped valleys between the mountains (the ""youth"" stage).",geography,primary,physical_geography,,,Physical_geography,"geography, land, mountain, river","landform, mountain, physical geography, river",19.0,wikipedia,63,420,3,6.0,55.58
"His theory explained that mountains and other landforms are shaped by factors that are manifested cyclically. He explained that the cycle begins with the uplift of the relief by geological processes (faulting, volcanism, tectonic uplift, etc.). Factors such as rivers and runoff begin to create V-shaped valleys between the mountains (the ""youth"" stage). During this first stage, the terrain is steeper and more irregular.",geography,primary,physical_geography,,,Physical_geography,"land, mountain, river, terrain","landform, mountain, river, terrain",19.0,wikipedia,64,422,3,5.0,54.078
"^ Some scholars contest that cultures and identities cannot be considered fixed or invariable, especially over such a long time period. ^ An initial idea that the dispersal was caused by population pressure following the introduction of farming is generally now discounted. ^ Egypt is generally considered a transcontinental country in Northern Africa (UN region) and Western Asia; population and area figures are for African portion only, west of the Suez Canal .",geography,primary,earth_regions,,,Africa,"area, country, population, region","area, continent, country, region",19.0,wikipedia,73,464,3,4.0,52.536
"^ An initial idea that the dispersal was caused by population pressure following the introduction of farming is generally now discounted. ^ Egypt is generally considered a transcontinental country in Northern Africa (UN region) and Western Asia; population and area figures are for African portion only, west of the Suez Canal . ^ Bloemfontein is the judicial capital of South Africa, while Cape Town is its legislative seat, and Pretoria is the country's administrative seat.",geography,primary,earth_regions,,,Africa,"area, country, population, region","area, continent, country, region",19.0,wikipedia,75,476,3,4.0,52.524
"^ Some scholars contest that cultures and identities cannot be considered fixed or invariable, especially over such a long time period. ^ An initial idea that the dispersal was caused by population pressure following the introduction of farming is generally now discounted. ^ Egypt is generally considered a transcontinental country in Northern Africa (UN region) and Western Asia; population and area figures are for African portion only, west of the Suez Canal . ^ Bloemfontein is the judicial capital of South Africa, while Cape Town is its legislative seat, and Pretoria is the country's administrative seat.",geography,primary,earth_regions,,,Africa,"area, country, population, region","area, continent, country, region",19.0,wikipedia,96,612,3,1.0,47.888
"This subdiscipline also draws on ideas from other branches of Human Geography to see their involvement in the processes and patterns evident in an urban area . Subfields include: Economic geography , Population geography , and Settlement geography . These are clearly not the only subfields that could be used to assist in the study of Urban geography , but they are some major players.",geography,primary,human_geography,,,Human_geography,"area, geography, population","human geography, population, settlement, urban",18.3,wikipedia,65,386,3,6.0,54.214
"Another area of interest is the internal organization of urban areas, including how different demographic groups are distributed and the layout of infrastructure. This subdiscipline also draws on ideas from other branches of Human Geography to see their involvement in the processes and patterns evident in an urban area . Subfields include: Economic geography , Population geography , and Settlement geography . These are clearly not the only subfields that could be used to assist in the study of Urban geography , but they are some major players.",geography,primary,human_geography,,,Human_geography,"area, geography, population","human geography, population, settlement, urban",18.3,wikipedia,88,549,3,4.0,51.051
"Another area of interest is the internal organization of urban areas, including how different demographic groups are distributed and the layout of infrastructure. This subdiscipline also draws on ideas from other branches of Human Geography to see their involvement in the processes and patterns evident in an urban area . Subfields include: Economic geography , Population geography , and Settlement geography .",geography,primary,human_geography,,,Human_geography,"area, geography, population","human geography, population, settlement, urban",18.0,wikipedia,62,412,3,6.0,53.588
"Two main interests are site (how a settlement is positioned relative to the physical environment) and situation (how a settlement is positioned relative to other settlements). Another area of interest is the internal organization of urban areas, including how different demographic groups are distributed and the layout of infrastructure. This subdiscipline also draws on ideas from other branches of Human Geography to see their involvement in the processes and patterns evident in an urban area . Subfields include: Economic geography , Population geography , and Settlement geography .",geography,primary,human_geography,,,Human_geography,"area, geography, population","human geography, population, settlement, urban",18.0,wikipedia,88,588,3,2.5,48.162
"^ Figures for France include only metropolitan France : some politically integral parts of France are geographically located outside Europe. ^ Kazakhstan is physiographically considered a transcontinental country, mostly in Central Asia (UN region), partly in Eastern Europe, with European territory west of the Ural Mountains and Ural River . However, only the population figure refers to the entire country.",geography,primary,earth_regions,,,Europe,"country, mountain, population, region, river","continent, country, region",17.5,wikipedia,60,409,3,6.0,52.591
"Its maritime borders consist of the Arctic Ocean to the north, the Atlantic Ocean to the west and the Mediterranean, Black and Caspian Seas to the south. Land relief in Europe shows great variation within relatively small areas. The southern regions are more mountainous, while moving north the terrain descends from the high Alps , Pyrenees and Carpathians , through hilly uplands, into broad, low northern plains, which are vast in the east.",geography,primary,earth_regions,,,Europe,"area, land, mountain, region, terrain","area, border, region",17.5,wikipedia,73,443,3,4.0,49.557
"^ Figures for Portugal include the Azores and Madeira archipelagos, both in the North Atlantic. ^ Figures for France include only metropolitan France : some politically integral parts of France are geographically located outside Europe. ^ Kazakhstan is physiographically considered a transcontinental country, mostly in Central Asia (UN region), partly in Eastern Europe, with European territory west of the Ural Mountains and Ural River . However, only the population figure refers to the entire country.",geography,primary,earth_regions,,,Europe,"country, mountain, population, region, river","continent, country, region",17.5,wikipedia,75,505,3,4.0,49.495
"Other Channel Islands legislated by the Bailiwick of Guernsey include Alderney and Sark . ^ Figures for Portugal include the Azores and Madeira archipelagos, both in the North Atlantic. ^ Figures for France include only metropolitan France : some politically integral parts of France are geographically located outside Europe. ^ Kazakhstan is physiographically considered a transcontinental country, mostly in Central Asia (UN region), partly in Eastern Europe, with European territory west of the Ural Mountains and Ural River .",geography,primary,earth_regions,,,Europe,"country, land, mountain, region, river","continent, country, region",17.5,wikipedia,79,529,3,4.0,49.471
"Its maritime borders consist of the Arctic Ocean to the north, the Atlantic Ocean to the west and the Mediterranean, Black and Caspian Seas to the south. Land relief in Europe shows great variation within relatively small areas. The southern regions are more mountainous, while moving north the terrain descends from the high Alps , Pyrenees and Carpathians , through hilly uplands, into broad, low northern plains, which are vast in the east. This extended lowland is known as the Great European Plain and at its heart lies the North German Plain .",geography,primary,earth_regions,,,Europe,"area, land, mountain, region, terrain","area, border, region",17.5,wikipedia,93,549,3,2.5,47.201
"This subdiscipline also draws on ideas from other branches of Human Geography to see their involvement in the processes and patterns evident in an urban area . Subfields include: Economic geography , Population geography , and Settlement geography .",geography,primary,human_geography,,,Human_geography,"area, geography, population","human geography, population, settlement, urban",17.0,wikipedia,39,249,3,6.0,51.751
"^ Kazakhstan is physiographically considered a transcontinental country, mostly in Central Asia (UN region), partly in Eastern Europe, with European territory west of the Ural Mountains and Ural River . However, only the population figure refers to the entire country.",geography,primary,earth_regions,,,Europe,"country, mountain, population, region, river","continent, country, region",16.5,wikipedia,40,268,3,6.0,50.732
"^ Figures for France include only metropolitan France : some politically integral parts of France are geographically located outside Europe. ^ Kazakhstan is physiographically considered a transcontinental country, mostly in Central Asia (UN region), partly in Eastern Europe, with European territory west of the Ural Mountains and Ural River .",geography,primary,earth_regions,,,Europe,"country, mountain, region, river","continent, country, region",16.5,wikipedia,50,343,3,6.0,50.657
"It contains 54 fully recognised sovereign states , eight cities and islands that are part of non-African states , and two de facto independent states with limited or no recognition . This count does not include Malta and Sicily , which are geologically part of the African continent. Algeria is Africa's largest country by area, and Nigeria is its largest by population.",geography,primary,earth_regions,,,Africa,"area, country, land, population","area, continent, country",16.5,wikipedia,62,370,3,6.0,50.63
"William Morris Davis not only made important contributions to establishing discipline in his country but also revolutionized the field by developing the cycle of erosion theory, which he proposed as a paradigm for geography in general. However, it actually served as a paradigm for physical geography. His theory explained that mountains and other landforms are shaped by factors that are manifested cyclically.",geography,primary,physical_geography,,,Physical_geography,"country, geography, land, mountain","landform, mountain, physical geography",16.5,wikipedia,62,411,3,6.0,50.589
"The continent includes Madagascar and various archipelagos . It contains 54 fully recognised sovereign states , eight cities and islands that are part of non-African states , and two de facto independent states with limited or no recognition . This count does not include Malta and Sicily , which are geologically part of the African continent. Algeria is Africa's largest country by area, and Nigeria is its largest by population.",geography,primary,earth_regions,,,Africa,"area, country, land, population","area, continent, country",16.5,wikipedia,70,431,3,5.0,49.069
"^ Figures for Portugal include the Azores and Madeira archipelagos, both in the North Atlantic. ^ Figures for France include only metropolitan France : some politically integral parts of France are geographically located outside Europe. ^ Kazakhstan is physiographically considered a transcontinental country, mostly in Central Asia (UN region), partly in Eastern Europe, with European territory west of the Ural Mountains and Ural River .",geography,primary,earth_regions,,,Europe,"country, mountain, region, river","continent, country, region",16.5,wikipedia,65,439,3,5.0,49.061
"The climate of Africa ranges from tropical to subarctic on its highest peaks. Its northern half is primarily desert , or arid , while its central and southern areas contain both savanna plains and dense jungle (rainforest) regions. In between, there is a convergence, where vegetation patterns such as sahel and steppe dominate. Africa is the hottest continent on Earth and 60% of the entire land surface consists of drylands and deserts.",geography,primary,earth_regions,,,Africa,"area, climate, land, region","area, continent, region",16.5,wikipedia,72,438,3,4.0,47.562
"It contains 54 fully recognised sovereign states , eight cities and islands that are part of non-African states , and two de facto independent states with limited or no recognition . This count does not include Malta and Sicily , which are geologically part of the African continent. Algeria is Africa's largest country by area, and Nigeria is its largest by population. African nations cooperate through the establishment of the African Union , which is headquartered in Addis Ababa .",geography,primary,earth_regions,,,Africa,"area, country, land, population","area, continent, country",16.5,wikipedia,80,485,3,4.0,47.515
"Another major event in the late nineteenth and early twentieth centuries took place in the United States . William Morris Davis not only made important contributions to establishing discipline in his country but also revolutionized the field by developing the cycle of erosion theory, which he proposed as a paradigm for geography in general. However, it actually served as a paradigm for physical geography. His theory explained that mountains and other landforms are shaped by factors that are manifested cyclically.",geography,primary,physical_geography,,,Physical_geography,"country, geography, land, mountain","landform, mountain, physical geography",16.5,wikipedia,80,518,3,4.0,47.482
"William Morris Davis not only made important contributions to establishing discipline in his country but also revolutionized the field by developing the cycle of erosion theory, which he proposed as a paradigm for geography in general. However, it actually served as a paradigm for physical geography. His theory explained that mountains and other landforms are shaped by factors that are manifested cyclically. He explained that the cycle begins with the uplift of the relief by geological processes (faulting, volcanism, tectonic uplift, etc.).",geography,primary,physical_geography,,,Physical_geography,"country, geography, land, mountain","landform, mountain, physical geography",16.5,wikipedia,82,546,3,4.0,47.454
"Landslip hazards have increased in both number and magnitude due to climate change. Patterns of river discharge will also be significantly affected by climate change, which in turn will have significant impacts on communities that rely on water fed from alpine sources. Nearly half of mountain areas provide essential or supportive water resources for mainly urban populations, in particular during the dry season and in semiarid areas such as in central Asia.",geography,primary,physical_geography,,,Mountain,"area, climate, land, mountain, population, river","mountain, river",16.0,wikipedia,72,460,3,4.0,46.54
"Population geography is the study of the distribution, composition, migration, and growth of human populations in relation to the geographic characteristics of specific area. It focuses on how populations are distributed across space, the factors influencing these distributions, and the implications for resources, environment, and societal development. This branch of geography integrates demographic data with spatial analysis to understand patterns such as population density, urbanization, and migration trends.",geography,primary,human_geography,,,Population_geography,"area, geography, population","migration, population, urban",15.8,wikipedia,68,516,3,5.0,47.584
"Despite being primarily located in Asia, Georgia leans strongly towards European culture and has closer ties with the UN and NATO . ^ Indonesia is a transcontinental country , with the island of New Guinea being located in Melanesia - a region of Oceania .",geography,primary,earth_regions,,,Asia,"country, land, region","continent, country, region",15.5,wikipedia,45,256,3,6.0,48.744
"This count does not include Malta and Sicily , which are geologically part of the African continent. Algeria is Africa's largest country by area, and Nigeria is its largest by population. African nations cooperate through the establishment of the African Union , which is headquartered in Addis Ababa .",geography,primary,earth_regions,,,Africa,"area, country, population","area, continent, country",15.5,wikipedia,49,302,3,6.0,48.698
"Factors such as rivers and runoff begin to create V-shaped valleys between the mountains (the ""youth"" stage). During this first stage, the terrain is steeper and more irregular. Over time, the currents can carve wider valleys (""maturity"") and then start to wind, leaving only towering hills (""senescence"").",geography,primary,physical_geography,,,Physical_geography,"mountain, river, terrain","mountain, river, terrain",15.5,wikipedia,47,306,3,6.0,48.694
"However, it actually served as a paradigm for physical geography. His theory explained that mountains and other landforms are shaped by factors that are manifested cyclically. He explained that the cycle begins with the uplift of the relief by geological processes (faulting, volcanism, tectonic uplift, etc.).",geography,primary,physical_geography,,,Physical_geography,"geography, land, mountain","landform, mountain, physical geography",15.5,wikipedia,46,310,3,6.0,48.69
"He explained that the cycle begins with the uplift of the relief by geological processes (faulting, volcanism, tectonic uplift, etc.). Factors such as rivers and runoff begin to create V-shaped valleys between the mountains (the ""youth"" stage). During this first stage, the terrain is steeper and more irregular.",geography,primary,physical_geography,,,Physical_geography,"mountain, river, terrain","mountain, river, terrain",15.5,wikipedia,48,312,3,6.0,48.688
"It has a higher ratio of coast to landmass than any other continent or subcontinent. Its maritime borders consist of the Arctic Ocean to the north, the Atlantic Ocean to the west and the Mediterranean, Black and Caspian Seas to the south. Land relief in Europe shows great variation within relatively small areas.",geography,primary,earth_regions,,,Europe,"area, coast, land","area, border, continent",15.5,wikipedia,53,313,3,6.0,48.687
"Gross physical features or landforms include intuitive elements such as berms , cliffs , hills , mounds , peninsulas , ridges , rivers , valleys , volcanoes , and numerous other structural and size-scaled (e.g. mountains ) elements including various kinds of inland and oceanic waterbodies and sub-surface features.",geography,primary,physical_geography,,,Landform,"land, mountain, river","landform, mountain, river",15.5,wikipedia,49,315,3,6.0,48.685
"Despite being primarily located in Asia, Georgia leans strongly towards European culture and has closer ties with the UN and NATO . ^ Indonesia is a transcontinental country , with the island of New Guinea being located in Melanesia - a region of Oceania . New Guinea's eastern portion is shared with Papua New Guinea .",geography,primary,earth_regions,,,Asia,"country, land, region","continent, country, region",15.5,wikipedia,56,319,3,6.0,48.681
"Landforms together make up a given terrain , and their arrangement in the landscape is known as topography . Landforms include hills , mountains , canyons , and valleys , as well as shoreline features such as bays , peninsulas , and seas , including submerged features such as mid-ocean ridges , volcanoes , and the great oceanic basins .",geography,primary,physical_geography,,,Landform,"land, mountain, terrain","landform, mountain, terrain",15.5,wikipedia,60,338,3,6.0,48.662
"^ Georgia is a transcontinental country , with a small northern portion lying in Europe . Despite being primarily located in Asia, Georgia leans strongly towards European culture and has closer ties with the UN and NATO . ^ Indonesia is a transcontinental country , with the island of New Guinea being located in Melanesia - a region of Oceania .",geography,primary,earth_regions,,,Asia,"country, land, region","continent, country, region",15.5,wikipedia,61,346,3,6.0,48.654
"His theory explained that mountains and other landforms are shaped by factors that are manifested cyclically. He explained that the cycle begins with the uplift of the relief by geological processes (faulting, volcanism, tectonic uplift, etc.). Factors such as rivers and runoff begin to create V-shaped valleys between the mountains (the ""youth"" stage).",geography,primary,physical_geography,,,Physical_geography,"land, mountain, river","landform, mountain, river",15.5,wikipedia,53,354,3,6.0,48.646
"Its northern half is primarily desert , or arid , while its central and southern areas contain both savanna plains and dense jungle (rainforest) regions. In between, there is a convergence, where vegetation patterns such as sahel and steppe dominate. Africa is the hottest continent on Earth and 60% of the entire land surface consists of drylands and deserts.",geography,primary,earth_regions,,,Africa,"area, land, region","area, continent, region",15.5,wikipedia,59,360,3,6.0,48.64
"Europe makes up the western fifth of the Eurasian landmass. It has a higher ratio of coast to landmass than any other continent or subcontinent. Its maritime borders consist of the Arctic Ocean to the north, the Atlantic Ocean to the west and the Mediterranean, Black and Caspian Seas to the south. Land relief in Europe shows great variation within relatively small areas.",geography,primary,earth_regions,,,Europe,"area, coast, land","area, border, continent",15.5,wikipedia,63,373,3,6.0,48.627
"In addition, some definitions also include a topographical prominence requirement, such as that the mountain rises 300 metres (984 ft) above the surrounding terrain. At one time, the United States Board on Geographic Names defined a mountain as being 1,000 feet (305 m) or taller, but has abandoned the definition since the 1970s. Any similar landform lower than this height was considered a hill.",geography,primary,physical_geography,,,Mountain,"land, mountain, terrain","landform, mountain, terrain",15.5,wikipedia,64,397,3,6.0,48.603
"Gross physical features or landforms include intuitive elements such as berms , cliffs , hills , mounds , peninsulas , ridges , rivers , valleys , volcanoes , and numerous other structural and size-scaled (e.g. mountains ) elements including various kinds of inland and oceanic waterbodies and sub-surface features. Hills, mountains, plains , and plateaus are the four major types of landforms on Earth.",geography,primary,physical_geography,,,Landform,"land, mountain, river","landform, mountain, river",15.5,wikipedia,64,403,3,6.0,48.597
"Factors such as rivers and runoff begin to create V-shaped valleys between the mountains (the ""youth"" stage). During this first stage, the terrain is steeper and more irregular. Over time, the currents can carve wider valleys (""maturity"") and then start to wind, leaving only towering hills (""senescence""). Finally, everything comes down to a plain, flat plain at the lowest possible elevation (called ""baseline"").",geography,primary,physical_geography,,,Physical_geography,"mountain, river, terrain","mountain, river, terrain",15.5,wikipedia,63,414,3,6.0,48.586
"^ Georgia is a transcontinental country , with a small northern portion lying in Europe . Despite being primarily located in Asia, Georgia leans strongly towards European culture and has closer ties with the UN and NATO . ^ Indonesia is a transcontinental country , with the island of New Guinea being located in Melanesia - a region of Oceania . New Guinea's eastern portion is shared with Papua New Guinea .",geography,primary,earth_regions,,,Asia,"country, land, region","continent, country, region",15.5,wikipedia,72,409,3,5.0,47.091
"He explained that the cycle begins with the uplift of the relief by geological processes (faulting, volcanism, tectonic uplift, etc.). Factors such as rivers and runoff begin to create V-shaped valleys between the mountains (the ""youth"" stage). During this first stage, the terrain is steeper and more irregular. Over time, the currents can carve wider valleys (""maturity"") and then start to wind, leaving only towering hills (""senescence"").",geography,primary,physical_geography,,,Physical_geography,"mountain, river, terrain","mountain, river, terrain",15.5,wikipedia,67,441,3,5.0,47.059
"Landforms are categorized by characteristic physical attributes such as elevation, slope, orientation, and structure stratification , rock exposure, and soil type. Gross physical features or landforms include intuitive elements such as berms , cliffs , hills , mounds , peninsulas , ridges , rivers , valleys , volcanoes , and numerous other structural and size-scaled (e.g. mountains ) elements including various kinds of inland and oceanic waterbodies and sub-surface features.",geography,primary,physical_geography,,,Landform,"land, mountain, river","landform, mountain, river",15.5,wikipedia,70,479,3,5.0,47.021
"They may be natural or may be anthropogenic (caused or influenced by human activity). Landforms together make up a given terrain , and their arrangement in the landscape is known as topography . Landforms include hills , mountains , canyons , and valleys , as well as shoreline features such as bays , peninsulas , and seas , including submerged features such as mid-ocean ridges , volcanoes , and the great oceanic basins .",geography,primary,physical_geography,,,Landform,"land, mountain, terrain","landform, mountain, terrain",15.5,wikipedia,74,424,3,4.0,45.576
"^ Egypt is a transcontinental country located primarily in Africa , with the Sinai Peninsula being located in Asia. ^ Georgia is a transcontinental country , with a small northern portion lying in Europe . Despite being primarily located in Asia, Georgia leans strongly towards European culture and has closer ties with the UN and NATO . ^ Indonesia is a transcontinental country , with the island of New Guinea being located in Melanesia - a region of Oceania .",geography,primary,earth_regions,,,Asia,"country, land, region","continent, country, region",15.5,wikipedia,80,462,3,4.0,45.538
"Gross physical features or landforms include intuitive elements such as berms , cliffs , hills , mounds , peninsulas , ridges , rivers , valleys , volcanoes , and numerous other structural and size-scaled (e.g. mountains ) elements including various kinds of inland and oceanic waterbodies and sub-surface features. Hills, mountains, plains , and plateaus are the four major types of landforms on Earth. Minor landforms include basins, buttes , canyons, and valleys.",geography,primary,physical_geography,,,Landform,"land, mountain, river","landform, mountain, river",15.5,wikipedia,73,466,3,4.0,45.534
"Asia varies greatly across and within its regions with regard to ethnic groups , cultures, environments, economics, historical ties, and government systems. It also has a mix of many different climates ranging from the equatorial south via the hot deserts in parts of West Asia , Central Asia , South Asia , and East Asia and tropical jungles in Southeast Asia , temperate areas in the east and the continental centre to vast subarctic and polar areas in North Asia .",geography,primary,earth_regions,,,Asia,"area, climate, region","area, continent, region",15.5,wikipedia,81,467,3,4.0,45.533
"Its northern half is primarily desert , or arid , while its central and southern areas contain both savanna plains and dense jungle (rainforest) regions. In between, there is a convergence, where vegetation patterns such as sahel and steppe dominate. Africa is the hottest continent on Earth and 60% of the entire land surface consists of drylands and deserts. The record for the highest-ever recorded temperature, in Libya in 1922 (58 °C (136 °F)), was discredited in 2013.",geography,primary,earth_regions,,,Africa,"area, land, region","area, continent, region",15.5,wikipedia,78,474,3,4.0,45.526
"The central steppe region had long been inhabited by horse-mounted nomads who could reach all areas of Asia from the steppes . The earliest postulated expansion out of the steppe is that of the Indo-Europeans , who spread their languages into West Asia, South Asia, and the borders of China, where the Tocharians resided. The northernmost part of Asia, including much of Siberia , was largely inaccessible to the steppe nomads, owing to the dense forests, climate and tundra .",geography,primary,earth_regions,,,Asia,"area, climate, region","area, border, region",15.5,wikipedia,80,476,3,4.0,45.524
"Whether a landform is called a mountain may depend on local usage. John Whittow's Dictionary of Physical Geography states ""Some authorities regard eminences above 600 metres (1,969 ft) as mountains, those below being referred to as hills."" Conversely, some lower mountain ranges with an average elevation between 1,500 metres (4,921 ft) and 2,000 metres (6,562 ft) may instead be called hills, such as the Sivalik Hills in the Himalayas and the Black Hills in the United States .",geography,primary,physical_geography,,,Mountain,"geography, land, mountain","landform, mountain, physical geography",15.5,wikipedia,78,479,3,4.0,45.521
"In addition, some definitions also include a topographical prominence requirement, such as that the mountain rises 300 metres (984 ft) above the surrounding terrain. At one time, the United States Board on Geographic Names defined a mountain as being 1,000 feet (305 m) or taller, but has abandoned the definition since the 1970s. Any similar landform lower than this height was considered a hill. However, today, the United States Geological Survey concludes that these terms do not have technical definitions in the US.",geography,primary,physical_geography,,,Mountain,"land, mountain, terrain","landform, mountain, terrain",15.5,wikipedia,83,521,3,4.0,45.479
"As urban areas grow from increasing human population and from migration, this can result in deforestation, habitat loss, and extraction of freshwater from the environment which can decrease biodiversity and alter the species ranges and interaction. Some additional cause-and-effect relationships between urban geography and ecosystems include habitat loss which decreases the species' populations, ranges, and interaction among organisms, the life cycles, and traits can help species survive and reproduce in disturbed ecosystems.",geography,primary,human_geography,,,Urban_geography,"area, geography, population","migration, population, urban",15.5,wikipedia,72,530,3,4.0,45.47
"Land relief in Europe shows great variation within relatively small areas. The southern regions are more mountainous, while moving north the terrain descends from the high Alps , Pyrenees and Carpathians , through hilly uplands, into broad, low northern plains, which are vast in the east.",geography,primary,earth_regions,,,Europe,"area, land, mountain, region, terrain","area, region",15.0,wikipedia,46,289,3,6.0,47.711
"Patterns of river discharge will also be significantly affected by climate change, which in turn will have significant impacts on communities that rely on water fed from alpine sources. Nearly half of mountain areas provide essential or supportive water resources for mainly urban populations, in particular during the dry season and in semiarid areas such as in central Asia.",geography,primary,physical_geography,,,Mountain,"area, climate, mountain, population, river","mountain, river",15.0,wikipedia,59,376,3,6.0,47.624
"Land relief in Europe shows great variation within relatively small areas. The southern regions are more mountainous, while moving north the terrain descends from the high Alps , Pyrenees and Carpathians , through hilly uplands, into broad, low northern plains, which are vast in the east. This extended lowland is known as the Great European Plain and at its heart lies the North German Plain .",geography,primary,earth_regions,,,Europe,"area, land, mountain, region, terrain","area, region",15.0,wikipedia,66,395,3,6.0,47.605
"The central steppe region had long been inhabited by horse-mounted nomads who could reach all areas of Asia from the steppes . The earliest postulated expansion out of the steppe is that of the Indo-Europeans , who spread their languages into West Asia, South Asia, and the borders of China, where the Tocharians resided.",geography,primary,earth_regions,,,Asia,"area, region","area, border, region",14.5,wikipedia,54,321,3,6.0,46.679
"The human population is the main contributor to the expansion of urban areas. As urban areas grow from increasing human population and from migration, this can result in deforestation, habitat loss, and extraction of freshwater from the environment which can decrease biodiversity and alter the species ranges and interaction.",geography,primary,human_geography,,,Urban_geography,"area, population","migration, population, urban",14.5,wikipedia,49,326,3,6.0,46.674
"In cities, species can become endangered or locally extinct. The human population is the main contributor to the expansion of urban areas. As urban areas grow from increasing human population and from migration, this can result in deforestation, habitat loss, and extraction of freshwater from the environment which can decrease biodiversity and alter the species ranges and interaction.",geography,primary,human_geography,,,Urban_geography,"area, population","migration, population, urban",14.5,wikipedia,58,387,3,6.0,46.613
"It focuses on how populations are distributed across space, the factors influencing these distributions, and the implications for resources, environment, and societal development. This branch of geography integrates demographic data with spatial analysis to understand patterns such as population density, urbanization, and migration trends. Population geography involves demography in a geographical perspective.",geography,primary,human_geography,,,Population_geography,"geography, population","migration, population, urban",14.5,wikipedia,52,413,3,6.0,46.587
"The sides of rivers have land that is at a higher elevation than the river itself, and in these areas, water flows downhill into the river. The headwaters of a river are the smaller streams that feed a river, and make up the river's source. These streams may be small and flow rapidly down the sides of mountains .",geography,primary,physical_geography,,,River,"area, land, mountain, river","mountain, river",14.0,wikipedia,59,314,3,6.0,45.686
"The bed of a river is typically within a river valley between hills or mountains . Rivers flowing through an impermeable section of land such as rocks will erode the slopes on the sides of the river. When a river carves a plateau or a similar high-elevation area, a canyon can form, with cliffs on either side of the river.",geography,primary,physical_geography,,,River,"area, land, mountain, river","mountain, river",14.0,wikipedia,60,323,3,6.0,45.677
"Rivers must flow to lower altitudes due to gravity . The bed of a river is typically within a river valley between hills or mountains . Rivers flowing through an impermeable section of land such as rocks will erode the slopes on the sides of the river. When a river carves a plateau or a similar high-elevation area, a canyon can form, with cliffs on either side of the river.",geography,primary,physical_geography,,,River,"area, land, mountain, river","mountain, river",14.0,wikipedia,70,376,3,6.0,45.624
"Subfields include: Economic geography , Population geography , and Settlement geography . These are clearly not the only subfields that could be used to assist in the study of Urban geography , but they are some major players.",geography,primary,human_geography,,,Human_geography,"geography, population","population, settlement, urban",13.8,wikipedia,38,226,3,6.0,45.374
"Other models consider Asia as part of a Eurasian or Afro-Eurasian continent (see Continent § Number ). ^ Siberia lies in Asia geographically, but is considered part of Europe culturally and politically. ^ Azerbaijan is a transcontinental country , straddling the border between Europe and Asia.",geography,primary,earth_regions,,,Asia,country,"border, continent, country",13.5,wikipedia,46,294,3,6.0,44.706
"Medicine is the science and practice of caring for patients , managing the diagnosis , prognosis , prevention , treatment and palliation of their injury or disease , while promoting their health . Medicine encompasses a variety of health care practices which evolved to maintain and restore health through the prevention and treatment of illness .",health,primary,medicine,,,Medicine,"care, diagnosis, disease, health, medicine, patient, treatment","diagnosis, medicine, treatment",19.5,wikipedia,56,347,3,6.0,56.653
"Multiple national medical guidelines recommend early palliative care for patients whose cancer has produced distressing symptoms or who need help coping with their illness. In patients first diagnosed with metastatic disease, palliative care may be immediately indicated. Palliative care is indicated for patients with a prognosis of less than 12 months of life even given aggressive treatment.",health,primary,disease,,,Cancer,"care, disease, medical, patient, symptoms, treatment","cancer, disease, illness",18.5,wikipedia,57,394,3,6.0,54.606
"Internal medicine is the medical specialty dealing with the prevention, diagnosis, and treatment of adult diseases. According to some sources, an emphasis on internal structures is implied. In North America, specialists in internal medicine are commonly called ""internists"". Elsewhere, especially in Commonwealth nations, such specialists are often called physicians .",health,primary,medicine,,,Medicine,"diagnosis, disease, medical, medicine, treatment","diagnosis, medicine, treatment",17.8,wikipedia,50,368,3,6.0,53.232
Addiction medicine deals with the treatment of addiction. Aerospace medicine deals with medical problems related to flying and space travel . Biomedical Engineering is a field dealing with the application of engineering principles to medical practice. Clinical pharmacology is concerned with how systems of therapeutics interact with patients.,health,primary,medicine,,,Medicine,"clinical, medical, medicine, patient, treatment","medicine, pharmacology, treatment",17.5,wikipedia,48,343,3,6.0,52.657
"The medical treatment of infectious diseases falls into the medical field of Infectious Disease and in some cases the study of propagation pertains to the field of Epidemiology . Generally, infections are initially diagnosed by primary care physicians or internal medicine specialists. For example, an ""uncomplicated"" pneumonia will generally be treated by the internist or the pulmonologist (lung physician). The work of the infectious diseases specialist therefore entails working with both patients and general practitioners, as well as laboratory scientists , immunologists , bacteriologists and other specialists.",health,primary,disease,,,Infectious_disease,"care, disease, infection, medical, medicine, patient, treatment","disease, infection",17.3,wikipedia,87,618,3,2.5,46.732
"An infection is the invasion of tissues by pathogens , their multiplication, and the reaction of host tissues to the infectious agent and the toxins they produce. An infectious disease , also known as a transmissible disease or communicable disease , is an illness resulting from an infection.",health,primary,disease,,,Infectious_disease,"disease, infection","disease, illness, infection, pathogen",17.0,wikipedia,48,293,3,6.0,51.707
"Internal medicine is the medical specialty dealing with the prevention, diagnosis, and treatment of adult diseases. According to some sources, an emphasis on internal structures is implied. In North America, specialists in internal medicine are commonly called ""internists"".",health,primary,medicine,,,Medicine,"diagnosis, disease, medical, medicine, treatment","diagnosis, medicine, treatment",16.8,wikipedia,38,274,3,6.0,51.326
"Therapy as a treatment for physical or mental condition is based on knowledge usually from one of three separate fields (or a combination of them): conventional medicine (allopathic, Western biomedicine, relying on scientific approach and evidence-based practice), traditional medicine (age-old cultural practices), and alternative medicine (healthcare procedures ""not readily integrated into the dominant healthcare model"").",health,primary,medicine,,,Therapy,"care, health, medicine, treatment","medicine, therapy, treatment",16.8,wikipedia,55,425,3,5.0,49.675000000000004
"Multiple national medical guidelines recommend early palliative care for patients whose cancer has produced distressing symptoms or who need help coping with their illness. In patients first diagnosed with metastatic disease, palliative care may be immediately indicated.",health,primary,disease,,,Cancer,"care, disease, medical, patient, symptoms","cancer, disease, illness",16.5,wikipedia,37,271,3,6.0,50.729
Single-agent therapy is a care algorithm that focuses on one specific drug or procedure. It utilizes a single therapeutic agent rather than combining multiple ones. Multiagent Therapy is a treatment by two or more drugs or procedures. Comprehensive therapy combines various forms of medical treatment to provide the most effective care for patients.,health,primary,medicine,,,Therapy,"care, medical, patient, treatment","drug, therapy, treatment",16.5,wikipedia,53,349,3,6.0,50.651
"Diabetes patients' comorbidities have a significant impact on medical expenses and related costs. It has been demonstrated that patients with diabetes are more likely to experience respiratory, urinary tract, and skin infections, develop atherosclerosis, hypertension, and chronic kidney disease, putting them at increased risk of infection and complications that require medical attention.",health,primary,disease,,,Diabetes,"disease, infection, medical, patient","diabetes, disease, infection",16.5,wikipedia,52,390,3,6.0,50.61
"It has been demonstrated that patients with diabetes are more likely to experience respiratory, urinary tract, and skin infections, develop atherosclerosis, hypertension, and chronic kidney disease, putting them at increased risk of infection and complications that require medical attention. Patients with diabetes mellitus are more likely to experience certain infections, such as COVID-19, with prevalence rates ranging from 5.3 to 35.5%.",health,primary,disease,,,Diabetes,"disease, infection, medical, patient","diabetes, disease, infection",16.5,wikipedia,61,441,3,5.0,49.059
"The word infection can denote any presence of a particular pathogen at all (no matter how little) but also is often used in a sense implying a clinically apparent infection (in other words, a case of infectious disease). This fact occasionally creates some ambiguity or prompts some usage discussion; to get around this it is common for health professionals to speak of colonization (rather than infection ) when they mean that some of the pathogens are present but that no clinically apparent infection (no disease) is present.",health,primary,disease,,,Infectious_disease,"clinical, disease, health, infection","disease, infection, pathogen",16.5,wikipedia,87,528,3,4.0,47.472
"Diabetes patients' comorbidities have a significant impact on medical expenses and related costs. It has been demonstrated that patients with diabetes are more likely to experience respiratory, urinary tract, and skin infections, develop atherosclerosis, hypertension, and chronic kidney disease, putting them at increased risk of infection and complications that require medical attention. Patients with diabetes mellitus are more likely to experience certain infections, such as COVID-19, with prevalence rates ranging from 5.3 to 35.5%.",health,primary,disease,,,Diabetes,"disease, infection, medical, patient","diabetes, disease, infection",16.5,wikipedia,74,539,3,4.0,47.461
"The medical treatment of infectious diseases falls into the medical field of Infectious Disease and in some cases the study of propagation pertains to the field of Epidemiology . Generally, infections are initially diagnosed by primary care physicians or internal medicine specialists. For example, an ""uncomplicated"" pneumonia will generally be treated by the internist or the pulmonologist (lung physician).",health,primary,disease,,,Infectious_disease,"care, disease, infection, medical, medicine, treatment","disease, infection",16.3,wikipedia,59,409,3,6.0,50.191
Lifestyle medicine uses individual lifestyle modification to prevent or revert disease and can be considered a component of preventive medicine and public health. It is implemented as part of primary care rather than a specialty in its own right. : 3 Valles argues that the term social medicine has a narrower and more biomedical focus than the term population health.,health,primary,public_health,,,Public_health,"care, disease, health, medical, medicine, public health","population health, public health",16.0,wikipedia,60,368,3,6.0,49.632
"More personalized therapies that harness a patient's immune system are emerging in the field of cancer immunotherapy . Palliative care is a medical specialty that delivers advanced pain and symptom management, which may be particularly important in those with advanced disease. The chance of survival depends on the type of cancer and extent of disease at the start of treatment. In children under 15 at diagnosis, the five-year survival rate in the developed world is on average 80%.",health,primary,disease,,,Cancer,"care, diagnosis, disease, medical, patient, treatment","cancer, disease",16.0,wikipedia,78,484,3,4.0,46.516
"It is a cornerstone of public health , and shapes policy decisions and evidence-based practice by identifying risk factors for disease and targets for preventive healthcare . Epidemiologists help with study design, collection, and statistical analysis of data, amend interpretation and dissemination of results (including peer review and occasional systematic review ). Epidemiology has helped develop methodology used in clinical research , public health studies, and, to a lesser extent, basic research in the biological sciences.",health,primary,public_health,,,Epidemiology,"care, clinical, disease, health, public health","epidemiology, public health",15.6,wikipedia,76,532,3,4.0,45.668000000000006
It utilizes a single therapeutic agent rather than combining multiple ones. Multiagent Therapy is a treatment by two or more drugs or procedures. Comprehensive therapy combines various forms of medical treatment to provide the most effective care for patients.,health,primary,medicine,,,Therapy,"care, medical, patient, treatment","drug, therapy, treatment",15.5,wikipedia,39,260,3,6.0,48.74
Infection with most pathogens does not result in death of the host and the offending organism is ultimately cleared after the symptoms of the disease have waned. This process requires immune mechanisms to kill or inactivate the inoculum of the pathogen. Specific acquired immunity against infectious diseases may be mediated by antibodies and/or T lymphocytes .,health,primary,disease,,,Infectious_disease,"disease, infection, symptoms","disease, infection, pathogen",15.5,wikipedia,56,361,3,6.0,48.639
"Proving them would require experimental infection of a healthy individual with a pathogen produced as a pure culture. Conversely, even clearly infectious diseases do not always meet the infectious criteria; for example, Treponema pallidum , the causative spirochete of syphilis , cannot be cultured in vitro – however the organism can be cultured in rabbit testes .",health,primary,disease,,,Infectious_disease,"disease, health, infection","disease, infection, pathogen",15.5,wikipedia,57,365,3,6.0,48.635
"The EU has adopted legislation in following areas: Patient's rights in cross-border healthcare, Pharmaceuticals and medical devices (pharmacovigilance, falsified medicines, clinical trials), Health security and infectious diseases, Digital health and care, Tobacco, organs, blood, tissues and cells. The Council of the EU can also send recommendations on public health to member states.",health,primary,public_health,,,Health_policy,"care, clinical, disease, health, medical, medicine, patient, public health",public health,15.5,wikipedia,52,386,3,6.0,48.614
"The stigma placed on mental health makes many men believe showing signs of vulnerability could be considered weak. Men experience immense amounts of internalized stigma from societal expectations, causing symptoms such as isolation, depression, anxiety, and resistance to treatment. Women experience more emotional regulation due to connective relationships with other women or family members.",health,primary,mental_health,,,Mental_health,"health, symptoms, treatment","anxiety, depression, mental health",15.5,wikipedia,54,393,3,6.0,48.607
"For men, society implements strong-headed characteristics such as emotional resilience, hard-headedness, motivation, and stoicism. The stigma placed on mental health makes many men believe showing signs of vulnerability could be considered weak. Men experience immense amounts of internalized stigma from societal expectations, causing symptoms such as isolation, depression, anxiety, and resistance to treatment.",health,primary,mental_health,,,Mental_health,"health, symptoms, treatment","anxiety, depression, mental health",15.5,wikipedia,53,413,3,6.0,48.587
Infection with most pathogens does not result in death of the host and the offending organism is ultimately cleared after the symptoms of the disease have waned. This process requires immune mechanisms to kill or inactivate the inoculum of the pathogen. Specific acquired immunity against infectious diseases may be mediated by antibodies and/or T lymphocytes . Immunity mediated by these two factors may be manifested by:,health,primary,disease,,,Infectious_disease,"disease, infection, symptoms","disease, infection, pathogen",15.5,wikipedia,66,422,3,5.0,47.078
"However, Koch's postulates cannot usually be tested in modern practice for ethical reasons. Proving them would require experimental infection of a healthy individual with a pathogen produced as a pure culture. Conversely, even clearly infectious diseases do not always meet the infectious criteria; for example, Treponema pallidum , the causative spirochete of syphilis , cannot be cultured in vitro – however the organism can be cultured in rabbit testes .",health,primary,disease,,,Infectious_disease,"disease, health, infection","disease, infection, pathogen",15.5,wikipedia,70,457,3,5.0,47.043
"Given the wide range of bacterial, viral, fungal, protozoal, and helminthic pathogens that cause debilitating and life-threatening illnesses, the ability to quickly identify the cause of infection is important yet often challenging. For example, more than half of cases of encephalitis , a severe illness affecting the brain, remain undiagnosed, despite extensive testing using the standard of care ( microbiological culture ) and state-of-the-art clinical laboratory methods.",health,primary,disease,,,Infectious_disease,"care, clinical, infection","illness, infection, pathogen",15.5,wikipedia,67,476,3,5.0,47.024
"For men, society implements strong-headed characteristics such as emotional resilience, hard-headedness, motivation, and stoicism. The stigma placed on mental health makes many men believe showing signs of vulnerability could be considered weak. Men experience immense amounts of internalized stigma from societal expectations, causing symptoms such as isolation, depression, anxiety, and resistance to treatment. Women experience more emotional regulation due to connective relationships with other women or family members.",health,primary,mental_health,,,Mental_health,"health, symptoms, treatment","anxiety, depression, mental health",15.5,wikipedia,68,524,3,5.0,46.976
"Proving them would require experimental infection of a healthy individual with a pathogen produced as a pure culture. Conversely, even clearly infectious diseases do not always meet the infectious criteria; for example, Treponema pallidum , the causative spirochete of syphilis , cannot be cultured in vitro – however the organism can be cultured in rabbit testes . It is less clear that a pure culture comes from an animal source serving as host than it is when derived from microbes derived from plate culture.",health,primary,disease,,,Infectious_disease,"disease, health, infection","disease, infection, pathogen",15.5,wikipedia,84,512,3,4.0,45.488
"Among the many varieties of microorganisms , relatively few cause disease in otherwise healthy individuals. Infectious disease results from the interplay between those few pathogens and the defenses of the hosts they infect. The appearance and severity of disease resulting from any pathogen depend upon the ability of that pathogen to damage the host as well as the ability of the host to resist the pathogen. However, a host's immune system can also cause damage to the host itself in an attempt to control the infection.",health,primary,disease,,,Infectious_disease,"disease, health, infection","disease, infection, pathogen",15.5,wikipedia,86,523,3,4.0,45.477
"The medical treatment of infectious diseases falls into the medical field of Infectious Disease and in some cases the study of propagation pertains to the field of Epidemiology . Generally, infections are initially diagnosed by primary care physicians or internal medicine specialists.",health,primary,disease,,,Infectious_disease,"care, disease, infection, medical, medicine, treatment","disease, infection",15.3,wikipedia,42,285,3,6.0,48.315000000000005
"Overdiagnosis is the diagnosis of ""disease"" that will never cause symptoms or death during a patient's lifetime. It is a problem because it turns people into patients unnecessarily and because it can lead to economic waste ( overutilization ) and treatments that may cause harm.",health,primary,medicine,,,Medical_diagnosis,"diagnosis, disease, patient, symptoms, treatment","diagnosis, treatment",15.0,wikipedia,45,278,3,6.0,47.722
"Medications (Rx): what drugs the patient takes including prescribed , over-the-counter , and home remedies , as well as alternative and herbal medicines or remedies . Past medical history (PMH/PMHx): concurrent medical problems, past hospitalizations and operations, injuries, past infectious diseases or vaccinations , history of known allergies.",health,primary,medicine,,,Medicine,"disease, hospital, medical, medicine, patient","drug, medicine",15.0,wikipedia,48,347,3,6.0,47.653
"Palliative care is a medical specialty that delivers advanced pain and symptom management, which may be particularly important in those with advanced disease. The chance of survival depends on the type of cancer and extent of disease at the start of treatment. In children under 15 at diagnosis, the five-year survival rate in the developed world is on average 80%.",health,primary,disease,,,Cancer,"care, diagnosis, disease, medical, treatment","cancer, disease",15.0,wikipedia,60,365,3,6.0,47.635
"Overdiagnosis is the diagnosis of ""disease"" that will never cause symptoms or death during a patient's lifetime. It is a problem because it turns people into patients unnecessarily and because it can lead to economic waste ( overutilization ) and treatments that may cause harm. Overdiagnosis occurs when a disease is diagnosed correctly, but the diagnosis is irrelevant.",health,primary,medicine,,,Medical_diagnosis,"diagnosis, disease, patient, symptoms, treatment","diagnosis, treatment",15.0,wikipedia,58,371,3,6.0,47.629
"More personalized therapies that harness a patient's immune system are emerging in the field of cancer immunotherapy . Palliative care is a medical specialty that delivers advanced pain and symptom management, which may be particularly important in those with advanced disease. The chance of survival depends on the type of cancer and extent of disease at the start of treatment.",health,primary,disease,,,Cancer,"care, disease, medical, patient, treatment","cancer, disease",15.0,wikipedia,60,379,3,6.0,47.621
"Clinical pharmacology is concerned with how systems of therapeutics interact with patients. Conservation medicine studies the relationship between human and non-human animal health, and environmental conditions. Also known as ecological medicine, environmental medicine , or medical geology . Disaster medicine deals with medical aspects of emergency preparedness, disaster mitigation and management.",health,primary,medicine,,,Medicine,"clinical, health, medical, medicine, patient","medicine, pharmacology",15.0,wikipedia,51,400,3,6.0,47.6
"Biomedical Engineering is a field dealing with the application of engineering principles to medical practice. Clinical pharmacology is concerned with how systems of therapeutics interact with patients. Conservation medicine studies the relationship between human and non-human animal health, and environmental conditions. Also known as ecological medicine, environmental medicine , or medical geology .",health,primary,medicine,,,Medicine,"clinical, health, medical, medicine, patient","medicine, pharmacology",15.0,wikipedia,53,402,3,6.0,47.598
"Aerospace medicine deals with medical problems related to flying and space travel . Biomedical Engineering is a field dealing with the application of engineering principles to medical practice. Clinical pharmacology is concerned with how systems of therapeutics interact with patients. Conservation medicine studies the relationship between human and non-human animal health, and environmental conditions.",health,primary,medicine,,,Medicine,"clinical, health, medical, medicine, patient","medicine, pharmacology",15.0,wikipedia,54,405,3,6.0,47.595
"Distinguishable from history of previous illness, often called past medical history (PMH). Medications (Rx): what drugs the patient takes including prescribed , over-the-counter , and home remedies , as well as alternative and herbal medicines or remedies . Past medical history (PMH/PMHx): concurrent medical problems, past hospitalizations and operations, injuries, past infectious diseases or vaccinations , history of known allergies.",health,primary,medicine,,,Medicine,"disease, hospital, medical, medicine, patient","drug, medicine",15.0,wikipedia,60,438,3,5.0,46.062
"Generally, infections are initially diagnosed by primary care physicians or internal medicine specialists. For example, an ""uncomplicated"" pneumonia will generally be treated by the internist or the pulmonologist (lung physician). The work of the infectious diseases specialist therefore entails working with both patients and general practitioners, as well as laboratory scientists , immunologists , bacteriologists and other specialists.",health,primary,disease,,,Infectious_disease,"care, disease, infection, medicine, patient","disease, infection",15.0,wikipedia,58,439,3,5.0,46.061
"The EU contributes to the improvement of public health through financing and laws addressing medications, patient rights in cross-border healthcare, illness prevention, and the promotion of good health. EU countries hold primary responsibility for organizing and delivering health services and medical care. Therefore, EU health policy works to supplement national policies, assure health protection in all EU measures and to strengthen the Health Union.",health,primary,public_health,,,Health_policy,"care, health, medical, patient, public health","health policy, public health",15.0,wikipedia,64,454,3,5.0,46.046
"Family history (FH): listing of diseases in the family that may impact the patient. History of present illness (HPI): the chronological order of events of symptoms and further clarification of each symptom. Distinguishable from history of previous illness, often called past medical history (PMH). Medications (Rx): what drugs the patient takes including prescribed , over-the-counter , and home remedies , as well as alternative and herbal medicines or remedies .",health,primary,medicine,,,Medicine,"disease, medical, medicine, patient, symptoms","drug, medicine",15.0,wikipedia,70,464,3,5.0,46.036
"Still, care navigators may offer diagnosis and treatment planning. Though many care navigators are also trained therapists and doctors. Care navigation is the link between the patient and the below therapies. A clear recognition that mental health requires medical intervention was demonstrated in a study by Kessler et al.",health,primary,mental_health,,,Mental_health,"care, diagnosis, doctor, health, medical, patient, treatment",mental health,14.8,wikipedia,49,323,3,6.0,47.277
"A comprehensive research in Australia, Czech Republic, India, Israel, Italy, Netherlands, Spain, Serbia, Sweden, UK, and USA showed that the rate of the unlicensed medicine prescription has been reported to range from 0.3 to 35% depending on the country. In many jurisdictions, therapy freedom is limited to cases of no treatment existing that is both well-established and more efficacious.",health,primary,medicine,,,Therapy,"medicine, treatment","medicine, therapy, treatment",14.8,wikipedia,59,390,3,6.0,47.21
"Unhappily married couples suffer 3–25 times the risk of developing clinical depression, leading to divorce . Studies found that divorce and separation increases chances of an individual encountering depression, anxiety, substance abuse issues, insomnia, and financial hardship. Divorce and unhappy married couples not only affect the mental health of both the parents, but particularly the children of a separated home.",health,primary,mental_health,,,Mental_health,"clinical, health","anxiety, depression, mental health",14.8,wikipedia,60,419,3,6.0,47.181000000000004
Infection with most pathogens does not result in death of the host and the offending organism is ultimately cleared after the symptoms of the disease have waned. This process requires immune mechanisms to kill or inactivate the inoculum of the pathogen.,health,primary,disease,,,Infectious_disease,"disease, infection, symptoms","disease, infection, pathogen",14.5,wikipedia,41,253,3,6.0,46.747
"The stigma placed on mental health makes many men believe showing signs of vulnerability could be considered weak. Men experience immense amounts of internalized stigma from societal expectations, causing symptoms such as isolation, depression, anxiety, and resistance to treatment.",health,primary,mental_health,,,Mental_health,"health, symptoms, treatment","anxiety, depression, mental health",14.5,wikipedia,39,282,3,6.0,46.718
"In the latter case, the disease may only be defined as a ""disease"" (which by definition means an illness) in hosts who secondarily become ill after contact with an asymptomatic carrier . An infection is not synonymous with an infectious disease, as some infections do not cause illness in a host.",health,primary,disease,,,Infectious_disease,"disease, infection","disease, illness, infection",14.5,wikipedia,51,296,3,6.0,46.704
"The appearance and severity of disease resulting from any pathogen depend upon the ability of that pathogen to damage the host as well as the ability of the host to resist the pathogen. However, a host's immune system can also cause damage to the host itself in an attempt to control the infection.",health,primary,disease,,,Infectious_disease,"disease, infection","disease, infection, pathogen",14.5,wikipedia,53,298,3,6.0,46.702
"Resistance to infection ( immunity ) may be acquired following a disease, by asymptomatic carriage of the pathogen, by harboring an organism with a similar structure (crossreacting), or by vaccination . Knowledge of the protective antigens and specific acquired host immune factors is more complete for primary pathogens than for opportunistic pathogens .",health,primary,disease,,,Infectious_disease,"disease, infection","disease, infection, pathogen",14.5,wikipedia,53,355,3,6.0,46.645
"serve as an early warning system for impending public health emergencies; document the impact of an intervention, or track progress towards specified goals; and monitor and clarify the epidemiology of health problems, allow priorities to be set, and inform health policy and strategies. diagnose, investigate, and monitor health problems and health hazards of the community",health,primary,public_health,,,Public_health,"health, public health","epidemiology, health policy, public health",14.5,wikipedia,55,373,3,6.0,46.627
"Like internal medicine, there are many pediatric subspecialties for specific age ranges, organ systems, disease classes, and sites of care delivery. Pharmaceutical medicine is the medical scientific discipline concerned with the discovery, development, evaluation, registration, monitoring and medical aspects of marketing of medicines for the benefit of patients and public health.",health,primary,medicine,,,Medicine,"care, disease, health, medical, medicine, patient, public health",medicine,14.5,wikipedia,51,382,3,6.0,46.618
"Thus combination chemotherapy is also called polychemotherapy, whereas chemotherapy with one agent at a time is called single-agent therapy or monotherapy. Single-agent therapy is a care algorithm that focuses on one specific drug or procedure. It utilizes a single therapeutic agent rather than combining multiple ones. Multiagent Therapy is a treatment by two or more drugs or procedures.",health,primary,medicine,,,Therapy,"care, treatment","drug, therapy, treatment",14.5,wikipedia,58,390,3,6.0,46.61
"A mixed infection is an infection that is caused by two or more pathogens. An example of this is appendicitis , which is caused by Bacteroides fragilis and Escherichia coli . This type of infection is one that is transmitted from a health care worker to a patient.",health,primary,disease,,,Infectious_disease,"care, health, infection, patient","infection, pathogen",14.0,wikipedia,48,264,3,6.0,45.736
"Clinical pharmacology is concerned with how systems of therapeutics interact with patients. Conservation medicine studies the relationship between human and non-human animal health, and environmental conditions. Also known as ecological medicine, environmental medicine , or medical geology .",health,primary,medicine,,,Medicine,"clinical, health, medical, medicine, patient","medicine, pharmacology",14.0,wikipedia,38,292,3,6.0,45.708
"Biomedical Engineering is a field dealing with the application of engineering principles to medical practice. Clinical pharmacology is concerned with how systems of therapeutics interact with patients. Conservation medicine studies the relationship between human and non-human animal health, and environmental conditions.",health,primary,medicine,,,Medicine,"clinical, health, medical, medicine, patient","medicine, pharmacology",14.0,wikipedia,41,321,3,6.0,45.679
"A diagnosis, in the sense of diagnostic procedure, can be regarded as an attempt at classification of an individual's condition into separate and distinct categories that allow medical decisions about treatment and prognosis to be made. Subsequently, a diagnostic opinion is often described in terms of a disease or other condition.",health,primary,medicine,,,Medical_diagnosis,"diagnosis, disease, medical, treatment","diagnosis, treatment",14.0,wikipedia,51,332,3,6.0,45.668
"A mixed infection is an infection that is caused by two or more pathogens. An example of this is appendicitis , which is caused by Bacteroides fragilis and Escherichia coli . This type of infection is one that is transmitted from a health care worker to a patient. A nosocomial infection is also one that occurs in a health care setting.",health,primary,disease,,,Infectious_disease,"care, health, infection, patient","infection, pathogen",14.0,wikipedia,61,337,3,6.0,45.663
"Medical doctors, Petr Shkrabanek and James McCormick wrote a series of publications on this topic in the late 1980s and early 1990s criticizing the UK's the Health of The Nation campaign. These publications exposed abuse of epidemiology and statistics by the public health movement to support lifestyle interventions and screening programs.",health,primary,public_health,,,Public_health,"doctor, health, medical, public health","epidemiology, public health",14.0,wikipedia,51,340,3,6.0,45.66
"Diagnosis of infectious disease sometimes involves identifying an infectious agent either directly or indirectly. In practice most minor infectious diseases such as warts , cutaneous abscesses , respiratory system infections and diarrheal diseases are diagnosed by their clinical presentation and treated without knowledge of the specific causative agent.",health,primary,disease,,,Infectious_disease,"clinical, diagnosis, disease, infection","disease, infection",14.0,wikipedia,48,355,3,6.0,45.645
The Inverse Benefit Law describes the relationship between a drug's therapeutic benefits and the socioeconomic status (overall health risk/need) of the population undergoing treatment. The law states that the therapeutic benefit conferred by medical interventions upon a population is inversely proportional to its incidence of disease or socioeconomic need.,health,primary,medicine,,,Pharmacology,"disease, health, medical, treatment","drug, treatment",14.0,wikipedia,49,358,3,6.0,45.642
"Other types of infection consist of mixed, iatrogenic , nosocomial , and community-acquired infection. A mixed infection is an infection that is caused by two or more pathogens. An example of this is appendicitis , which is caused by Bacteroides fragilis and Escherichia coli . This type of infection is one that is transmitted from a health care worker to a patient.",health,primary,disease,,,Infectious_disease,"care, health, infection, patient","infection, pathogen",14.0,wikipedia,62,367,3,6.0,45.633
"Basic diagnostic medical devices (e.g., stethoscope , tongue depressor ) are typically used. After examining for signs and interviewing for symptoms , the doctor may order medical tests (e.g., blood tests ), take a biopsy , or prescribe pharmaceutical drugs or other therapies. Differential diagnosis methods help to rule out conditions based on the information provided.",health,primary,medicine,,,Medicine,"diagnosis, doctor, medical, symptoms","diagnosis, drug",14.0,wikipedia,56,371,3,6.0,45.629
"The treatment plan may include ordering additional medical laboratory tests and medical imaging studies, starting therapy, referral to a specialist , or watchful observation. Depending upon the health insurance plan and the managed care system, various forms of "" utilization review "", such as prior authorization of tests, may place barriers on accessing expensive services.",health,primary,medicine,,,Medicine,"care, health, medical, treatment","therapy, treatment",14.0,wikipedia,55,375,3,6.0,45.625
"It is a problem because it turns people into patients unnecessarily and because it can lead to economic waste ( overutilization ) and treatments that may cause harm. Overdiagnosis occurs when a disease is diagnosed correctly, but the diagnosis is irrelevant. A correct diagnosis may be irrelevant because treatment for the disease is not available, not needed, or not wanted.",health,primary,medicine,,,Medical_diagnosis,"diagnosis, disease, patient, treatment","diagnosis, treatment",14.0,wikipedia,60,375,3,6.0,45.625
"History of present illness (HPI): the chronological order of events of symptoms and further clarification of each symptom. Distinguishable from history of previous illness, often called past medical history (PMH). Medications (Rx): what drugs the patient takes including prescribed , over-the-counter , and home remedies , as well as alternative and herbal medicines or remedies .",health,primary,medicine,,,Medicine,"medical, medicine, patient, symptoms","drug, medicine",14.0,wikipedia,56,380,3,6.0,45.62
"Cancer is often treated with some combination of radiation therapy , surgery, chemotherapy and targeted therapy . More personalized therapies that harness a patient's immune system are emerging in the field of cancer immunotherapy . Palliative care is a medical specialty that delivers advanced pain and symptom management, which may be particularly important in those with advanced disease.",health,primary,disease,,,Cancer,"care, disease, medical, patient","cancer, disease",14.0,wikipedia,58,391,3,6.0,45.609
"The elements and priorities of public health have evolved over time, and are continuing to evolve. Common public health initiatives include promotion of hand-washing and breastfeeding , delivery of vaccinations , suicide prevention , smoking cessation , obesity education , increasing healthcare accessibility and distribution of condoms to control the spread of sexually transmitted diseases .",health,primary,public_health,,,Public_health,"care, disease, health, public health","public health, vaccination",14.0,wikipedia,56,394,3,6.0,45.606
"A Babylonian medical textbook, the Diagnostic Handbook written by Esagil-kin-apli ( fl. 1069–1046 BC), introduced the use of empiricism , logic and rationality in the diagnosis of an illness or disease . Traditional Chinese Medicine , as described in the Yellow Emperor's Inner Canon or Huangdi Neijing , specified four diagnostic methods: inspection, auscultation-olfaction, inquiry and palpation .",health,primary,medicine,,,Medical_diagnosis,"diagnosis, disease, medical, medicine","diagnosis, medicine",14.0,wikipedia,58,399,3,6.0,45.601
"EU countries hold primary responsibility for organizing and delivering health services and medical care. Therefore, EU health policy works to supplement national policies, assure health protection in all EU measures and to strengthen the Health Union. In a senior-level working group on public health, representatives from the European Commission and national governments debate strategic health concerns.",health,primary,public_health,,,Health_policy,"care, health, medical, public health","health policy, public health",14.0,wikipedia,56,405,3,6.0,45.595
"1069–1046 BC), introduced the use of empiricism , logic and rationality in the diagnosis of an illness or disease . Traditional Chinese Medicine , as described in the Yellow Emperor's Inner Canon or Huangdi Neijing , specified four diagnostic methods: inspection, auscultation-olfaction, inquiry and palpation . Hippocrates was known to make diagnoses by tasting his patients' urine and smelling their sweat.",health,primary,medicine,,,Medical_diagnosis,"diagnosis, disease, medicine, patient","diagnosis, medicine",14.0,wikipedia,61,408,3,6.0,45.592
Psychiatric social workers are mental health professionals that can assist patients and their family members in coping with both mental health issues and various economic or social problems caused by mental illness or psychiatric dysfunctions and to attain improved mental health and well-being. They are vital members of the treatment teams in Departments of Psychiatry and Behavioral Sciences in hospitals.,health,primary,mental_health,,,Mental_health,"health, hospital, patient, treatment","mental health, psychiatry",14.0,wikipedia,60,408,3,6.0,45.592
"Medical genetics is concerned with the diagnosis and management of hereditary disorders. Neurology is concerned with diseases of the nervous system. In the UK, neurology is a subspecialty of general medicine. Obstetrics and gynecology (often abbreviated as OB/GYN (American English) or Obs & Gynae (British English)) are concerned respectively with childbirth and the female reproductive and associated organs.",health,primary,medicine,,,Medicine,"diagnosis, disease, medical, medicine","diagnosis, medicine",14.0,wikipedia,58,410,3,6.0,45.59
"Two major empires began in modern-day Greece . In the late 5th century BCE, several Greek city states checked the Achaemenid Persian advance in Europe through the Greco-Persian Wars . These wars were followed by the Golden Age of Athens , the seminal period of ancient Greece that laid many of the foundations of Western civilization , including the first theatrical performances .",history,primary,world_history,,,World_history,"ancient, century, civilization, empire, era, modern, period, war","ancient, modern",18.3,wikipedia,63,381,3,6.0,54.219
"Two major empires began in modern-day Greece . In the late 5th century BCE, several Greek city states checked the Achaemenid Persian advance in Europe through the Greco-Persian Wars . These wars were followed by the Golden Age of Athens , the seminal period of ancient Greece that laid many of the foundations of Western civilization , including the first theatrical performances . The wars led to the creation of the Delian League , founded in 477 BCE, and eventually the Athenian Empire (454–404 BCE), which was defeated by a Spartan-led coalition during the Peloponnesian War .",history,primary,world_history,,,World_history,"ancient, century, civilization, empire, era, modern, period, war","ancient, modern",18.3,wikipedia,97,580,3,1.0,46.52
"There was sophisticated use of historical method in ancient and medieval China . The groundwork for professional historiography in East Asia was established by court historian Sima Qian (145–90 BC), author of the Records of the Grand Historian ( Shiji ) and posthumously known as the Father of Chinese historiography . Saint Augustine was influential in Christian and Western thought at the beginning of the medieval period. Through the Medieval and Renaissance periods, history was often studied through a sacred or religious perspective.",history,primary,historiography,,,Historical_method,"ancient, historical, history, medieval, period","historian, historical method, record",17.5,wikipedia,83,539,3,4.0,49.461
"Economists note the most important effect was that the standard of living for most in the Western world began to increase consistently for the first time, though others have said it did not begin to improve meaningfully until the 20th century. GDP per capita was broadly stable before the Industrial Revolution and the emergence of the modern capitalist economy, afterwards saw an era of per-capita economic growth in capitalist economies. Economic historians agree that the onset of the Industrial Revolution is the most important event in human history , comparable only to the adoption of agriculture with respect to material advancement.",history,primary,wars_revolutions,,,Industrial_Revolution,"century, era, history, modern, war","industrial revolution, revolution, war",17.5,wikipedia,101,641,3,1.0,44.859
"Historical method is the collection of techniques and guidelines that historians use to research and write histories of the past. Secondary sources , primary sources and material evidence such as that derived from archaeology may all be drawn on. The historian's skill lies in identifying these sources, evaluating their relative authority, and combining their testimony appropriately in order to construct an accurate and reliable picture of past events and environments.",history,primary,historiography,,,Historical_method,"historical, past","archaeology, historian, historical method, source",17.3,wikipedia,70,472,3,5.0,50.628
"Over 99% of human development has occurred within prehistoric cultures, which did not use writing ; no written records exist for study. Without such written sources, the only way to understand prehistoric societies is through archaeology. Because archaeology is the study of past human activity, it stretches back to about 2.5 million years ago when the first stone tools were found – The Oldowan Industry . Many important developments in human history occurred during prehistory, such as the evolution of humanity during the Paleolithic period, when the hominins developed from the australopithecines in Africa and eventually into modern Homo sapiens .",history,primary,historiography,,,Archaeology,"history, modern, past, period","archaeology, record, source",17.1,wikipedia,101,653,3,1.0,44.047000000000004
"Leonardo Bruni was the first historian to use tripartite periodisation in his History of the Florentine People (1442), with a middle period ""between the fall of the Roman Empire and the revival of city life sometime in late eleventh and twelfth centuries"". Tripartite periodisation became standard after the 17th-century German historian Christoph Cellarius divided history into three periods: ancient, medieval, and modern.",history,primary,world_history,,,Middle_Ages,"ancient, century, empire, history, medieval, modern, period","ancient, modern",17.0,wikipedia,62,424,3,5.0,50.076
"Petrarch regarded the post-Roman centuries as "" dark "" compared to the ""light"" of classical antiquity . Leonardo Bruni was the first historian to use tripartite periodisation in his History of the Florentine People (1442), with a middle period ""between the fall of the Roman Empire and the revival of city life sometime in late eleventh and twelfth centuries"". Tripartite periodisation became standard after the 17th-century German historian Christoph Cellarius divided history into three periods: ancient, medieval, and modern.",history,primary,world_history,,,Middle_Ages,"ancient, century, empire, history, medieval, modern, period","ancient, modern",17.0,wikipedia,79,528,3,4.0,48.472
"In the 1330s, the Italian humanist and poet Petrarch referred to pre-Christian times as antiqua ('ancient') and to the Christian period as nova ('new'). Petrarch regarded the post-Roman centuries as "" dark "" compared to the ""light"" of classical antiquity . Leonardo Bruni was the first historian to use tripartite periodisation in his History of the Florentine People (1442), with a middle period ""between the fall of the Roman Empire and the revival of city life sometime in late eleventh and twelfth centuries"". Tripartite periodisation became standard after the 17th-century German historian Christoph Cellarius divided history into three periods: ancient, medieval, and modern.",history,primary,world_history,,,Middle_Ages,"ancient, century, empire, history, medieval, modern, period","ancient, modern",17.0,wikipedia,103,681,3,1.0,43.819
"GDP per capita was broadly stable before the Industrial Revolution and the emergence of the modern capitalist economy, afterwards saw an era of per-capita economic growth in capitalist economies. Economic historians agree that the onset of the Industrial Revolution is the most important event in human history , comparable only to the adoption of agriculture with respect to material advancement.",history,primary,wars_revolutions,,,Industrial_Revolution,"era, history, modern, war","industrial revolution, revolution, war",16.5,wikipedia,60,397,3,6.0,50.603
"There was sophisticated use of historical method in ancient and medieval China . The groundwork for professional historiography in East Asia was established by court historian Sima Qian (145–90 BC), author of the Records of the Grand Historian ( Shiji ) and posthumously known as the Father of Chinese historiography . Saint Augustine was influential in Christian and Western thought at the beginning of the medieval period.",history,primary,historiography,,,Historical_method,"ancient, historical, medieval, period","historian, historical method, record",16.5,wikipedia,67,424,3,5.0,49.076
"Economists note the most important effect was that the standard of living for most in the Western world began to increase consistently for the first time, though others have said it did not begin to improve meaningfully until the 20th century. GDP per capita was broadly stable before the Industrial Revolution and the emergence of the modern capitalist economy, afterwards saw an era of per-capita economic growth in capitalist economies.",history,primary,wars_revolutions,,,Industrial_Revolution,"century, era, modern, war","industrial revolution, revolution, war",16.5,wikipedia,70,439,3,5.0,49.061
"Medieval Cholas rose to prominence during the middle of the 9th century and established the greatest empire South India had seen. They successfully united the South India under their rule and through their naval strength extended their influence in the Southeast Asian countries such as Srivijaya. Under Rajaraja Chola I and his successors Rajendra Chola I , Rajadhiraja Chola , Virarajendra Chola and Kulothunga Chola I the dynasty became a military, economic and cultural power in South Asia and South-East Asia.",history,primary,indian_history,,,History_of_India,"century, dynasty, empire, medieval","dynasty, empire, raj",16.5,wikipedia,81,514,3,4.0,47.486
"In particular, average income and population began to exhibit unprecedented sustained growth. Economists note the most important effect was that the standard of living for most in the Western world began to increase consistently for the first time, though others have said it did not begin to improve meaningfully until the 20th century. GDP per capita was broadly stable before the Industrial Revolution and the emergence of the modern capitalist economy, afterwards saw an era of per-capita economic growth in capitalist economies.",history,primary,wars_revolutions,,,Industrial_Revolution,"century, era, modern, war","industrial revolution, revolution, war",16.5,wikipedia,82,533,3,4.0,47.467
"Historical method is the collection of techniques and guidelines that historians use to research and write histories of the past. Secondary sources , primary sources and material evidence such as that derived from archaeology may all be drawn on.",history,primary,historiography,,,Historical_method,"historical, past","archaeology, historian, historical method, source",16.3,wikipedia,39,246,3,6.0,50.354
"Medieval writers divided history into periods such as the "" Six Ages "" or the "" Four Empires "" and considered their time to be the last before the end of the world. When referring to their own times, they spoke of them as being ""modern"". In the 1330s, the Italian humanist and poet Petrarch referred to pre-Christian times as antiqua ('ancient') and to the Christian period as nova ('new').",history,primary,world_history,,,Middle_Ages,"ancient, empire, history, medieval, modern, period","ancient, modern",16.0,wikipedia,70,390,3,6.0,49.61
"Medieval writers divided history into periods such as the "" Six Ages "" or the "" Four Empires "" and considered their time to be the last before the end of the world. When referring to their own times, they spoke of them as being ""modern"". In the 1330s, the Italian humanist and poet Petrarch referred to pre-Christian times as antiqua ('ancient') and to the Christian period as nova ('new'). Petrarch regarded the post-Roman centuries as "" dark "" compared to the ""light"" of classical antiquity .",history,primary,world_history,,,Middle_Ages,"ancient, empire, history, medieval, modern, period","ancient, modern",16.0,wikipedia,87,494,3,4.0,46.506
"The early modern period is the era following the European Middle Ages until 1789 or 1800. A common break with the medieval period is placed between 1450 and 1500 which includes a number of significant events: the fall of Constantinople to the Ottoman Empire , the spread of printing and European voyages of discovery to America and along the African coast. The nature of warfare evolved as the size and organization of military forces on land and sea increased, alongside the wider propagation of gunpowder.",history,primary,world_history,,,World_history,"empire, era, medieval, modern, period, war","middle ages, modern",16.0,wikipedia,85,507,3,4.0,46.493
"There was sophisticated use of historical method in ancient and medieval China . The groundwork for professional historiography in East Asia was established by court historian Sima Qian (145–90 BC), author of the Records of the Grand Historian ( Shiji ) and posthumously known as the Father of Chinese historiography .",history,primary,historiography,,,Historical_method,"ancient, historical, medieval","historian, historical method, record",15.5,wikipedia,51,318,3,6.0,48.682
"The Chola Empire emerged as a major power during the reign of Raja Raja Chola I and Rajendra Chola I who successfully invaded parts of Southeast Asia and Sri Lanka in the 11th century. 724–760) was an emperor of the Kashmiri Karkoṭa dynasty , which exercised influence in northwestern India from 625 until 1003, and was followed by Lohara dynasty .",history,primary,indian_history,,,History_of_India,"century, dynasty, empire","dynasty, empire, raj",15.5,wikipedia,61,348,3,6.0,48.652
"While ancient writers do not normally share modern historical practices, their work remains valuable for its insights within the cultural context of the times. An important part of the contribution of many modern historians is the verification or dismissal of earlier historical accounts through reviewing newly discovered sources and recent scholarship or through parallel disciplines like archaeology .",history,primary,historiography,,,Historian,"ancient, historical, modern","archaeology, historian, source",15.5,wikipedia,58,404,3,6.0,48.596
"The Chola Empire emerged as a major power during the reign of Raja Raja Chola I and Rajendra Chola I who successfully invaded parts of Southeast Asia and Sri Lanka in the 11th century. 724–760) was an emperor of the Kashmiri Karkoṭa dynasty , which exercised influence in northwestern India from 625 until 1003, and was followed by Lohara dynasty . Kalhana in his Rajatarangini credits king Lalitaditya with leading an aggressive military campaign in Northern India and Central Asia.",history,primary,indian_history,,,History_of_India,"century, dynasty, empire","dynasty, empire, raj",15.5,wikipedia,80,483,3,4.0,45.517
"Ancient India during the rise of the Shunga Empire from the North, Satavahana dynasty from the Deccan , and Pandyan dynasty and Chola dynasty from the southern part of India . The shrines were developed over the period from the 2nd century BCE to the 5th century CE.",history,primary,indian_history,,,History_of_India,"ancient, century, dynasty, empire, period","dynasty, empire",15.0,wikipedia,48,266,3,6.0,47.734
"The Middle Ages began with the fall of the Western Roman Empire and transitioned into the Modern age during the Renaissance , the Reformation , the European Wars of Religion , and the Age of Discovery . Early Modernity is a single term adopted to describe this end-stage of the period, during which medieval Europes shades into the modern period.",history,primary,world_history,,,Middle_Ages,"empire, medieval, modern, period, war","middle ages, modern",15.0,wikipedia,60,346,3,6.0,47.654
"The early modern period is the era following the European Middle Ages until 1789 or 1800. A common break with the medieval period is placed between 1450 and 1500 which includes a number of significant events: the fall of Constantinople to the Ottoman Empire , the spread of printing and European voyages of discovery to America and along the African coast.",history,primary,world_history,,,World_history,"empire, era, medieval, modern, period","middle ages, modern",15.0,wikipedia,61,356,3,6.0,47.644
"Phoenicia was an ancient civilisation centred in the north of ancient Canaan , with its heartland along the coastal regions of modern-day Lebanon , Syria and Israel. Phoenician civilisation was an enterprising maritime trading culture that spread across the Mediterranean between the period of 1550 to 300 BC. One Phoenician colony, Carthage , ruled an empire in the Western Mediterranean until being defeated by Rome in the Punic Wars .",history,primary,world_history,,,Ancient_history,"ancient, empire, modern, period, war","ancient, modern",15.0,wikipedia,70,437,3,5.0,46.063
"Ancient India during the rise of the Shunga Empire from the North, Satavahana dynasty from the Deccan , and Pandyan dynasty and Chola dynasty from the southern part of India . The shrines were developed over the period from the 2nd century BCE to the 5th century CE. Udayagiri and Khandagiri Caves is home to the Hathigumpha inscription , which was inscribed under Kharavela , then Emperor of Kalinga of the Mahameghavahana dynasty .",history,primary,indian_history,,,History_of_India,"ancient, century, dynasty, empire, period","dynasty, empire",15.0,wikipedia,74,433,3,4.0,44.567
"Ancient India during the rise of the Shunga Empire from the North, Satavahana dynasty from the Deccan , and Pandyan dynasty and Chola dynasty from the southern part of India . The shrines were developed over the period from the 2nd century BCE to the 5th century CE. Udayagiri and Khandagiri Caves is home to the Hathigumpha inscription , which was inscribed under Kharavela , then Emperor of Kalinga of the Mahameghavahana dynasty . Relief of a multi-storied temple, 2nd century CE, Ghantasala Stupa.",history,primary,indian_history,,,History_of_India,"ancient, century, dynasty, empire, period","dynasty, empire",15.0,wikipedia,84,501,3,4.0,44.499
"Phoenicia was an ancient civilisation centred in the north of ancient Canaan , with its heartland along the coastal regions of modern-day Lebanon , Syria and Israel. Phoenician civilisation was an enterprising maritime trading culture that spread across the Mediterranean between the period of 1550 to 300 BC. One Phoenician colony, Carthage , ruled an empire in the Western Mediterranean until being defeated by Rome in the Punic Wars . The Phoenicians invented the Phoenician alphabet , the forerunner of the modern alphabet still in use today.",history,primary,world_history,,,Ancient_history,"ancient, empire, modern, period, war","ancient, modern",15.0,wikipedia,87,546,3,4.0,44.454
"The modern academic study of history and methods of historiography were pioneered in 19th-century German universities, especially the University of Göttingen . Leopold von Ranke (1795–1886) at Berlin was a pivotal influence in this regard, and was the founder of modern source-based history. According to Caroline Hoefferle, ""Ranke was probably the most important historian to shape historical profession as it emerged in Europe and the United States in the late 19th century.""",history,primary,historiography,,,Historiography,"century, historical, history, modern","historian, source",14.9,wikipedia,72,477,3,4.0,44.323
"317–316 BCE: Chandragupta Maurya conquers the Northwest of the Indian subcontinent. between 322 and 305 BCE: Chandragupta Maurya conquers the Nanda Empire , founding Maurya dynasty. 305–303 BCE: Chandragupta Maurya gains territory by defeating the Seleucid Empire . He conquers parts of Deccan , southern India.",history,primary,indian_history,,,Maurya_Empire,"dynasty, empire","dynasty, empire, subcontinent",14.8,wikipedia,46,311,3,6.0,47.289
"Antiquarians studied history with particular attention to ancient artifacts, manuscripts, and historical sites. Antiquarianism focused on the empirical evidence available for understanding the past, encapsulated in the motto of the 18th century antiquary Richard Colt Hoare : ""We speak from facts, not theory"". Tentative steps towards the systematization of archaeology as a science took place during the Enlightenment period in Europe in the 17th and 18th centuries.",history,primary,historiography,,,Archaeology,"ancient, century, historical, history, past, period, war",archaeology,14.8,wikipedia,67,467,3,5.0,45.633
"In the late 5th century BCE, several Greek city states checked the Achaemenid Persian advance in Europe through the Greco-Persian Wars . These wars were followed by the Golden Age of Athens , the seminal period of ancient Greece that laid many of the foundations of Western civilization , including the first theatrical performances . The wars led to the creation of the Delian League , founded in 477 BCE, and eventually the Athenian Empire (454–404 BCE), which was defeated by a Spartan-led coalition during the Peloponnesian War .",history,primary,world_history,,,World_history,"ancient, century, civilization, empire, era, period, war",ancient,14.8,wikipedia,89,533,3,4.0,44.067
"Leopold von Ranke (1795–1886) at Berlin was a pivotal influence in this regard, and was the founder of modern source-based history. According to Caroline Hoefferle, ""Ranke was probably the most important historian to shape historical profession as it emerged in Europe and the United States in the late 19th century.""",history,primary,historiography,,,Historiography,"century, historical, history, modern","historian, source",14.6,wikipedia,50,317,3,6.0,46.883
"Mughal Dynasty , 1556 – 1857 CE Bengal Subah , c. 1576 – c. 1717 CE Maratha Empire , c. 1674 – c. 1818 CE Company Raj , c. 1757 – c. 1858 CE Kingdom of Mysore , c. 1760 – c. 1799 CE Sikh Empire , c. 1799 – c. 1849 CE",history,primary,indian_history,,,History_of_India,"dynasty, empire","dynasty, empire, raj",14.5,wikipedia,53,216,3,6.0,46.784
"Akbar and the rise of the Mughal empire . History of the Mogul dynasty in India, 1399–1657 . History of India: From Reign of Akbar the Great to the Fall of Moghul Empire (Vol. Storia do Mogor; or, Mogul India 1653–1708, Vol.",history,primary,indian_history,,,Mughal_Empire,"dynasty, empire, history","dynasty, empire, history of india",14.5,wikipedia,42,224,3,6.0,46.776
The Muse of History and the Science of Culture . Understanding history: a primer of historical method . From reliable sources: an introduction to historical methods . The information-literate historian: a guide to research for history students (3 ed.).,history,primary,historiography,,,Historical_method,"era, historical, history","historian, historical method, source",14.5,wikipedia,39,252,3,6.0,46.748
"Akbar married a Rajput princess, Mariam-uz-Zamani , and they had a son, Jahangir ( r. The Mughal dynasty ruled most of the Indian subcontinent by 1600. 1628–1658 ) was the golden age of Mughal architecture. He erected several large monuments, the most famous of which is the Taj Mahal at Agra.",history,primary,indian_history,,,History_of_India,"dynasty, era","dynasty, raj, subcontinent",14.5,wikipedia,51,293,3,6.0,46.707
"The Industrial Revolution , sometimes called the First Industrial Revolution in contrast to the subsequent Second Industrial Revolution , was a transitional period of the global economy toward more widespread, efficient and stable manufacturing processes, succeeding the Second Agricultural Revolution . Beginning in Great Britain around 1760, the Industrial Revolution had spread to continental Europe and the United States by about 1840.",history,primary,wars_revolutions,,,Industrial_Revolution,"period, war","industrial revolution, revolution, war",14.5,wikipedia,62,439,3,5.0,45.061
"Since most African societies recorded their history orally , written records largely focussed on the actions of outsiders. Historiography in the colonial period was undertaken by European academics and historians from a European perspective, under the pretence of Western superiority supported by scientific racism . Oral sources were deprecated and dismissed by unfamiliar historians, giving them the impression Africa had history nor desire to create it.",history,primary,historiography,,,Historiography,"history, period","historian, record, source",14.5,wikipedia,66,456,3,5.0,45.044
"His innovative approach to historical research stressed the importance of art and its inestimable value as a primary source for the study of history. He was one of the first historians to rise above the narrow nineteenth-century notion that ""history is past politics and politics current history.""",history,primary,historiography,,,Historiography,"century, historical, history, past","historian, source",14.3,wikipedia,47,297,3,6.0,46.303000000000004
"Over 99% of human development has occurred within prehistoric cultures, which did not use writing ; no written records exist for study. Without such written sources, the only way to understand prehistoric societies is through archaeology. Because archaeology is the study of past human activity, it stretches back to about 2.5 million years ago when the first stone tools were found – The Oldowan Industry .",history,primary,historiography,,,Archaeology,past,"archaeology, record, source",14.1,wikipedia,66,407,3,6.0,45.793000000000006
"The Chalukya Empire ruled large parts of southern and central India between the 6th and the 12th centuries, as three related yet individual dynasties. The earliest dynasty, known as the ""Badami Chalukyas"", ruled from Vatapi (modern Badami ) from the middle of the 6th century.",history,primary,indian_history,,,History_of_India,"century, dynasty, empire, modern","dynasty, empire",14.0,wikipedia,45,276,3,6.0,45.724
"The Śātavāhanas were based from Amaravati in Andhra Pradesh as well as Junnar ( Pune ) and Prathisthan ( Paithan ) in Maharashtra . The territory of the empire covered large parts of India from the 1st century BCE onward. The Sātavāhanas started out as feudatories to the Mauryan dynasty , but declared independence with its decline.",history,primary,indian_history,,,History_of_India,"century, dynasty, empire, war","dynasty, empire",14.0,wikipedia,57,333,3,6.0,45.667
"In the history of Europe , the Middle Ages or medieval period lasted approximately from the 5th to late 15th centuries, comparable with the post-classical period of global history . The medieval period is the middle epoch of the three traditional divisions of Western history: classical antiquity , the medieval period, and the modern period .",history,primary,world_history,,,Middle_Ages,"history, medieval, modern, period","middle ages, modern",14.0,wikipedia,56,343,3,6.0,45.657
"The Hindu Shahi dynasty ruled portions of eastern Afghanistan, northern Pakistan, and Kashmir from the mid-7th century to the early 11th century. While in Odisha, the Eastern Ganga Empire rose to power; noted for the advancement of Hindu architecture , most notable being Jagannath Temple and Konark Sun Temple , as well as being patrons of art and literature.",history,primary,indian_history,,,History_of_India,"century, dynasty, empire, era","dynasty, empire",14.0,wikipedia,59,360,3,6.0,45.64
"The Mauryans built the Grand Trunk Road , one of Asia's oldest and longest major roads connecting the Indian subcontinent with Central Asia. After the Kalinga War , the Empire experienced nearly half a century of peace and security under Ashoka. Mauryan India also enjoyed an era of social harmony, religious transformation, and expansion of scientific knowledge.",history,primary,indian_history,,,History_of_India,"century, empire, era, war","empire, subcontinent",14.0,wikipedia,57,363,3,6.0,45.637
"The Vijayanagara Empire was established in 1336 by Harihara I and his brother Bukka Raya I of Sangama Dynasty , which originated as a political heir of the Hoysala Empire , Kakatiya Empire , and the Pandyan Empire . The empire rose to prominence as a culmination of attempts by the south Indian powers to ward off Islamic invasions by the end of the 13th century.",history,primary,indian_history,,,History_of_India,"century, dynasty, empire, war","dynasty, empire",14.0,wikipedia,66,363,3,6.0,45.637
"The apex of Enlightenment history was reached with Edward Gibbon 's monumental six-volume work, The History of the Decline and Fall of the Roman Empire , published on 17 February 1776. Because of its relative objectivity and heavy use of primary sources , its methodology became a model for later historians. This has led to Gibbon being called the first ""modern historian"".",history,primary,historiography,,,Historiography,"empire, history, modern, war","historian, source",14.0,wikipedia,62,374,3,6.0,45.626
"Ancient Carthage was a city-state that ruled an empire through alliances and trade influence that stretched throughout North Africa and modern Spain . At the height of the city's influence, its empire included most of the western Mediterranean. The empire was in a constant state of struggle with the Roman Republic , which led to a series of conflicts known as the Punic Wars .",history,primary,world_history,,,Ancient_history,"ancient, empire, modern, war","ancient, modern",14.0,wikipedia,65,378,3,6.0,45.622
"The apex of Enlightenment history was reached with Edward Gibbon 's, monumental six-volume work, The History of the Decline and Fall of the Roman Empire , published on 17 February 1776. Because of its relative objectivity and heavy use of primary sources , at the time its methodology became a model for later historians. This has led to Gibbon being called the first ""modern historian"".",history,primary,historiography,,,Historian,"empire, history, modern, war","historian, source",14.0,wikipedia,65,387,3,6.0,45.613
"Maharaja Ranjit Singh consolidated much of northern India into an empire using his Sikh Khalsa Army , trained in European military techniques and equipped with modern military technologies. Ranjit Singh proved himself to be a master strategist and selected well-qualified generals for his army. In stages, he added central Punjab, the provinces of Multan and Kashmir, and the Peshawar Valley to his empire.",history,primary,indian_history,,,History_of_India,"empire, era, modern, war","empire, raj",14.0,wikipedia,63,406,3,6.0,45.594
"Tirumala abdicated in 1572, dividing the remains of his kingdom to his three sons, and pursued a religious life until his death in 1578. The Aravidu dynasty successors ruled the region but the empire collapsed in 1614, and the final remains ended in 1646, from continued wars with the Bijapur sultanate and others. During this period, more kingdoms in South India became independent and separate from Vijayanagara.",history,primary,indian_history,,,History_of_India,"dynasty, empire, period, war","dynasty, empire",14.0,wikipedia,67,414,3,6.0,45.586
"The early modern period began in the 16th century, when the Mughal Empire conquered most of the Indian subcontinent, signaling the proto-industrialisation , becoming the biggest global economy and manufacturing power. The Mughals suffered a gradual decline in the early 18th century, largely due to the rising power of the Marathas , who took control of extensive regions of the Indian subcontinent, and numerous Afghan invasions .",history,primary,indian_history,,,History_of_India,"century, empire, modern, period","empire, subcontinent",14.0,wikipedia,67,431,3,5.0,44.069
"By extension, the term historiography is any body of historical work on a particular subject. The historiography of a specific topic covers how historians have studied that topic by using particular sources, techniques of research, and theoretical approaches to the interpretation of documentary sources. Beginning in the nineteenth century, the development of academic history produced a great corpus of historiographic literature.",history,primary,historiography,,,Historiography,"century, era, historical, history","historian, source",14.0,wikipedia,61,432,3,5.0,44.068
"317–316 BCE: Chandragupta Maurya conquers the Northwest of the Indian subcontinent. between 322 and 305 BCE: Chandragupta Maurya conquers the Nanda Empire , founding Maurya dynasty. 305–303 BCE: Chandragupta Maurya gains territory by defeating the Seleucid Empire .",history,primary,indian_history,,,Maurya_Empire,"dynasty, empire","dynasty, empire, subcontinent",13.8,wikipedia,38,265,3,6.0,45.335
"In the late 5th century BCE, several Greek city states checked the Achaemenid Persian advance in Europe through the Greco-Persian Wars . These wars were followed by the Golden Age of Athens , the seminal period of ancient Greece that laid many of the foundations of Western civilization , including the first theatrical performances .",history,primary,world_history,,,World_history,"ancient, century, civilization, era, period, war",ancient,13.8,wikipedia,55,334,3,6.0,45.266
"The purpose of archaeology is to learn more about past societies and the development of the human race. Over 99% of human development has occurred within prehistoric cultures, which did not use writing ; no written records exist for study. Without such written sources, the only way to understand prehistoric societies is through archaeology.",history,primary,historiography,,,Archaeology,past,"archaeology, record, source",13.8,wikipedia,54,342,3,6.0,45.258
"Secondary sources , primary sources and material evidence such as that derived from archaeology may all be drawn on. The historian's skill lies in identifying these sources, evaluating their relative authority, and combining their testimony appropriately in order to construct an accurate and reliable picture of past events and environments.",history,primary,historiography,,,Historical_method,past,"archaeology, historian, source",13.8,wikipedia,50,342,3,6.0,45.258
"Hyderabad was founded by the Qutb Shahi dynasty of Golconda in 1591. Following a brief Mughal rule, Asif Jah, a Mughal official, seized control of Hyderabad and declared himself Nizam-al-Mulk of Hyderabad in 1724. The Nizams lost considerable territory and paid tribute to the Maratha Empire after being routed in multiple battles, such as the Battle of Palkhed .",history,primary,indian_history,,,History_of_India,"dynasty, empire, era","dynasty, empire",13.6,wikipedia,59,363,3,6.0,44.837
"The development of historical methodology started in the ancient period . Herodotus , from the 5th century BC, has been acclaimed as the ""father of history"". However, his contemporary Thucydides is credited with having first approached history with a well-developed historical method in the History of the Peloponnesian War .",history,primary,historiography,,,Historical_method,"ancient, century, historical, history, period, war",historical method,13.5,wikipedia,50,325,3,6.0,44.675
"The Industrial Revolution was the first time there was a simultaneous increase in population and per person income. The population of England and Wales, which had remained steady at six million in 1700–40, rose dramatically afterwards. England's population doubled from 8.3 million in 1801 to 17 million in 1850 and, by 1901, had doubled again to 31 million.",history,primary,wars_revolutions,,,Industrial_Revolution,war,"industrial revolution, revolution, war",13.5,wikipedia,58,358,3,6.0,44.642
"The Revolution initiated a series of conflicts that began in 1792 and ended with Napoleon's defeat at Waterloo in 1815. In its early stages, this seemed unlikely; the 1791 Constitution specifically disavowed ""war for the purpose of conquest"", and although traditional tensions between France and Austria re-emerged in the 1780s, Emperor Joseph II cautiously welcomed the reforms.",history,primary,wars_revolutions,,,French_Revolution,war,"conflict, revolution, war",13.5,wikipedia,57,379,3,6.0,44.621
"Shortly before the Industrial Revolution, an improvement was made in the production of steel , which was an expensive commodity and used only where iron would not do, such as for cutting edge tools and springs. Benjamin Huntsman developed his crucible steel technique in the 1740s. The supply of cheaper iron and steel aided a number of industries, such as those making nails, hinges, wire, and other hardware items.",history,primary,wars_revolutions,,,Industrial_Revolution,war,"industrial revolution, revolution, war",13.5,wikipedia,69,416,3,6.0,44.584
"Carthage was founded around 814 BC by Phoenician settlers. Ancient Carthage was a city-state that ruled an empire through alliances and trade influence that stretched throughout North Africa and modern Spain . At the height of the city's influence, its empire included most of the western Mediterranean.",history,primary,world_history,,,Ancient_history,"ancient, empire, modern","ancient, modern",13.3,wikipedia,47,303,3,6.0,44.297000000000004
"The Mauryan Empire defeated Seleucus I , founder of the Seleucid Empire , during the Seleucid–Mauryan war , thus gained additional territory west of the Indus River. Chandragupta's son Bindusara succeeded to the throne around 297 BCE. 272 BCE, a large part of the Indian subcontinent was under Mauryan suzerainty.",history,primary,indian_history,,,History_of_India,"empire, era, war","empire, subcontinent",13.3,wikipedia,50,313,3,6.0,44.287
"Archaeology is distinct from palaeontology , which is the study of fossil remains. Archaeology is particularly important for learning about prehistoric societies, for which, by definition, there are no written records. Prehistory includes over 99% of the human past, from the Paleolithic until the advent of literacy in societies around the world.",history,primary,historiography,,,Archaeology,"era, history, past","archaeology, record",13.3,wikipedia,52,347,3,6.0,44.253
"The medieval period is the middle epoch of the three traditional divisions of Western history: classical antiquity , the medieval period, and the modern period . The medieval period is itself subdivided into the Early , High , and Late Middle Ages .",history,primary,world_history,,,Middle_Ages,"history, medieval, modern, period","middle ages, modern",13.0,wikipedia,43,249,3,6.0,43.751
"The protection of animals in India was advocated by the time of the Maurya dynasty; being the first empire to provide a unified political entity in India, the attitude of the Mauryas towards forests, their denizens, and fauna in general is of interest.",history,primary,indian_history,,,Maurya_Empire,"dynasty, empire, era, war","dynasty, empire",13.0,wikipedia,43,252,3,6.0,43.748
"Crisis of Empire in Mughal North India: Awadh & the Punjab, 1707–48 (1988) Ali, M. ""The Mughals Strike Twice"", History Today (April 2012) 62#4 pp. The Muslim Empires of the Ottomans, Safavids and Mughals (Cambridge U.P. The Last Mughal: The Fall of a Dynasty : Delhi, 1857 .",history,primary,indian_history,,,Mughal_Empire,"dynasty, empire, history","dynasty, empire",13.0,wikipedia,48,274,3,6.0,43.726
"The Middle Ages is one of the three major periods in the most enduring scheme for analysing European history : classical civilisation or antiquity , the Middle Ages and the modern period . The ""Middle Ages"" first appears in Latin in 1469 as media tempestas or ""middle season"".",history,primary,world_history,,,Middle_Ages,"history, modern, period","middle ages, modern",13.0,wikipedia,48,276,3,6.0,43.724
"The Aravidu dynasty successors ruled the region but the empire collapsed in 1614, and the final remains ended in 1646, from continued wars with the Bijapur sultanate and others. During this period, more kingdoms in South India became independent and separate from Vijayanagara.",history,primary,indian_history,,,History_of_India,"dynasty, empire, period, war","dynasty, empire",13.0,wikipedia,43,277,3,6.0,43.723
"The German Empire was dissolved in the German revolution of 1918–1919 , and a democratic government, later known as the Weimar Republic , was created. The interwar period saw strife between supporters of the new republic and hardline opponents on both the political right and left.",history,primary,wars_revolutions,,,World_War_II,"empire, period, war","revolution, war",13.0,wikipedia,46,281,3,6.0,43.719
"The justices of the supreme courts usually hold higher offices than any other judges in a jurisdiction, including a justice of the peace , a judge who holds police court in some jurisdictions and who may also try small claims and misdemeanors . However, the State of New York inverts this usual order. The initial trial court in this state is called the Supreme Court of New York, and its judges are called ""justices"".",law_crime,primary,justice_courts,,,Judge,"court, judge, justice, police, trial","court, judge, justice, trial",20.0,wikipedia,74,418,3,5.0,56.082
"The justices of the supreme courts usually hold higher offices than any other judges in a jurisdiction, including a justice of the peace , a judge who holds police court in some jurisdictions and who may also try small claims and misdemeanors . However, the State of New York inverts this usual order. The initial trial court in this state is called the Supreme Court of New York, and its judges are called ""justices"". The next highest appellate court is the Supreme Court, Appellate Division, whose judges are also called ""justices"".",law_crime,primary,justice_courts,,,Judge,"court, judge, justice, police, trial","court, judge, justice, trial",20.0,wikipedia,91,534,3,2.5,52.216
"The ultimate task of a judge is to settle a legal dispute in a final and publicly lawful manner in agreement with substantial partialities. Depending on their position and jurisdiction, they may be able to order police, military, or judicial officials to carry out searches, arrests, imprisonments, executions, garnishments, detentions, seizures, deportations, and similar actions. However, judges also supervise trial procedures to ensure consistency and impartiality and to prevent arbitrariness. A judge's powers are checked by higher courts, such as courts of appeal and supreme courts.",law_crime,primary,justice_courts,,,Judge,"arrest, court, judge, law, legal, police, trial","court, judge, trial",19.8,wikipedia,86,590,3,2.5,51.76
"Where the trial is held solely before a judge, it is called a bench trial . Hearings before administrative bodies may have many of the features of a trial before a court, but are typically not referred to as trials. An appeal (appellate proceeding) is also generally not deemed a trial, because such proceedings are usually restricted to a review of the evidence presented before the trial court , and do not permit the introduction of new evidence.",law_crime,primary,justice_courts,,,Trial,"court, evidence, judge, trial","court, hearing, judge, trial",19.3,wikipedia,78,449,3,4.0,53.151
"Where the trial is held before a group of members of the community, it is called a jury trial . Where the trial is held solely before a judge, it is called a bench trial . Hearings before administrative bodies may have many of the features of a trial before a court, but are typically not referred to as trials. An appeal (appellate proceeding) is also generally not deemed a trial, because such proceedings are usually restricted to a review of the evidence presented before the trial court , and do not permit the introduction of new evidence.",law_crime,primary,justice_courts,,,Trial,"court, evidence, judge, trial","court, hearing, judge, trial",19.3,wikipedia,98,545,3,2.5,50.805
"However, the State of New York inverts this usual order. The initial trial court in this state is called the Supreme Court of New York, and its judges are called ""justices"". The next highest appellate court is the Supreme Court, Appellate Division, whose judges are also called ""justices"".",law_crime,primary,justice_courts,,,Judge,"court, judge, justice, trial","court, judge, justice, trial",19.0,wikipedia,48,289,3,6.0,55.711
"The initial trial court in this state is called the Supreme Court of New York, and its judges are called ""justices"". The next highest appellate court is the Supreme Court, Appellate Division, whose judges are also called ""justices"". However, the highest court in New York is called the New York Court of Appeals, whose members are called ""judges"".",law_crime,primary,justice_courts,,,Judge,"court, judge, justice, trial","court, judge, justice, trial",19.0,wikipedia,58,347,3,6.0,55.653
"However, the State of New York inverts this usual order. The initial trial court in this state is called the Supreme Court of New York, and its judges are called ""justices"". The next highest appellate court is the Supreme Court, Appellate Division, whose judges are also called ""justices"". However, the highest court in New York is called the New York Court of Appeals, whose members are called ""judges"".",law_crime,primary,justice_courts,,,Judge,"court, judge, justice, trial","court, judge, justice, trial",19.0,wikipedia,68,404,3,6.0,55.596
"Generally, it is only appropriate to use the term ""judge"" when speaking of an anonymous or general position, such as ""the trial judge"", or when referring to a member of an inferior or provincial court such as the Ontario Court of Justice. The exception is Citizenship Judges who are referred to only as ""Judge 'Surname ' "" in accordance with their appointment as independent decision makers of the Citizenship Commission .",law_crime,primary,justice_courts,,,Judge,"court, judge, justice, trial","court, judge, justice, trial",19.0,wikipedia,71,422,3,4.0,52.578
"The initial trial court in this state is called the Supreme Court of New York, and its judges are called ""justices"". The next highest appellate court is the Supreme Court, Appellate Division, whose judges are also called ""justices"".",law_crime,primary,justice_courts,,,Judge,"court, judge, justice, trial","court, judge, justice, trial",18.0,wikipedia,38,232,3,6.0,53.768
"Where the trial is held before a group of members of the community, it is called a jury trial . Where the trial is held solely before a judge, it is called a bench trial . Hearings before administrative bodies may have many of the features of a trial before a court, but are typically not referred to as trials.",law_crime,primary,justice_courts,,,Trial,"court, judge, trial","court, hearing, judge, trial",18.0,wikipedia,60,311,3,6.0,53.689
"In law , a trial is a coming together of parties to a dispute , to present information (in the form of evidence ) in a tribunal , a formal setting with the authority to adjudicate claims or disputes. One form of tribunal is a court . The tribunal, which may occur before a judge , jury , or other designated trier of fact , aims to achieve a resolution to their dispute.",law_crime,primary,justice_courts,,,Trial,"court, evidence, judge, law, trial","court, judge, trial",17.8,wikipedia,73,370,3,5.0,51.730000000000004
"Depending on their position and jurisdiction, they may be able to order police, military, or judicial officials to carry out searches, arrests, imprisonments, executions, garnishments, detentions, seizures, deportations, and similar actions. However, judges also supervise trial procedures to ensure consistency and impartiality and to prevent arbitrariness. A judge's powers are checked by higher courts, such as courts of appeal and supreme courts.",law_crime,primary,justice_courts,,,Judge,"arrest, court, judge, police, trial","court, judge, trial",17.8,wikipedia,62,450,3,5.0,51.65
Non-lawyer judges in the United States are often elected and are typically either justices of the peace or part-time judges in rural limited jurisdiction courts . A non-lawyer judge typically has the same rights and responsibilities as a lawyer who is a judge holding the same office and is addressed in the same manner.,law_crime,primary,justice_courts,,,Judge,"court, judge, justice, law, rights","court, judge, justice",17.5,wikipedia,54,320,3,6.0,52.68
Most but not all American judges have professional credentials as lawyers. Non-lawyer judges in the United States are often elected and are typically either justices of the peace or part-time judges in rural limited jurisdiction courts . A non-lawyer judge typically has the same rights and responsibilities as a lawyer who is a judge holding the same office and is addressed in the same manner.,law_crime,primary,justice_courts,,,Judge,"court, judge, justice, law, rights","court, judge, justice",17.5,wikipedia,65,395,3,6.0,52.605
"In civil law legal systems, the responsibility for supervising the investigation by the police into whether a crime has been committed falls on an examining magistrate or judge who then conducts the trial. The assumption is that the truth is more likely to emerge from an impartial and exhaustive investigation, both before and during the trial itself. The examining magistrate or judge acts as an inquisitor who directs the fact-gathering process by questioning witnesses , interrogating the suspect, and collecting other evidence.",law_crime,primary,justice_courts,,,Trial,"crime, evidence, judge, law, legal, police, trial","judge, trial",17.3,wikipedia,82,532,3,4.0,49.068
"Where the trial is held solely before a judge, it is called a bench trial . Hearings before administrative bodies may have many of the features of a trial before a court, but are typically not referred to as trials.",law_crime,primary,justice_courts,,,Trial,"court, judge, trial","court, hearing, judge, trial",17.0,wikipedia,40,215,3,6.0,51.785
"Thus, each legal system can be hypothesised to have a ' basic norm ' ( German : Grundnorm ) instructing us to obey. Kelsen's major opponent, Carl Schmitt , rejected both positivism and the idea of the rule of law because he did not accept the primacy of abstract normative principles over concrete political positions and decisions. Therefore, Schmitt advocated a jurisprudence of the exception ( state of emergency ), which denied that legal norms could encompass all of the political experience.",law_crime,primary,law,,,Law,"law, legal","jurisprudence, law, legal system, rule of law",17.0,wikipedia,82,497,3,4.0,48.503
"The title for most puisne judges is ""Justice"", which is abbreviated in law reports to a postnominal ""J"", in the form ""Surname J"". Chief Justices of the High Court and of state Supreme Courts are titled ""Chief Justice"", which is abbreviated in law reports to a postnomial ""CJ"".",law_crime,primary,justice_courts,,,Judge,"court, judge, justice, law","court, judge, justice",16.5,wikipedia,48,276,3,6.0,50.724
"In New Zealand , judges of the District Court of New Zealand generally referred to as ""His/Her Honour"" or ""Sir/Madame"". Judges from the High Court , Appeals Court , and Supreme Court are referred to as ""Justice "". In social settings, it is appropriate to use ""Judge"" in all cases.",law_crime,primary,justice_courts,,,Judge,"case, court, judge, justice","court, judge, justice",16.5,wikipedia,50,280,3,6.0,50.72
"In court, they are addressed either by their respective titles or styles, as The Court ( An Chúirt ), or simply Judge ( A Bhreithimh ). In law reports , the Chief Justice of Ireland has the postnominal CJ , the Presidents of the other Courts have the postnominal P , and all other judges J , e.g.",law_crime,primary,justice_courts,,,Judge,"court, judge, justice, law","court, judge, justice",16.5,wikipedia,58,296,3,6.0,50.704
"The justices of the supreme courts usually hold higher offices than any other judges in a jurisdiction, including a justice of the peace , a judge who holds police court in some jurisdictions and who may also try small claims and misdemeanors . However, the State of New York inverts this usual order.",law_crime,primary,justice_courts,,,Judge,"court, judge, justice, police","court, judge, justice",16.5,wikipedia,53,301,3,6.0,50.699
"In legal contexts, they are referred to as ""His/Her Honour"" and ""the Honourable Justice Surname"" (for judges of superior courts) or ""his/her Honour Judge Surname"" (for inferior courts). Outside legal contexts, the formal terms of address are ""Judge"" (for puisne justices) or ""Chief Justice"" (for chief justices).",law_crime,primary,justice_courts,,,Judge,"court, judge, justice, legal","court, judge, justice",16.5,wikipedia,47,312,3,6.0,50.688
Trial courts may conduct trials with juries as the finders of fact (these are known as jury trials ) or trials in which judges act as both finders of fact and finders of law (in some jurisdictions these are known as bench trials ). Juries are less common in court systems outside the Anglo-American common law tradition.,law_crime,primary,justice_courts,,,Court,"court, judge, law, trial","court, judge, trial",16.5,wikipedia,57,320,3,6.0,50.68
"Sometimes termed ""courts of first instance"", trial courts have varying original jurisdiction . Trial courts may conduct trials with juries as the finders of fact (these are known as jury trials ) or trials in which judges act as both finders of fact and finders of law (in some jurisdictions these are known as bench trials ).",law_crime,primary,justice_courts,,,Court,"court, judge, law, trial","court, judge, trial",16.5,wikipedia,57,326,3,6.0,50.674
"In Australia judges and, since 2007, magistrates, of all jurisdictions including the High Court of Australia are now addressed as ""Your Honour"". In legal contexts, they are referred to as ""His/Her Honour"" and ""the Honourable Justice Surname"" (for judges of superior courts) or ""his/her Honour Judge Surname"" (for inferior courts).",law_crime,primary,justice_courts,,,Judge,"court, judge, justice, legal","court, judge, justice",16.5,wikipedia,50,330,3,6.0,50.67
"In the law reports, the Justices of the Supreme Court are usually referred to as ""Lord/Lady N"", although the Weekly Law Reports appends the post-nominal letters ""JSC"" (e.g. The President and Deputy President of the Court are afforded the post-nominal letters PSC and DPSC respectively. Only experienced barristers or solicitors are usually appointed as judges.",law_crime,primary,justice_courts,,,Judge,"court, judge, justice, law","court, judge, justice",16.5,wikipedia,55,360,3,6.0,50.64
"Trial courts are courts that hold trials . Sometimes termed ""courts of first instance"", trial courts have varying original jurisdiction . Trial courts may conduct trials with juries as the finders of fact (these are known as jury trials ) or trials in which judges act as both finders of fact and finders of law (in some jurisdictions these are known as bench trials ).",law_crime,primary,justice_courts,,,Court,"court, judge, law, trial","court, judge, trial",16.5,wikipedia,65,369,3,6.0,50.631
"Unlike American English, no comma is used to offset the letter J from the Justice's name. The full stop after the preceding examples terminates the sentence, not the abbreviation, and the abbreviation can be used mid-sentence in prose in formal legal writing. Masters of the High Court are addressed as ""Master"". Insolvency and Companies Court judges in the High Court are addressed as ""Judge"".",law_crime,primary,justice_courts,,,Judge,"court, judge, justice, legal","court, judge, justice",16.5,wikipedia,64,394,3,6.0,50.606
"Sometimes termed ""courts of first instance"", trial courts have varying original jurisdiction . Trial courts may conduct trials with juries as the finders of fact (these are known as jury trials ) or trials in which judges act as both finders of fact and finders of law (in some jurisdictions these are known as bench trials ). Juries are less common in court systems outside the Anglo-American common law tradition.",law_crime,primary,justice_courts,,,Court,"court, judge, law, trial","court, judge, trial",16.5,wikipedia,70,415,3,6.0,50.585
"Justices of the Supreme Court are addressed as ""My Lord/Lady"" in court. In the law reports, the Justices of the Supreme Court are usually referred to as ""Lord/Lady N"", although the Weekly Law Reports appends the post-nominal letters ""JSC"" (e.g. The President and Deputy President of the Court are afforded the post-nominal letters PSC and DPSC respectively. Only experienced barristers or solicitors are usually appointed as judges.",law_crime,primary,justice_courts,,,Judge,"court, judge, justice, law","court, judge, justice",16.5,wikipedia,67,432,3,5.0,49.068
"In Australia judges and, since 2007, magistrates, of all jurisdictions including the High Court of Australia are now addressed as ""Your Honour"". In legal contexts, they are referred to as ""His/Her Honour"" and ""the Honourable Justice Surname"" (for judges of superior courts) or ""his/her Honour Judge Surname"" (for inferior courts). Outside legal contexts, the formal terms of address are ""Judge"" (for puisne justices) or ""Chief Justice"" (for chief justices).",law_crime,primary,justice_courts,,,Judge,"court, judge, justice, legal","court, judge, justice",16.5,wikipedia,69,457,3,5.0,49.043
"In the Courts of England and Wales , Supreme Court judges are called Justices of the Supreme Court. Justices of the Supreme Court who do not hold life peerages are now given the courtesy style ""Lord"" or ""Lady"". Justices of the Supreme Court are addressed as ""My Lord/Lady"" in court. In the law reports, the Justices of the Supreme Court are usually referred to as ""Lord/Lady N"", although the Weekly Law Reports appends the post-nominal letters ""JSC"" (e.g.",law_crime,primary,justice_courts,,,Judge,"court, judge, justice, law","court, judge, justice",16.5,wikipedia,78,455,3,4.0,47.545
"Trial courts are courts that hold trials . Sometimes termed ""courts of first instance"", trial courts have varying original jurisdiction . Trial courts may conduct trials with juries as the finders of fact (these are known as jury trials ) or trials in which judges act as both finders of fact and finders of law (in some jurisdictions these are known as bench trials ). Juries are less common in court systems outside the Anglo-American common law tradition.",law_crime,primary,justice_courts,,,Court,"court, judge, law, trial","court, judge, trial",16.5,wikipedia,78,458,3,4.0,47.542
"International criminal law typically addresses serious offenses, such as genocide , crimes against humanity , and war crimes . As with all international law, these laws are created through treaties and international custom , and they are defined through the consensus of the involved states. International crimes are not prosecuted through a standard legal system, though international organizations may establish tribunals to investigate and rule on egregious offenses such as genocide.",law_crime,primary,criminal_law,,,Crime,"crime, criminal, law, legal","crime, criminal law, offense",16.5,wikipedia,71,487,3,4.0,47.513
"The assumption is that the truth is more likely to emerge from the open contest between the prosecution and the defense in presenting the evidence and opposing legal arguments, with a judge acting as a neutral referee and as the arbiter of the law. In several jurisdictions in more serious cases, there is a jury to determine the facts, although some common law jurisdictions have abolished the jury trial.",law_crime,primary,justice_courts,,,Trial,"case, evidence, judge, law, legal, trial","judge, trial",16.3,wikipedia,69,406,3,6.0,50.194
"The ultimate task of a judge is to settle a legal dispute in a final and publicly lawful manner in agreement with substantial partialities. Depending on their position and jurisdiction, they may be able to order police, military, or judicial officials to carry out searches, arrests, imprisonments, executions, garnishments, detentions, seizures, deportations, and similar actions. However, judges also supervise trial procedures to ensure consistency and impartiality and to prevent arbitrariness.",law_crime,primary,justice_courts,,,Judge,"arrest, judge, law, legal, police, trial","judge, trial",16.3,wikipedia,70,498,3,5.0,48.602000000000004
"A criminal court usually has three main legally trained court officials: the judge, the prosecutor and the defence attorney. The role of a judge can vary between legal systems. In an adversarial system (common law), as in effect in the U.S. and England, the judge functions as an impartial referee, mainly ensuring correct procedure, while the prosecution and the defense present their case to a jury , often selected from common citizens.",law_crime,primary,justice_courts,,,Judge,"case, court, criminal, judge, law, legal","court, judge",16.3,wikipedia,72,439,3,4.0,47.161
"In common law systems, an adversarial or accusatory approach is used to adjudicate guilt or innocence . The assumption is that the truth is more likely to emerge from the open contest between the prosecution and the defense in presenting the evidence and opposing legal arguments, with a judge acting as a neutral referee and as the arbiter of the law. In several jurisdictions in more serious cases, there is a jury to determine the facts, although some common law jurisdictions have abolished the jury trial.",law_crime,primary,justice_courts,,,Trial,"case, evidence, judge, law, legal, trial","judge, trial",16.3,wikipedia,86,510,3,4.0,47.09
"Jurisdictions in criminal law refers to the legal authority of the court to enforce laws and prosecute. It determines where the trial can take place, who can be tried, and for what crimes. Criminal Law Jurisdiction involves both national and international sources of law, some types include: 1.",law_crime,primary,criminal_law,,,Criminal_law,"court, crime, criminal, law, legal, trial","crime, criminal law",16.0,wikipedia,48,294,3,6.0,49.706
"It determines where the trial can take place, who can be tried, and for what crimes. Criminal Law Jurisdiction involves both national and international sources of law, some types include: 1. Territorial jurisdiction which is a court’s authority to preside over legal proceedings in a geographical area.",law_crime,primary,criminal_law,,,Criminal_law,"court, crime, criminal, law, legal, trial","crime, criminal law",16.0,wikipedia,47,302,3,6.0,49.698
"In civil law legal systems, the responsibility for supervising the investigation by the police into whether a crime has been committed falls on an examining magistrate or judge who then conducts the trial. The assumption is that the truth is more likely to emerge from an impartial and exhaustive investigation, both before and during the trial itself.",law_crime,primary,justice_courts,,,Trial,"crime, judge, law, legal, police, trial","judge, trial",16.0,wikipedia,57,352,3,6.0,49.648
"Jurisdictions in criminal law refers to the legal authority of the court to enforce laws and prosecute. It determines where the trial can take place, who can be tried, and for what crimes. Criminal Law Jurisdiction involves both national and international sources of law, some types include: 1. Territorial jurisdiction which is a court’s authority to preside over legal proceedings in a geographical area.",law_crime,primary,criminal_law,,,Criminal_law,"court, crime, criminal, law, legal, trial","crime, criminal law",16.0,wikipedia,64,406,3,6.0,49.594
"It determines where the trial can take place, who can be tried, and for what crimes. Criminal Law Jurisdiction involves both national and international sources of law, some types include: 1. Territorial jurisdiction which is a court’s authority to preside over legal proceedings in a geographical area. Extraterritorial jurisdiction where a state may prosecute crimes outside its territory if they affect national security.",law_crime,primary,criminal_law,,,Criminal_law,"court, crime, criminal, law, legal, trial","crime, criminal law",16.0,wikipedia,63,423,3,5.0,48.077
"In Ontario , judges are rarely referred to as ""My Lord"" or ""My Lady"", but only as ""Your Honour"" at the Ontario Superior Court of Justice . Formerly, translations of these titles such as Votre Honneur (""your honour"") or Votre Seigneurie (""your lordship"") were used in French; today, only Monsieur le juge and Madame la juge are officially used.",law_crime,primary,justice_courts,,,Judge,"court, judge, justice","court, judge, justice",15.8,wikipedia,59,343,3,6.0,49.257
"Hearings before administrative bodies may have many of the features of a trial before a court, but are typically not referred to as trials. An appeal (appellate proceeding) is also generally not deemed a trial, because such proceedings are usually restricted to a review of the evidence presented before the trial court , and do not permit the introduction of new evidence.",law_crime,primary,justice_courts,,,Trial,"court, evidence, trial","court, hearing, trial",15.8,wikipedia,62,373,3,6.0,49.227000000000004
"Judges of the Supreme Court , Court of Appeal , or High Court are officially titled The Honourable Mr/Mrs/Ms/Miss Justice Surname ( Irish : An Breitheamh Onórach Uasal ), and informally referred to for short as Mr/Mrs/Ms/Miss Justice Surname . In court, they are addressed either by their respective titles or styles, as The Court ( An Chúirt ), or simply Judge ( A Bhreithimh ).",law_crime,primary,justice_courts,,,Judge,"court, judge, justice","court, judge, justice",15.8,wikipedia,66,379,3,6.0,49.221000000000004
"The judges of the Supreme Court of the United States , and the judges of the supreme courts of several U.S. Justices of the Supreme Court of the United States and Justices of other courts are addressed as ""Justice (name)"". The Chief Justice of the United States is formally addressed as ""Mr. or Madam Chief Justice"" but also may be identified and addressed as ""Chief Justice (name)"".",law_crime,primary,justice_courts,,,Judge,"court, judge, justice","court, judge, justice",15.8,wikipedia,67,383,3,6.0,49.217
"In Ontario , judges are rarely referred to as ""My Lord"" or ""My Lady"", but only as ""Your Honour"" at the Ontario Superior Court of Justice . Formerly, translations of these titles such as Votre Honneur (""your honour"") or Votre Seigneurie (""your lordship"") were used in French; today, only Monsieur le juge and Madame la juge are officially used. Both the titles ""judge"" and ""justice"" are translated juge .",law_crime,primary,justice_courts,,,Judge,"court, judge, justice","court, judge, justice",15.8,wikipedia,69,403,3,6.0,49.197
"Judges in some superior courts are addressed as ""My Lord"" or ""My Lady"". In Ontario , judges are rarely referred to as ""My Lord"" or ""My Lady"", but only as ""Your Honour"" at the Ontario Superior Court of Justice . Formerly, translations of these titles such as Votre Honneur (""your honour"") or Votre Seigneurie (""your lordship"") were used in French; today, only Monsieur le juge and Madame la juge are officially used.",law_crime,primary,justice_courts,,,Judge,"court, judge, justice","court, judge, justice",15.8,wikipedia,72,415,3,5.0,47.685
"Judges of the Court of Appeal, also called Lords Justice of Appeal , are referred to as ""Lord Justice N"" or ""Lady Justice N"". In legal writing, Lords Justices of Appeal are afforded the post nominal letters ""LJ"": for example, Smith LJ.",law_crime,primary,justice_courts,,,Judge,"court, judge, justice, legal","court, judge, justice",15.5,wikipedia,42,235,3,6.0,48.765
Most but not all American judges have professional credentials as lawyers. Non-lawyer judges in the United States are often elected and are typically either justices of the peace or part-time judges in rural limited jurisdiction courts .,law_crime,primary,justice_courts,,,Judge,"court, judge, justice, law","court, judge, justice",15.5,wikipedia,37,237,3,6.0,48.763
"Less formally, judges of a Superior Court are referred to as ""Justice 'Surname ' "", not as ""Judge 'Surname. ' "" When referred to in a decision of a court, judges' titles are often abbreviated to the suffix ""J."", so that Justice Smith will be referred to as Smith J.",law_crime,primary,justice_courts,,,Judge,"court, judge, justice","court, judge, justice",15.5,wikipedia,50,265,3,6.0,48.735
"In the Courts of England and Wales , Supreme Court judges are called Justices of the Supreme Court. Justices of the Supreme Court who do not hold life peerages are now given the courtesy style ""Lord"" or ""Lady"". Justices of the Supreme Court are addressed as ""My Lord/Lady"" in court.",law_crime,primary,justice_courts,,,Judge,"court, judge, justice","court, judge, justice",15.5,wikipedia,50,282,3,6.0,48.718
"In writing, the post-nominal letters PJ is used to refer to a permanent judge of the Court of Final Appeal and NPJ to a non-permanent judge. In the High Court, the abbreviation JA is used to denote a justice of appeal, and the letter J refers to a judge of the Court of First Instance.",law_crime,primary,justice_courts,,,Judge,"court, judge, justice","court, judge, justice",15.5,wikipedia,55,285,3,6.0,48.715
"International criminal law typically addresses serious offenses, such as genocide , crimes against humanity , and war crimes . As with all international law, these laws are created through treaties and international custom , and they are defined through the consensus of the involved states.",law_crime,primary,criminal_law,,,Crime,"crime, criminal, law","crime, criminal law, offense",15.5,wikipedia,45,291,3,6.0,48.709
"The judges of the Supreme Court of the United States , and the judges of the supreme courts of several U.S. Justices of the Supreme Court of the United States and Justices of other courts are addressed as ""Justice (name)"". The Chief Justice of the United States is formally addressed as ""Mr.",law_crime,primary,justice_courts,,,Judge,"court, judge, justice","court, judge, justice",15.5,wikipedia,52,291,3,6.0,48.709
"The criminal law generally prohibits undesirable acts . Thus, proof of a crime requires proof of some act. Scholars label this the requirement of an actus reus or guilty act . Some crimes – particularly modern regulatory offenses – require no more, and they are known as strict liability offenses (E.g.",law_crime,primary,criminal_law,,,Criminal_law,"crime, criminal, law","crime, criminal law, offense",15.5,wikipedia,51,302,3,6.0,48.698
"In general, Canadian judges may be addressed directly, depending on the province, as ""My Lord"", ""My Lady"", ""Your Honour"" or ""Justice"" and are formally referred to in the third person as ""The Honourable Mr. Less formally, judges of a Superior Court are referred to as ""Justice 'Surname ' "", not as ""Judge 'Surname.",law_crime,primary,justice_courts,,,Judge,"court, judge, justice","court, judge, justice",15.5,wikipedia,53,313,3,6.0,48.687
"Less formally, judges of a Superior Court are referred to as ""Justice 'Surname ' "", not as ""Judge 'Surname. ' "" When referred to in a decision of a court, judges' titles are often abbreviated to the suffix ""J."", so that Justice Smith will be referred to as Smith J. Judges in some superior courts are addressed as ""My Lord"" or ""My Lady"".",law_crime,primary,justice_courts,,,Judge,"court, judge, justice","court, judge, justice",15.5,wikipedia,63,337,3,6.0,48.663
"In the Netherlands , presiding judges of either sex are, in writing only, addressed edelachtbare (""Your Honour"") for judges in the Court of First Instance, edelgrootachtbare (""Your Great Honour"") for justices in the Court of Appeal and edelhoogachtbare (""Your High Honour"") for justices in the High Council of the Netherlands (Supreme Court).",law_crime,primary,justice_courts,,,Judge,"court, judge, justice","court, judge, justice",15.5,wikipedia,52,342,3,6.0,48.658
"""Judge"" may be more commonly used by attorneys and staff, while either may be commonly used by the plaintiff or defendant. Notably, the Superior Court of Los Angeles County , the largest unified trial court in the United States, has a rule that the judge shall be addressed only as ""Your Honor"" while in court, and never as ""Judge"", ""Judge (name)"", ""ma'am"", or ""sir"".",law_crime,primary,justice_courts,,,Judge,"court, judge, trial","court, judge, trial",15.5,wikipedia,64,367,3,6.0,48.633
"Notably, the Superior Court of Los Angeles County , the largest unified trial court in the United States, has a rule that the judge shall be addressed only as ""Your Honor"" while in court, and never as ""Judge"", ""Judge (name)"", ""ma'am"", or ""sir"". This is somewhat unusual as ""Judge"" and ""Judge (name)"" or similar forms of address are considered appropriate and respectful in many other courts.",law_crime,primary,justice_courts,,,Judge,"court, judge, trial","court, judge, trial",15.5,wikipedia,66,391,3,6.0,48.609
"' "" When referred to in a decision of a court, judges' titles are often abbreviated to the suffix ""J."", so that Justice Smith will be referred to as Smith J. Judges in some superior courts are addressed as ""My Lord"" or ""My Lady"". In Ontario , judges are rarely referred to as ""My Lord"" or ""My Lady"", but only as ""Your Honour"" at the Ontario Superior Court of Justice .",law_crime,primary,justice_courts,,,Judge,"court, judge, justice","court, judge, justice",15.5,wikipedia,71,368,3,5.0,47.132
"The ICC and other international courts (see Regional human rights below ) exist to take action where the national legal system of a state is unable to try the case itself. If national law is able to safeguard human rights and punish those who breach human rights legislation, it has primary jurisdiction by complementarity.",law_crime,primary,rights,,,Human_rights,"case, court, law, legal, rights","human rights, rights",15.0,wikipedia,54,323,3,6.0,47.677
"Criminal Law Jurisdiction involves both national and international sources of law, some types include: 1. Territorial jurisdiction which is a court’s authority to preside over legal proceedings in a geographical area. Extraterritorial jurisdiction where a state may prosecute crimes outside its territory if they affect national security.",law_crime,primary,criminal_law,,,Criminal_law,"court, crime, criminal, law, legal","crime, criminal law",15.0,wikipedia,47,338,3,6.0,47.662
"Legal systems vary between jurisdictions , with their differences analysed in comparative law . In civil law jurisdictions, a legislature or other central body codifies and consolidates the law. In common law systems, judges may make binding case law through precedent, although on occasion this may be overturned by a higher court or the legislature.",law_crime,primary,law,,,Law,"case, court, judge, law, legal","law, legal system",15.0,wikipedia,55,351,3,6.0,47.649
"The enforcement of criminal law seeks to prevent crime and sanction crimes that do occur. This enforcement is carried out by the state through law enforcement agencies , such as police , which are empowered to arrest suspected perpetrators of crimes. Law enforcement may focus on policing individual crimes, or it may focus on bringing down overall crime rates.",law_crime,primary,criminal_law,,,Crime,"arrest, crime, criminal, law, police","crime, criminal law",15.0,wikipedia,59,361,3,6.0,47.639
"The ICC and other international courts (see Regional human rights below ) exist to take action where the national legal system of a state is unable to try the case itself. If national law is able to safeguard human rights and punish those who breach human rights legislation, it has primary jurisdiction by complementarity. Only when all local remedies have been exhausted does international law take effect.",law_crime,primary,rights,,,Human_rights,"case, court, law, legal, rights","human rights, rights",15.0,wikipedia,67,408,3,6.0,47.592
"A judge is a person who presides over court proceedings, either alone or as a part of a judicial panel . A judge is expected to conduct the trial impartially and, typically, in an open court .",law_crime,primary,justice_courts,,,Judge,"court, judge, trial","court, judge, trial",14.5,wikipedia,37,192,3,6.0,46.808
"In the Courts of England and Wales , Supreme Court judges are called Justices of the Supreme Court. Justices of the Supreme Court who do not hold life peerages are now given the courtesy style ""Lord"" or ""Lady"".",law_crime,primary,justice_courts,,,Judge,"court, judge, justice","court, judge, justice",14.5,wikipedia,38,210,3,6.0,46.79
"Judges in some superior courts are addressed as ""My Lord"" or ""My Lady"". In Ontario , judges are rarely referred to as ""My Lord"" or ""My Lady"", but only as ""Your Honour"" at the Ontario Superior Court of Justice .",law_crime,primary,justice_courts,,,Judge,"court, judge, justice","court, judge, justice",14.5,wikipedia,40,210,3,6.0,46.79
"In Sri Lanka , judges of most courts are addressed as Your Honour ; however, the Chief Justice is addressed as Your Lordship . Judges of the Supreme Court and the Appeal Court receives the title The Honourable .",law_crime,primary,justice_courts,,,Judge,"court, judge, justice","court, judge, justice",14.5,wikipedia,39,211,3,6.0,46.789
"In New Zealand , judges of the District Court of New Zealand generally referred to as ""His/Her Honour"" or ""Sir/Madame"". Judges from the High Court , Appeals Court , and Supreme Court are referred to as ""Justice "".",law_crime,primary,justice_courts,,,Judge,"court, judge, justice","court, judge, justice",14.5,wikipedia,38,213,3,6.0,46.787
"In Hong Kong , court proceedings are conducted in either English or Hong Kong Cantonese (a dialect of Yue Chinese ). Judges of Hong Kong retain many of the English traditions such as wearing wigs and robes in trials.",law_crime,primary,justice_courts,,,Judge,"court, judge, trial","court, judge, trial",14.5,wikipedia,39,216,3,6.0,46.784
"The judges of the Supreme Court of the United States , and the judges of the supreme courts of several U.S. Justices of the Supreme Court of the United States and Justices of other courts are addressed as ""Justice (name)"".",law_crime,primary,justice_courts,,,Judge,"court, judge, justice","court, judge, justice",14.5,wikipedia,40,222,3,6.0,46.778
"On the other hand, women are underrepresented in the supreme courts of the United States and European Union member-states, except for in Romania, where over 80% of the judges of the High Court of Cassation and Justice are women.",law_crime,primary,justice_courts,,,Judge,"court, judge, justice","court, judge, justice",14.5,wikipedia,39,228,3,6.0,46.772
"' "" When referred to in a decision of a court, judges' titles are often abbreviated to the suffix ""J."", so that Justice Smith will be referred to as Smith J. Judges in some superior courts are addressed as ""My Lord"" or ""My Lady"".",law_crime,primary,justice_courts,,,Judge,"court, judge, justice","court, judge, justice",14.5,wikipedia,44,229,3,6.0,46.771
"The next highest appellate court is the Supreme Court, Appellate Division, whose judges are also called ""justices"". However, the highest court in New York is called the New York Court of Appeals, whose members are called ""judges"".",law_crime,primary,justice_courts,,,Judge,"court, judge, justice","court, judge, justice",14.5,wikipedia,37,230,3,6.0,46.77
"In contrast to these historic and stylistic classifications, some organizations have developed classifications and rankings of legal systems based on particular metrics. For example, the World Justice Project ranks national legal systems annually by their adherence to the rule of law .",law_crime,primary,law,,,Legal_system,"justice, law, legal","law, legal system, rule of law",14.5,wikipedia,42,286,3,6.0,46.714
"Raz also used the ""sharpness of a knife"" analogy to show that the rule of law is a neutral tool. He argued that just as a sharp knife makes both a surgeon and a murderer more efficient, the rule of law makes a legal system better at reaching its goals, regardless of whether those goals are actually moral.",law_crime,primary,law,,,Rule_of_law,"law, legal","law, legal system, rule of law",14.5,wikipedia,58,306,3,6.0,46.694
This is the mental element of the crime. A guilty mind means an intention to commit some wrongful act. Intention under criminal law is separate from a person's motive (although motive does not exist in Scots law).,law_crime,primary,criminal_law,,,Criminal_law,"crime, criminal, law","crime, criminal law",12.0,wikipedia,37,213,3,6.0,41.787
"Solidarity voting refers to electoral behavior where voters cast their ballots based on a willingness to support others, share risks, or advance the collective interests of a group, rather than acting solely on individual self-interest or immediate personal gain. In the context of the European Union , solidarity voting has emerged as a response to multiple crises, such as the Eurozone crisis and the refugee crisis. Research on the 2019 European Parliament elections indicates that voters' preferences for ""European solidarity,"" defined as the willingness to share economic risks and redistribute resources across member states and citizens, significantly influenced their voting behavior.",politics_government,primary,democracy_elections,,,Voting,"election, parliament, state","ballot, election, electoral, vote, voter",20.5,wikipedia,101,692,3,1.0,50.808
"Voters rejected ballot measures to enact ranked-choice voting and other electoral system changes in Arizona, Colorado, Idaho, Nevada, and Oregon, as well as in Montana and South Dakota. In Alaska, voters rejected a ballot initiative 50.1% to 49.9% to repeal the state's top-four primaries and ranked-choice voting general elections, a system that was adopted via ballot measure in 2020.",politics_government,primary,democracy_elections,,,Electoral_system,"election, state","ballot, election, electoral, vote, voter",19.5,wikipedia,59,386,3,6.0,56.614
"One, in Missouri, which banned ranked-choice voting (RCV), was approved. Voters rejected ballot measures to enact ranked-choice voting and other electoral system changes in Arizona, Colorado, Idaho, Nevada, and Oregon, as well as in Montana and South Dakota. In Alaska, voters rejected a ballot initiative 50.1% to 49.9% to repeal the state's top-four primaries and ranked-choice voting general elections, a system that was adopted via ballot measure in 2020.",politics_government,primary,democracy_elections,,,Electoral_system,"election, state","ballot, election, electoral, vote, voter",19.5,wikipedia,69,459,3,5.0,55.041
"Nine of the ballot measures aimed to change existing electoral systems, and voters rejected each proposal. One, in Missouri, which banned ranked-choice voting (RCV), was approved. Voters rejected ballot measures to enact ranked-choice voting and other electoral system changes in Arizona, Colorado, Idaho, Nevada, and Oregon, as well as in Montana and South Dakota. In Alaska, voters rejected a ballot initiative 50.1% to 49.9% to repeal the state's top-four primaries and ranked-choice voting general elections, a system that was adopted via ballot measure in 2020.",politics_government,primary,democracy_elections,,,Electoral_system,"election, state","ballot, election, electoral, vote, voter",19.5,wikipedia,85,566,3,2.5,51.184
"Dating back to antiquity, states have required officials like pages, treasurers, and tax collectors to administer the practical business of government. Before the 19th century, the staffing of most public administrations was rife with nepotism, favoritism, and political patronage, which was often referred to as a "" spoils system "".",politics_government,primary,government,,,Public_administration,"administration, government, minister, state","administration, government, public administration, state",19.3,wikipedia,50,333,3,6.0,56.267
"Dating back to antiquity, states have required officials like pages, treasurers, and tax collectors to administer the practical business of government. Before the 19th century, the staffing of most public administrations was rife with nepotism, favoritism, and political patronage, which was often referred to as a "" spoils system "". Public administrators have long been the ""eyes and ears"" of rulers.",politics_government,primary,government,,,Public_administration,"administration, government, minister, state","administration, government, public administration, state",19.3,wikipedia,61,401,3,6.0,56.199
"Dating back to antiquity, states have required officials like pages, treasurers, and tax collectors to administer the practical business of government. Before the 19th century, the staffing of most public administrations was rife with nepotism, favoritism, and political patronage, which was often referred to as a "" spoils system "". Public administrators have long been the ""eyes and ears"" of rulers. In medieval times, the abilities to read and write, as well as add and subtract were as dominated by the educated elite as public employment.",politics_government,primary,government,,,Public_administration,"administration, government, minister, state","administration, government, public administration, state",19.3,wikipedia,86,543,3,4.0,53.057
"Jeong Chun Hai @Ibrahim, & Nor Fadzlina Nawi. (2006) Public Administration – Power and Politics in the Fourth Branch of Government , LA: Roxbury Pub. Research in public administration: reflections on theory and practice . The State of Public Administration: Issues, Challenges and Opportunity .",politics_government,primary,government,,,Public_administration,"administration, government, politics, state","administration, government, public administration, state",19.0,wikipedia,45,294,3,6.0,55.706
"In some countries, particularly those that use a parliamentary system (e.g., the United Kingdom ), the cabinet collectively decides the government's direction, especially in regard to legislation passed by the parliament . In countries with a presidential system , such as the United States , the cabinet does not function as a collective legislative influence; rather, their primary role is as an official advisory council to the head of government.",politics_government,primary,government,,,Cabinet_(government),"cabinet, government, legislation, parliament, president, state","cabinet, government, state",18.8,wikipedia,70,450,3,5.0,53.65
"In some countries, particularly those that use a parliamentary system (e.g., the United Kingdom ), the cabinet collectively decides the government's direction, especially in regard to legislation passed by the parliament . In countries with a presidential system , such as the United States , the cabinet does not function as a collective legislative influence; rather, their primary role is as an official advisory council to the head of government. In this way, the president obtains opinions and advice relating to forthcoming decisions.",politics_government,primary,government,,,Cabinet_(government),"cabinet, government, legislation, parliament, president, state","cabinet, government, state",18.8,wikipedia,83,540,3,4.0,52.06
"The American Society for Public Administration (ASPA), the leading professional group for public administration was founded in 1939. ASPA sponsors the journal Public Administration Review , which was founded in 1940. The National Academy of Public Administration (NAPA) is a United States nonprofit, non-governmental, non-partisan organization.",politics_government,primary,government,,,Public_administration,"administration, government, state","administration, government, public administration, state",18.3,wikipedia,46,344,3,6.0,54.256
"ASPA sponsors the journal Public Administration Review , which was founded in 1940. The National Academy of Public Administration (NAPA) is a United States nonprofit, non-governmental, non-partisan organization. As a congressionally chartered national academy , its mission is to produce independent research and studies that advance the field of public administration and facilitate the development, adoption, and implementation of solutions to government's most significant challenges.",politics_government,primary,government,,,Public_administration,"administration, government, state","administration, government, public administration, state",18.3,wikipedia,65,487,3,5.0,52.613
"The nature of democracy is that elected officials are accountable to the people, and they must return to the voters at prescribed intervals to seek their mandate to continue in office. For that reason, most democratic constitutions provide that elections are held at fixed regular intervals. In the United States, elections for public offices are typically held between every two and six years in most states and at the federal level, with exceptions for elected judicial positions that may have longer terms of office.",politics_government,primary,democracy_elections,,,Election,"election, public office, state","democracy, election, vote, voter",18.3,wikipedia,84,519,3,4.0,51.081
"An example from the constitutional law of sovereign states would be a provincial parliament in a federal state trying to legislate in an area that the constitution allocates exclusively to the federal parliament, such as ratifying a treaty. Action that appears to be beyond power may be judicially reviewed and, if found to be beyond power, must cease. Legislation that is found to be beyond power will be ""invalid"" and of no force; this applies to primary legislation, requiring constitutional authorization, and secondary legislation, ordinarily requiring statutory authorization.",politics_government,primary,constitution_political_systems,,,Constitution,"legislation, parliament, state","constitution, constitutional, federal, parliament",18.3,wikipedia,88,582,3,2.5,48.768
"The American Society for Public Administration (ASPA), the leading professional group for public administration was founded in 1939. ASPA sponsors the journal Public Administration Review , which was founded in 1940. The National Academy of Public Administration (NAPA) is a United States nonprofit, non-governmental, non-partisan organization. As a congressionally chartered national academy , its mission is to produce independent research and studies that advance the field of public administration and facilitate the development, adoption, and implementation of solutions to government's most significant challenges.",politics_government,primary,government,,,Public_administration,"administration, government, state","administration, government, public administration, state",18.3,wikipedia,83,620,3,2.5,48.730000000000004
"(2006) Public Administration – Power and Politics in the Fourth Branch of Government , LA: Roxbury Pub. Research in public administration: reflections on theory and practice . The State of Public Administration: Issues, Challenges and Opportunity .",politics_government,primary,government,,,Public_administration,"administration, government, politics, state","administration, government, public administration, state",18.0,wikipedia,37,248,3,6.0,53.752
"During the 1950s, the United States experienced prolonged prosperity and solidified its place as a world leader. Public Administration experienced a kind of heyday due to the successful war effort and successful post-war reconstruction in Western Europe and Japan. In the 1960s and 1970s, the government itself came under fire as ineffective, inefficient, and largely a wasted effort.",politics_government,primary,government,,,Public_administration,"administration, government, state","administration, government, public administration, state",18.0,wikipedia,58,384,3,6.0,53.616
"In some cases, where a certain level of support is required, a runoff may be held using a different system. presidential elections , when no candidate wins a majority of the United States Electoral College (using seat count, not votes cast, as is used in the winner-take-all systems described above), a contingent election is held by the House of Representatives, not the voters themselves.",politics_government,primary,democracy_elections,,,Electoral_system,"election, president, state","election, electoral, vote, voter",18.0,wikipedia,64,390,3,6.0,53.61
"In the UK, the constitutional doctrine of Parliamentary sovereignty dictates that sovereignty is ultimately contained at the centre. Some powers have been devolved to Northern Ireland , Scotland , and Wales (but not England ). Some unitary states ( Spain is an example) devolve more and more power to sub-national governments until the state functions in practice much like a federal state.",politics_government,primary,constitution_political_systems,,,Constitution,"government, parliament, state","constitution, constitutional, federal, parliament",18.0,wikipedia,62,390,3,6.0,53.61
"In the United States, the academic field of public administration draws heavily on political science and administrative law. Some MPA programs include economics courses to give students a background in micro-economic issues (markets, rationing mechanisms, etc.) and macroeconomic issues (e.g., national debt). Rohr write of a long history behind the constitutional legitimacy of government bureaucracy.",politics_government,primary,government,,,Public_administration,"administration, government, state","administration, government, public administration, state",18.0,wikipedia,55,402,3,6.0,53.598
"The National Academy of Public Administration (NAPA) is a United States nonprofit, non-governmental, non-partisan organization. As a congressionally chartered national academy , its mission is to produce independent research and studies that advance the field of public administration and facilitate the development, adoption, and implementation of solutions to government's most significant challenges.",politics_government,primary,government,,,Public_administration,"administration, government, state","administration, government, public administration, state",18.0,wikipedia,52,403,3,6.0,53.597
"After many states' electoral college caucus was determined by only a minority of state voters in the contested 2000 presidential elections in the United States, several municipalities adopted instant-runoff voting . In 2020 a referendum adopting approval voting in St. However, a Massachusetts referendum the same year on whether or not to use instant-runoff voting to elect most state representatives was defeated by a 10-point margin.",politics_government,primary,democracy_elections,,,Electoral_system,"election, president, state","election, electoral, vote, voter",18.0,wikipedia,66,436,3,5.0,52.064
"In New Public Management, people are viewed as economic units not as democratic participants which is the hazard of linking an MBA (business administration, economic and employer-based model) too closely with the public administration (governmental, public good ) sector. Nevertheless, the NPM model (one of four described by Elmore in 1986, including the ""generic model"") is still widely accepted at multiple levels of government (e.g., municipal, state/province, and federal) and in many OECD nations.",politics_government,primary,government,,,Public_administration,"administration, government, state","administration, government, public administration, state",18.0,wikipedia,74,503,3,4.0,50.497
"The territory of the state may be divided into regions, but they are not sovereign and are subordinate to the state. In the UK, the constitutional doctrine of Parliamentary sovereignty dictates that sovereignty is ultimately contained at the centre. Some powers have been devolved to Northern Ireland , Scotland , and Wales (but not England ). Some unitary states ( Spain is an example) devolve more and more power to sub-national governments until the state functions in practice much like a federal state.",politics_government,primary,constitution_political_systems,,,Constitution,"government, parliament, state","constitution, constitutional, federal, parliament",18.0,wikipedia,83,507,3,4.0,50.493
"presidential elections , when no candidate wins a majority of the United States Electoral College (using seat count, not votes cast, as is used in the winner-take-all systems described above), a contingent election is held by the House of Representatives, not the voters themselves. The House contingency election sees three candidates go on to the last round and the Representatives of each state vote as a single unit, not as individuals, with the state's votes going to the plurality winner of the State members' votes.",politics_government,primary,democracy_elections,,,Electoral_system,"election, president, state","election, electoral, vote, voter",18.0,wikipedia,85,522,3,4.0,50.478
"In the cabinet, members do not serve to influence legislative policy to the degree found in a Westminster system; however, each member wields significant influence in matters relating to their executive department . Roosevelt , the President of the United States has acted most often through his own executive office or the National Security Council rather than through the cabinet as was the case in earlier administrations.",politics_government,primary,government,,,Cabinet_(government),"administration, cabinet, policy, president, state","administration, cabinet, state",17.8,wikipedia,67,425,3,5.0,51.675000000000004
"Under the doctrine of separation of powers in the United States , a cabinet under a presidential system of government is part of the executive branch. In addition to administering their respective segments of the executive branch, cabinet members are responsible for advising the head of government on areas within their purview.",politics_government,primary,government,,,Cabinet_(government),"cabinet, government, minister, president, state","cabinet, government, state",17.5,wikipedia,52,329,3,6.0,52.671
"Legally, under both types of system, the Westminster variant of a parliamentary system and the presidential system, the cabinet ""advises"" the head of state: the difference is that, in a parliamentary system, the monarch , viceroy , or ceremonial president will almost always follow this advice, whereas, in a presidential system, a president who is also head of government and political leader may depart from the cabinet's advice if they do not agree with it.",politics_government,primary,government,,,Cabinet_(government),"cabinet, government, parliament, president, state","cabinet, government, state",17.5,wikipedia,75,460,3,4.0,49.54
"An example from the constitutional law of sovereign states would be a provincial parliament in a federal state trying to legislate in an area that the constitution allocates exclusively to the federal parliament, such as ratifying a treaty. Action that appears to be beyond power may be judicially reviewed and, if found to be beyond power, must cease.",politics_government,primary,constitution_political_systems,,,Constitution,"parliament, state","constitution, constitutional, federal, parliament",17.3,wikipedia,58,352,3,6.0,52.248000000000005
"Activities of officials within an organization or polity that fall within the constitutional or statutory authority of those officials are termed ""within power"" (or, in Latin, intra vires ); if they do not, they are termed ""beyond power"" (or, in Latin, ultra vires ). An example from the constitutional law of sovereign states would be a provincial parliament in a federal state trying to legislate in an area that the constitution allocates exclusively to the federal parliament, such as ratifying a treaty.",politics_government,primary,constitution_political_systems,,,Constitution,"parliament, state","constitution, constitutional, federal, parliament",17.3,wikipedia,82,508,3,4.0,49.092
"Their members are known as ministers and secretaries and they are often appointed by either heads of state or government. Cabinets are typically the body responsible for the day-to-day management of the government and response to sudden events, whereas the legislative and judicial branches work in a measured pace, in sessions according to lengthy procedures.",politics_government,primary,government,,,Cabinet_(government),"cabinet, government, minister, state","cabinet, government, state",17.1,wikipedia,55,360,3,6.0,51.84
"A cabinet in governing is a group of people with the constitutional or legal task to rule a country or state, or advise a head of state, usually from the executive branch . Their members are known as ministers and secretaries and they are often appointed by either heads of state or government. Cabinets are typically the body responsible for the day-to-day management of the government and response to sudden events, whereas the legislative and judicial branches work in a measured pace, in sessions according to lengthy procedures.",politics_government,primary,government,,,Cabinet_(government),"cabinet, government, minister, state","cabinet, government, state",17.1,wikipedia,88,533,3,4.0,48.667
"After many states' electoral college caucus was determined by only a minority of state voters in the contested 2000 presidential elections in the United States, several municipalities adopted instant-runoff voting . In 2020 a referendum adopting approval voting in St.",politics_government,primary,democracy_elections,,,Electoral_system,"election, president, state","election, electoral, vote, voter",17.0,wikipedia,40,268,3,6.0,51.732
"Those in power may arrest or assassinate candidates, suppress or even criminalize campaigning, close campaign headquarters, harass or beat campaign workers, or intimidate voters with violence. Foreign electoral intervention can also occur, with the United States interfering between 1946 and 2000 in 81 elections and Russia or the Soviet Union in 36.",politics_government,primary,democracy_elections,,,Election,"election, state","election, electoral, vote, voter",17.0,wikipedia,52,350,3,6.0,51.65
"Cultural-historical theories: that in societies with culturally or ethnically fragmented populations, federalized subunits are more likely to be favored and adopted. ""Infrastructural power"" theories: that federalism is likely to emerge for the subunit population that already has highly developed infrastructures, (e.g., they already are a constitutional, parliamentary, and administratively modernized state).",politics_government,primary,constitution_political_systems,,,Federalism,"parliament, state","constitution, constitutional, federal, parliament",17.0,wikipedia,51,410,3,6.0,51.59
"^ Britannica ""Electoral system"" https://www.britannica.com/topic/electoral-system accessed December 7, 2025 ^ a b c d e f g h Table of Electoral Systems Worldwide Archived 2017-05-23 at the Wayback Machine IDEA ^ Fenster, Mark (1983). Voters can vote for as many candidates as they want. The votes are tallied, and the candidate with the most votes wins! ^ Ecuador: Election for President Archived 2016-12-24 at the Wayback Machine IFES ^ ""How do elections work in Slovenia?"" .",politics_government,primary,democracy_elections,,,Electoral_system,"election, president","election, electoral, vote, voter",17.0,wikipedia,76,477,3,4.0,48.523
"Those in power may arrest or assassinate candidates, suppress or even criminalize campaigning, close campaign headquarters, harass or beat campaign workers, or intimidate voters with violence. Foreign electoral intervention can also occur, with the United States interfering between 1946 and 2000 in 81 elections and Russia or the Soviet Union in 36. In 2018 the most intense interventions, utilizing false information, were by China in Taiwan and by Russia in Latvia ; the next highest levels were in Bahrain, Qatar and Hungary.",politics_government,primary,democracy_elections,,,Election,"election, state","election, electoral, vote, voter",17.0,wikipedia,82,529,3,4.0,48.471
"In countries with a presidential system , such as the United States , the cabinet does not function as a collective legislative influence; rather, their primary role is as an official advisory council to the head of government. In this way, the president obtains opinions and advice relating to forthcoming decisions.",politics_government,primary,government,,,Cabinet_(government),"cabinet, government, president, state","cabinet, government, state",16.8,wikipedia,51,317,3,6.0,51.283
"In most governments , members of the cabinet are given the title of ""minister"", and each holds a different portfolio of government duties (""Minister of Foreign Affairs"", ""Minister of Health"", etc.). Germany, Luxembourg , France , Spain , etc.), a secretary (of State) is a cabinet member with an inferior rank to a minister. In Finland , a secretary of state is a career official that serves the minister.",politics_government,primary,government,,,Cabinet_(government),"cabinet, government, minister, state","cabinet, government, state",16.8,wikipedia,69,405,3,6.0,51.195
"While almost all countries have an institution that is recognisably a cabinet, the name of this institution varies. In many countries, (such as Ireland , Sweden , and Vietnam ) the term ""government"" refers to the body of executive ministers; the broader organs of state having another name.",politics_government,primary,government,,,Cabinet_(government),"cabinet, government, minister, state","cabinet, government, state",16.5,wikipedia,48,290,3,6.0,50.71
"A cabinet in governing is a group of people with the constitutional or legal task to rule a country or state, or advise a head of state, usually from the executive branch . Their members are known as ministers and secretaries and they are often appointed by either heads of state or government.",politics_government,primary,government,,,Cabinet_(government),"cabinet, government, minister, state","cabinet, government, state",16.5,wikipedia,53,294,3,6.0,50.706
"In many countries, (such as Ireland , Sweden , and Vietnam ) the term ""government"" refers to the body of executive ministers; the broader organs of state having another name. Others, such as Spain , Poland , and Cuba , refer to their cabinet as a council of ministers , or the similar council of state .",politics_government,primary,government,,,Cabinet_(government),"cabinet, government, minister, state","cabinet, government, state",16.5,wikipedia,57,303,3,6.0,50.697
"In most governments , members of the cabinet are given the title of ""minister"", and each holds a different portfolio of government duties (""Minister of Foreign Affairs"", ""Minister of Health"", etc.). Germany, Luxembourg , France , Spain , etc.), a secretary (of State) is a cabinet member with an inferior rank to a minister.",politics_government,primary,government,,,Cabinet_(government),"cabinet, government, minister, state","cabinet, government, state",16.5,wikipedia,54,324,3,6.0,50.676
"While almost all countries have an institution that is recognisably a cabinet, the name of this institution varies. In many countries, (such as Ireland , Sweden , and Vietnam ) the term ""government"" refers to the body of executive ministers; the broader organs of state having another name. Others, such as Spain , Poland , and Cuba , refer to their cabinet as a council of ministers , or the similar council of state .",politics_government,primary,government,,,Cabinet_(government),"cabinet, government, minister, state","cabinet, government, state",16.5,wikipedia,75,419,3,5.0,49.081
"The nature of democracy is that elected officials are accountable to the people, and they must return to the voters at prescribed intervals to seek their mandate to continue in office. For that reason, most democratic constitutions provide that elections are held at fixed regular intervals.",politics_government,primary,democracy_elections,,,Election,election,"democracy, election, vote, voter",16.3,wikipedia,46,291,3,6.0,50.309000000000005
"In both presidential and parliamentary systems, cabinet officials administer executive branches, government agencies, or departments. Cabinets and ministers are usually in charge of the preparation of proposed legislation in the ministries before it is passed to the parliament . Thus, often the majority of new legislation actually originates from the cabinet and its ministries.",politics_government,primary,government,,,Cabinet_(government),"cabinet, government, legislation, minister, parliament, president","cabinet, government",16.3,wikipedia,54,380,3,6.0,50.22
"According to the minimalist democracy conception, elections are a mechanism for competition between politicians . Joseph Schumpeter articulated this view famously in his book Capitalism, Socialism, and Democracy . According to the median voter theorem the political representativeness can be evaluated by comparing how close laws and policies are to the views of the median voter along the political spectrum .",politics_government,primary,democracy_elections,,,Democracy,election,"democracy, election, vote, voter",16.3,wikipedia,61,410,3,6.0,50.190000000000005
"Majority rule involves a competitive approach, opposed to consensus democracy , creating the need that elections , and generally deliberation , be substantively and procedurally ""fair"" , i.e., just and equitable . In some countries, freedom of political expression , freedom of speech , and freedom of the press are considered important to ensure that voters are well informed, enabling them to vote according to their own interests and beliefs.",politics_government,primary,democracy_elections,,,Democracy,election,"democracy, election, vote, voter",16.3,wikipedia,70,445,3,5.0,48.655
"Voters are given an envelope into which they put the ballot of the party they wish to vote for, before placing the envelope in the ballot box . The same system is also implemented in Latvia . The system is used commonly in open lists or primary elections , where voters must choose a single party whose candidates they are allowed to choose between.",politics_government,primary,democracy_elections,,,Voting,election,"ballot, election, vote, voter",16.0,wikipedia,64,349,3,6.0,49.651
"While openness and accountability are usually considered cornerstones of a democratic system, the act of casting a vote and the content of a voter's ballot are usually an important exception. The secret ballot is a relatively modern development, but it is now considered crucial in most free and fair elections , as it limits the effectiveness of intimidation.",politics_government,primary,democracy_elections,,,Election,election,"ballot, election, vote, voter",16.0,wikipedia,58,360,3,6.0,49.64
"An alternative method that is still paper-based known as ballot letters is used in Israel, where polling booths contain a tray with ballots for each party running in the elections; the ballots are marked with the letter(s) assigned to that party. Voters are given an envelope into which they put the ballot of the party they wish to vote for, before placing the envelope in the ballot box .",politics_government,primary,democracy_elections,,,Voting,election,"ballot, election, vote, voter",16.0,wikipedia,69,390,3,6.0,49.61
"Participatory rules determine candidate nomination and voter registration , in addition to the location of polling places and the availability of online voting , postal voting , and absentee voting . Other regulations include the selection of voting devices such as paper ballots , machine voting or open ballot systems , and consequently the type of vote counting systems , verification and auditing used.",politics_government,primary,democracy_elections,,,Electoral_system,election,"ballot, election, vote, voter",16.0,wikipedia,64,406,3,6.0,49.594
Representative democracy involves the election of government officials by the people being represented. If the head of state is also democratically elected then it is called a democratic republic . The most common mechanisms involve election of the candidate with a majority or a plurality of the votes.,politics_government,primary,democracy_elections,,,Democracy,"election, government, state","democracy, election, vote",15.8,wikipedia,48,303,3,6.0,49.297000000000004
Organizational theory in public administration is the study of the structure of governmental entities and the many particulars inculcated in them. Ethics in public administration serves as a normative approach to decision making. Policy analysis and program evaluation serves as an empirical approach to decision making.,politics_government,primary,government,,,Public_administration,"administration, government, policy","administration, government, public administration",15.8,wikipedia,46,320,3,6.0,49.28
"Concurrently, after World War II , the entire concept of public administration expanded to include policy making and analysis, thus the study of ""administrative policy making and analysis"" was introduced and enhanced into the government decision-making bodies. Later on, the human factor became a predominant concern and emphasis in the study of public administration.",politics_government,primary,government,,,Public_administration,"administration, government, policy","administration, government, public administration",15.8,wikipedia,54,368,3,6.0,49.232
"Public administration theory is the domain in which discussions of the meaning and purpose of government, the role of bureaucracy in supporting democratic governments, budgets, governance, and public affairs take place. In the 1920s the German sociologist Max Weber expanded the definition of bureaucracy to include any system of administration conducted by trained professionals according to fixed rules.",politics_government,primary,government,,,Public_administration,"administration, governance, government","administration, government, public administration",15.8,wikipedia,58,405,3,6.0,49.195
"Public administration would have to distance itself from politics to answer this call and remain effective. The Hoover Commission , chaired by University of Chicago professor Louis Brownlow , examines the reorganization of government. Brownlow subsequently founded the Public Administration Service (PAS) at the university, an organization that provided consulting services to all levels of government until the 1970s.",politics_government,primary,government,,,Public_administration,"administration, government, politics","administration, government, public administration",15.8,wikipedia,59,418,3,6.0,49.182
"The function of a cabinet varies: in some countries, it is a collegiate decision-making body with collective responsibility , while in others it may function either as a purely advisory body or an assisting institution to a decision-making head of state or head of government .",politics_government,primary,government,,,Cabinet_(government),"cabinet, government, state","cabinet, government, state",15.5,wikipedia,46,277,3,6.0,48.723
"In the United States, the 1828 presidential election was the first in which non-property-holding white males could vote in the vast majority of states. Voter turnout soared during the 1830s, reaching about 80% of the adult white male population in the 1840 presidential election .",politics_government,primary,democracy_elections,,,Democracy,"election, president, state","election, vote, voter",15.5,wikipedia,45,280,3,6.0,48.72
"Communist states can be ruled de facto by the politburo , such as the Politburo of the Communist Party of the Soviet Union . This is an organ of the communist party and not a state organ, but due to one-party rule, the state and its cabinet (e.g. Government of the Soviet Union ) are in practice subordinate to the politburo.",politics_government,primary,government,,,Cabinet_(government),"cabinet, government, state","cabinet, government, state",15.5,wikipedia,61,325,3,6.0,48.675
"There was a call by citizens for efficient administration to replace ineffective, wasteful bureaucracy. Public administration would have to distance itself from politics to answer this call and remain effective. The Hoover Commission , chaired by University of Chicago professor Louis Brownlow , examines the reorganization of government.",politics_government,primary,government,,,Public_administration,"administration, government, politics","administration, government, public administration",15.5,wikipedia,48,338,3,6.0,48.662
"In the mid-1980s, the goal of community programs in the United States was often represented by terms such as independent living, community integration , inclusion, community participation, deinstitutionalization , and civil rights. Thus, the same public policy (and public administration) was to apply to all citizens, inclusive of disability.",politics_government,primary,government,,,Public_administration,"administration, policy, state","administration, public administration, state",15.5,wikipedia,49,343,3,6.0,48.657
"In 1937, the Brownlow Committee , which was a presidentially commissioned panel of political science and public administration experts, recommended sweeping changes to the executive branch of the U.S. federal government , including the creation of the Executive Office of the President. Roosevelt in 1939 lobbied Congress to approve the Reorganization Act of 1939 .",politics_government,primary,government,,,Public_administration,"administration, government, president","administration, government, public administration",15.5,wikipedia,55,365,3,6.0,48.635
"Athenian democracy took the form of direct democracy, and it had two distinguishing features: the random selection of ordinary citizens to fill the few existing government administrative and judicial offices, and a legislative assembly consisting of all Athenian citizens. All eligible citizens were allowed to speak and vote in the assembly, which set the laws of the city-state.",politics_government,primary,democracy_elections,,,Democracy,"election, government, state","democracy, election, vote",15.5,wikipedia,58,380,3,6.0,48.62
"Research on the 2019 European Parliament elections indicates that voters' preferences for ""European solidarity,"" defined as the willingness to share economic risks and redistribute resources across member states and citizens, significantly influenced their voting behavior. In the United States , solidarity voting plays a role in the political behavior of racially minoritized groups.",politics_government,primary,democracy_elections,,,Voting,"election, parliament, state","election, vote, voter",15.5,wikipedia,53,385,3,6.0,48.615
"(2009), 'Definitions and typologies in public administration research: the case of decentralization', International Journal of Public Administration, 32(8): 704–27. Jeong Chun Hai @Ibrahim, & Nor Fadzlina Nawi. (2006) Public Administration – Power and Politics in the Fourth Branch of Government , LA: Roxbury Pub. Research in public administration: reflections on theory and practice .",politics_government,primary,government,,,Public_administration,"administration, government, politics","administration, government, public administration",15.5,wikipedia,54,386,3,6.0,48.614
Uncodified constitutions largely lack protection against amendment by the government of the time. Fixed-term Parliaments Act 2011 legislated by simple majority for strictly fixed-term parliaments ; until then the ruling party could call a general election at any convenient time up to the maximum term of five years. This change would require a constitutional amendment in most nations.,politics_government,primary,constitution_political_systems,,,Constitution,"election, government, parliament","constitution, constitutional, parliament",15.5,wikipedia,58,386,3,6.0,48.614
"Voter turnout soared during the 1830s, reaching about 80% of the adult white male population in the 1840 presidential election . North Carolina was the last state to abolish property qualification in 1856 resulting in a close approximation to universal white male suffrage (however tax-paying requirements remained in five states in 1860 and survived in two states until the 20th century).",politics_government,primary,democracy_elections,,,Democracy,"election, president, state","election, vote, voter",15.5,wikipedia,61,389,3,6.0,48.611
"Thus, the same public policy (and public administration) was to apply to all citizens, inclusive of disability. However, by the 1990s, categorical state systems were strengthened in the United States (Racino, in press, 2014), and efforts were made to introduce more disability content into the public policy curricula with disability public policy (and administration) distinct fields in their own right.",politics_government,primary,government,,,Public_administration,"administration, policy, state","administration, public administration, state",15.5,wikipedia,60,404,3,6.0,48.596
"This has become known as the ""alternative"" or ""settlement"" model of public administration. During the 19th century upper-class women in the United States and Europe organized voluntary associations that worked to mitigate the excesses of urbanization and industrialization in their towns. Eventually, these voluntary associations became networks that were able to spearhead changes to policy and administration.",politics_government,primary,government,,,Public_administration,"administration, policy, state","administration, public administration, state",15.5,wikipedia,57,411,3,6.0,48.589
"In both presidential and parliamentary systems, cabinet officials administer executive branches, government agencies, or departments. Cabinets and ministers are usually in charge of the preparation of proposed legislation in the ministries before it is passed to the parliament .",politics_government,primary,government,,,Cabinet_(government),"cabinet, government, legislation, minister, parliament, president","cabinet, government",15.3,wikipedia,39,279,3,6.0,48.321
"Chemistry is the scientific study of the properties and behavior of matter . It is a physical science within the natural sciences that studies the chemical elements that make up matter and compounds made of atoms , molecules and ions : their composition, structure, properties, behavior and the changes they undergo during reactions with other substances .",science,primary,chemistry,,,Chemistry,"science, scientific, study","atom, chemical, chemistry, compound, element, molecule, reaction",25.8,wikipedia,57,356,3,6.0,69.244
"Chemistry is the scientific study of the properties and behavior of matter . It is a physical science within the natural sciences that studies the chemical elements that make up matter and compounds made of atoms , molecules and ions : their composition, structure, properties, behavior and the changes they undergo during reactions with other substances . Chemistry also addresses the nature of chemical bonds in chemical compounds .",science,primary,chemistry,,,Chemistry,"science, scientific, study","atom, chemical, chemistry, compound, element, molecule, reaction",25.8,wikipedia,69,434,3,5.0,67.666
"Since the end of the 20th century, classical mechanics in physics has no longer been an independent theory. Instead, classical mechanics is now considered an approximate theory to the more general quantum mechanics. Emphasis has shifted to understanding the fundamental forces of nature as in the Standard Model and its more modern extensions into a unified theory of everything . Classical mechanics is a theory useful for the study of the motion of non-quantum mechanical, low-energy particles in weak gravitational fields.",science,primary,physics,,,Classical_mechanics,"study, theory","energy, force, mechanics, motion, particle, physics, quantum",24.8,wikipedia,81,525,3,4.0,64.07499999999999
"It is a physical science within the natural sciences that studies the chemical elements that make up matter and compounds made of atoms , molecules and ions : their composition, structure, properties, behavior and the changes they undergo during reactions with other substances . Chemistry also addresses the nature of chemical bonds in chemical compounds .",science,primary,chemistry,,,Chemistry,science,"atom, chemical, chemistry, compound, element, molecule, reaction",23.5,wikipedia,56,357,3,6.0,64.643
"Developed from ancient and medieval practices, it acknowledges that cognitive assumptions can distort the interpretation of the observation . The scientific method has characterized science since at least the 17th century. Scientific inquiry includes creating a testable hypothesis through inductive reasoning , testing it through experiments and statistical analysis, and adjusting or discarding the hypothesis based on the results.",science,primary,scientific_method,,,Scientific_method,"analysis, experiment, method, observation, science, scientific","experiment, hypothesis, observation, scientific method, testing",23.5,wikipedia,59,433,3,5.0,63.067
"The scientific method is an empirical method for acquiring knowledge through careful observation , rigorous skepticism , hypothesis testing , and experimental validation. Developed from ancient and medieval practices, it acknowledges that cognitive assumptions can distort the interpretation of the observation . The scientific method has characterized science since at least the 17th century. Scientific inquiry includes creating a testable hypothesis through inductive reasoning , testing it through experiments and statistical analysis, and adjusting or discarding the hypothesis based on the results.",science,primary,scientific_method,,,Scientific_method,"analysis, experiment, method, observation, science, scientific","experiment, hypothesis, observation, scientific method, testing",23.5,wikipedia,82,604,3,2.5,59.146
"Main group compounds have been known since the beginnings of chemistry, e.g., elemental sulfur and the distillable white phosphorus . Experiments on oxygen, O 2 , by Lavoisier and Priestley not only identified an important diatomic gas, but opened the way for describing compounds and reactions according to stoichiometric ratios. The discovery of a practical synthesis of ammonia using iron catalysts by Carl Bosch and Fritz Haber in the early 1900s deeply impacted mankind, demonstrating the significance of inorganic chemical synthesis.",science,primary,chemistry,,,Inorganic_chemistry,"discovery, experiment","atom, chemical, chemistry, compound, element, reaction",22.6,wikipedia,81,539,3,4.0,59.661
"Main group compounds have been known since the beginnings of chemistry, e.g., elemental sulfur and the distillable white phosphorus . Experiments on oxygen, O 2 , by Lavoisier and Priestley not only identified an important diatomic gas, but opened the way for describing compounds and reactions according to stoichiometric ratios. The discovery of a practical synthesis of ammonia using iron catalysts by Carl Bosch and Fritz Haber in the early 1900s deeply impacted mankind, demonstrating the significance of inorganic chemical synthesis. Typical main group compounds are SiO 2 , SnCl 4 , and N 2 O .",science,primary,chemistry,,,Inorganic_chemistry,"discovery, experiment","atom, chemical, chemistry, compound, element, reaction",22.6,wikipedia,97,601,3,1.0,55.099000000000004
"More recently, evidence for common descent has come from the study of biochemical similarities between organisms. For example, all living cells use the same basic set of nucleotides and amino acids . The development of molecular genetics has revealed the record of evolution left in organisms' genomes: dating when species diverged through the molecular clock produced by mutations. For example, these DNA sequence comparisons have revealed that humans and chimpanzees share 98% of their genomes and analysing the few areas where they differ helps shed light on when the common ancestor of these species existed.",science,primary,biology,,,Evolution,"evidence, study","cell, dna, evolution, genetics, organism, species",22.6,wikipedia,95,612,3,1.0,55.088
"The scientific method is an empirical method for acquiring knowledge through careful observation , rigorous skepticism , hypothesis testing , and experimental validation. Developed from ancient and medieval practices, it acknowledges that cognitive assumptions can distort the interpretation of the observation . The scientific method has characterized science since at least the 17th century.",science,primary,scientific_method,,,Scientific_method,"experiment, method, observation, science, scientific","experiment, hypothesis, observation, scientific method, testing",22.5,wikipedia,54,393,3,6.0,62.607
"Emphasis has shifted to understanding the fundamental forces of nature as in the Standard Model and its more modern extensions into a unified theory of everything . Classical mechanics is a theory useful for the study of the motion of non-quantum mechanical, low-energy particles in weak gravitational fields.",science,primary,physics,,,Classical_mechanics,"study, theory","energy, force, mechanics, motion, particle, quantum",22.3,wikipedia,48,309,3,6.0,62.291000000000004
"Instead, classical mechanics is now considered an approximate theory to the more general quantum mechanics. Emphasis has shifted to understanding the fundamental forces of nature as in the Standard Model and its more modern extensions into a unified theory of everything . Classical mechanics is a theory useful for the study of the motion of non-quantum mechanical, low-energy particles in weak gravitational fields.",science,primary,physics,,,Classical_mechanics,"study, theory","energy, force, mechanics, motion, particle, quantum",22.3,wikipedia,63,417,3,6.0,62.183
"Organic chemistry is a subdiscipline within chemistry involving the scientific study of the structure, properties, and reactions of organic compounds and organic materials (i.e. matter in its various forms that contain carbon atoms ). It involves studying the structure of organic material to determine the structural formula , analyzing physical and chemical properties , and evaluating chemical reactivity to understand the behavior of organic compounds. The study of organic reactions includes the chemical synthesis of natural products , drugs , and polymers , and study of individual organic molecules in the laboratory and via theoretical ( in silico ) study.",science,primary,chemistry,,,Organic_chemistry,"scientific, study","atom, chemical, chemistry, compound, molecule, reaction",22.3,wikipedia,100,665,3,1.0,54.435
"Biology examines life across multiple levels of organization , from molecules and cells to organisms, populations , and ecosystems . Subdisciplines include molecular biology , physiology , ecology , evolutionary biology , developmental biology , and systematics , among others. Each of these fields applies a range of methods to investigate biological phenomena, including observation, experimentation , and mathematical modeling . Modern biology is grounded in the theory of evolution by natural selection , first articulated by Charles Darwin , and in the molecular understanding of genes encoded in DNA .",science,primary,biology,,,Biology,"experiment, method, observation, theory","biology, cell, dna, evolution, organism",21.5,wikipedia,91,607,3,1.0,52.893
"Traditional chemistry starts with the study of elementary particles , atoms , molecules , substances , metals , crystals and other aggregates of matter . Matter can be studied in solid, liquid, gas and plasma states , in isolation or in combination. The interactions, reactions and transformations that are studied in chemistry are usually the result of interactions between atoms, leading to rearrangements of the chemical bonds which hold atoms together.",science,primary,chemistry,,,Chemistry,study,"atom, chemical, chemistry, element, molecule, reaction",21.3,wikipedia,71,456,3,4.0,57.144
"Traditional chemistry starts with the study of elementary particles , atoms , molecules , substances , metals , crystals and other aggregates of matter . Matter can be studied in solid, liquid, gas and plasma states , in isolation or in combination. The interactions, reactions and transformations that are studied in chemistry are usually the result of interactions between atoms, leading to rearrangements of the chemical bonds which hold atoms together. Such behaviors are studied in a chemistry laboratory .",science,primary,chemistry,,,Chemistry,study,"atom, chemical, chemistry, element, molecule, reaction",21.3,wikipedia,80,511,3,4.0,57.089
"The current model of atomic structure is the quantum mechanical model . Traditional chemistry starts with the study of elementary particles , atoms , molecules , substances , metals , crystals and other aggregates of matter . Matter can be studied in solid, liquid, gas and plasma states , in isolation or in combination. The interactions, reactions and transformations that are studied in chemistry are usually the result of interactions between atoms, leading to rearrangements of the chemical bonds which hold atoms together.",science,primary,chemistry,,,Chemistry,study,"atom, chemical, chemistry, element, molecule, reaction",21.3,wikipedia,83,528,3,4.0,57.072
"Branches of physics include classical mechanics ; thermodynamics and statistical mechanics ; electromagnetism and photonics ; relativity; quantum mechanics , atomic physics , and molecular physics ; optics and acoustics; condensed matter physics; high-energy particle physics and nuclear physics; and chaos theory and cosmology; and interdisciplinary fields.",science,primary,physics,,,Physics,theory,"energy, matter, mechanics, particle, physics, quantum",21.0,wikipedia,47,358,3,6.0,59.642
"Each of these fields applies a range of methods to investigate biological phenomena, including observation, experimentation , and mathematical modeling . Modern biology is grounded in the theory of evolution by natural selection , first articulated by Charles Darwin , and in the molecular understanding of genes encoded in DNA . The discovery of the structure of DNA and advances in molecular genetics have transformed many areas of biology, leading to applications in medicine , agriculture , biotechnology , and environmental science .",science,primary,biology,,,Biology,"discovery, experiment, method, observation, science, theory","biology, dna, evolution, genetics",21.0,wikipedia,83,538,3,4.0,56.462
"Subdisciplines include molecular biology , physiology , ecology , evolutionary biology , developmental biology , and systematics , among others. Each of these fields applies a range of methods to investigate biological phenomena, including observation, experimentation , and mathematical modeling . Modern biology is grounded in the theory of evolution by natural selection , first articulated by Charles Darwin , and in the molecular understanding of genes encoded in DNA . The discovery of the structure of DNA and advances in molecular genetics have transformed many areas of biology, leading to applications in medicine , agriculture , biotechnology , and environmental science .",science,primary,biology,,,Biology,"discovery, experiment, method, observation, science, theory","biology, dna, evolution, genetics",21.0,wikipedia,103,683,3,1.0,51.817
"The scientific method is an empirical method for acquiring knowledge through careful observation , rigorous skepticism , hypothesis testing , and experimental validation. Developed from ancient and medieval practices, it acknowledges that cognitive assumptions can distort the interpretation of the observation .",science,primary,scientific_method,,,Scientific_method,"experiment, method, observation, scientific","experiment, hypothesis, observation, scientific method, testing",20.5,wikipedia,42,312,3,6.0,58.688
"Quantum mechanics has had enormous success in explaining many of the features of our universe, with regard to small-scale and discrete quantities and interactions which cannot be explained by classical methods . Quantum mechanics is often the only theory that can reveal the individual behaviors of the subatomic particles that make up all forms of matter (electrons, protons , neutrons , photons , and others). Solid-state physics and materials science are dependent upon quantum mechanics.",science,primary,physics,,,Quantum_mechanics,"method, science, theory","matter, mechanics, particle, physics, quantum",20.5,wikipedia,75,491,3,4.0,55.509
"More recently, evidence for common descent has come from the study of biochemical similarities between organisms. For example, all living cells use the same basic set of nucleotides and amino acids . The development of molecular genetics has revealed the record of evolution left in organisms' genomes: dating when species diverged through the molecular clock produced by mutations.",science,primary,biology,,,Evolution,"evidence, study","cell, evolution, genetics, organism, species",20.1,wikipedia,58,382,3,6.0,57.818000000000005
"Consequently the topics of physics have come to be divided into ""classical physics"" and ""modern physics"", with the latter category including effects related to quantum mechanics and relativity. : 2 Classical physics is generally concerned with matter and energy on the normal scale of observation, while much of modern physics is concerned with the behavior of matter and energy under extreme conditions or on a very large or very small scale. For example, atomic and nuclear physics study matter on the smallest scale at which chemical elements can be identified.",science,primary,physics,,,Physics,"observation, study","energy, matter, mechanics, physics, quantum",20.1,wikipedia,90,564,3,2.5,52.386
"In physics , classical mechanics is a theory that describes the effect of forces on the motion of macroscopic objects and bulk matter , without considering quantum effects, and often without incorporating relativistic effects either.",science,primary,physics,,,Classical_mechanics,theory,"force, matter, mechanics, motion, physics, quantum",20.0,wikipedia,35,233,3,6.0,57.767
"The scientific method involves experimentation to test the ability of some hypothesis to adequately answer the question under investigation. In contrast, unfettered observation is not as likely to raise unexplained issues or open questions in science, as would the formulation of a crucial experiment to test the hypothesis.",science,primary,scientific_method,,,Hypothesis,"experiment, method, observation, science, scientific","experiment, hypothesis, observation, scientific method",20.0,wikipedia,48,324,3,6.0,57.676
"How the sciences make knowledge has been taught in the context of ""the"" scientific method (singular) since the early 20th century. Various systems of education, including but not limited to the US, have taught the method of science as a process or procedure, structured as a definitive series of steps: observation, hypothesis, prediction, experiment.",science,primary,scientific_method,,,Scientific_method,"experiment, method, observation, science, scientific","experiment, hypothesis, observation, scientific method",20.0,wikipedia,54,351,3,6.0,57.649
"The scientific method involves experimentation to test the ability of some hypothesis to adequately answer the question under investigation. In contrast, unfettered observation is not as likely to raise unexplained issues or open questions in science, as would the formulation of a crucial experiment to test the hypothesis. A thought experiment might also be used to test the hypothesis.",science,primary,scientific_method,,,Hypothesis,"experiment, method, observation, science, scientific","experiment, hypothesis, observation, scientific method",20.0,wikipedia,59,388,3,6.0,57.612
"^ ...an experimental approach was advocated by Galileo in 1638 with the publication of Two New Sciences . ^ Popper, in his 1963 publication of Conjectures and Refutations argued that merely Trial and Error can stand to be called a 'universal method'. ^ The machinery of the mind can only transform knowledge, but never originate it, unless it be fed with facts of observation. Peirce ^ The scientific method requires testing and validation a posteriori before ideas are accepted.",science,primary,scientific_method,,,Scientific_method,"experiment, method, observation, science, scientific","experiment, observation, scientific method, testing",20.0,wikipedia,79,479,3,4.0,54.521
"For example, all living cells use the same basic set of nucleotides and amino acids . The development of molecular genetics has revealed the record of evolution left in organisms' genomes: dating when species diverged through the molecular clock produced by mutations. For example, these DNA sequence comparisons have revealed that humans and chimpanzees share 98% of their genomes and analysing the few areas where they differ helps shed light on when the common ancestor of these species existed.",science,primary,biology,,,Evolution,,"cell, dna, evolution, genetics, organism, species",20.0,wikipedia,79,498,3,4.0,54.502
"Other philosophers of science have rejected the criterion of falsifiability or supplemented it with other criteria, such as verifiability (e.g., verificationism ) or coherence (e.g., confirmation holism ). The scientific method involves experimentation to test the ability of some hypothesis to adequately answer the question under investigation. In contrast, unfettered observation is not as likely to raise unexplained issues or open questions in science, as would the formulation of a crucial experiment to test the hypothesis.",science,primary,scientific_method,,,Hypothesis,"experiment, method, observation, science, scientific","experiment, hypothesis, observation, scientific method",20.0,wikipedia,76,530,3,4.0,54.47
"The hypothetico-deductive model , or hypothesis-testing method, or ""traditional"" scientific method is, as the name implies, based on the formation of hypotheses and their testing via deductive reasoning . A hypothesis stating implications, often called predictions , that are falsifiable via experiment is of central importance here, as not the hypothesis but its implications are what is tested. Basically, scientists will look at the hypothetical consequences a (potential) theory holds and prove or disprove those instead of the theory itself.",science,primary,scientific_method,,,Scientific_method,"experiment, method, scientific, tested, theory","experiment, hypothesis, scientific method, testing",20.0,wikipedia,80,546,3,4.0,54.454
"Other philosophers of science have rejected the criterion of falsifiability or supplemented it with other criteria, such as verifiability (e.g., verificationism ) or coherence (e.g., confirmation holism ). The scientific method involves experimentation to test the ability of some hypothesis to adequately answer the question under investigation. In contrast, unfettered observation is not as likely to raise unexplained issues or open questions in science, as would the formulation of a crucial experiment to test the hypothesis. A thought experiment might also be used to test the hypothesis.",science,primary,scientific_method,,,Hypothesis,"experiment, method, observation, science, scientific","experiment, hypothesis, observation, scientific method",20.0,wikipedia,87,594,3,2.5,52.156
"In more detail: the scientific method involves making conjectures (hypothetical explanations), predicting the logical consequences of hypothesis, then carrying out experiments or empirical observations based on those predictions. A hypothesis is a conjecture based on knowledge obtained while seeking answers to the question. Hypotheses can be very specific or broad but must be falsifiable , implying that it is possible to identify a possible outcome of an experiment or observation that conflicts with predictions deduced from the hypothesis; otherwise, the hypothesis cannot be meaningfully tested.",science,primary,scientific_method,,,Scientific_method,"experiment, method, observation, scientific, tested","experiment, hypothesis, observation, scientific method",20.0,wikipedia,85,602,3,2.5,52.148
"Physics is the scientific study of matter , its fundamental constituents , its motion and behavior through space and time , and the related entities of energy and force . It is one of the most fundamental scientific disciplines. A scientist who specializes in the field of physics is called a physicist .",science,primary,physics,,,Physics,"scientific, study","energy, force, matter, motion, physics",19.8,wikipedia,53,304,3,6.0,57.296
"Organic chemistry is a subdiscipline within chemistry involving the scientific study of the structure, properties, and reactions of organic compounds and organic materials (i.e. matter in its various forms that contain carbon atoms ). It involves studying the structure of organic material to determine the structural formula , analyzing physical and chemical properties , and evaluating chemical reactivity to understand the behavior of organic compounds.",science,primary,chemistry,,,Organic_chemistry,"scientific, study","atom, chemical, chemistry, compound, reaction",19.8,wikipedia,65,456,3,5.0,55.644
"Formulate a hypothesis that tentatively answers the question Predict logical, observable consequences of the hypothesis that have not yet been investigated Test the hypothesis' predictions through experiments , observational study , field study , or simulations Draw a conclusion from the collected data , revise the hypothesis, or propose a new one, and repeat the process Write a descriptive method of observation and the results or conclusions reached Submit the findings for peer review by researchers experienced in the same area of study",science,primary,scientific_method,,,Observation,"data, experiment, finding, method, observation, research, study","experiment, hypothesis, observation",19.8,wikipedia,83,543,3,4.0,54.057
"Mathematical techniques used for this include mathematical analysis , linear algebra , stochastic analysis , differential equations , and measure-theoretic probability theory . All statistical analyses make use of at least some mathematics, and mathematical statistics can therefore be regarded as a fundamental component of general statistics.",science,primary,mathematics,,,Statistics,"analysis, theory","algebra, equation, mathematics, probability, statistics",19.5,wikipedia,47,344,3,6.0,56.656
"Mathematical statistics is the application of mathematics to statistics. Mathematical techniques used for this include mathematical analysis , linear algebra , stochastic analysis , differential equations , and measure-theoretic probability theory . All statistical analyses make use of at least some mathematics, and mathematical statistics can therefore be regarded as a fundamental component of general statistics.",science,primary,mathematics,,,Statistics,"analysis, theory","algebra, equation, mathematics, probability, statistics",19.5,wikipedia,56,417,3,6.0,56.583
"Main group compounds have been known since the beginnings of chemistry, e.g., elemental sulfur and the distillable white phosphorus . Experiments on oxygen, O 2 , by Lavoisier and Priestley not only identified an important diatomic gas, but opened the way for describing compounds and reactions according to stoichiometric ratios.",science,primary,chemistry,,,Inorganic_chemistry,experiment,"atom, chemistry, compound, element, reaction",19.1,wikipedia,50,330,3,6.0,55.870000000000005
"The scientific method has characterized science since at least the 17th century. Scientific inquiry includes creating a testable hypothesis through inductive reasoning , testing it through experiments and statistical analysis, and adjusting or discarding the hypothesis based on the results.",science,primary,scientific_method,,,Scientific_method,"analysis, experiment, method, science, scientific","experiment, hypothesis, scientific method, testing",19.0,wikipedia,40,291,3,6.0,55.709
"The hypothetico-deductive model , or hypothesis-testing method, or ""traditional"" scientific method is, as the name implies, based on the formation of hypotheses and their testing via deductive reasoning . A hypothesis stating implications, often called predictions , that are falsifiable via experiment is of central importance here, as not the hypothesis but its implications are what is tested.",science,primary,scientific_method,,,Scientific_method,"experiment, method, scientific, tested","experiment, hypothesis, scientific method, testing",19.0,wikipedia,58,396,3,6.0,55.604
"Although procedures vary across fields , the underlying process is often similar. In more detail: the scientific method involves making conjectures (hypothetical explanations), predicting the logical consequences of hypothesis, then carrying out experiments or empirical observations based on those predictions. A hypothesis is a conjecture based on knowledge obtained while seeking answers to the question.",science,primary,scientific_method,,,Scientific_method,"experiment, method, observation, scientific","experiment, hypothesis, observation, scientific method",19.0,wikipedia,55,407,3,6.0,55.593
"Physics is the scientific study of matter , its fundamental constituents , its motion and behavior through space and time , and the related entities of energy and force . It is one of the most fundamental scientific disciplines.",science,primary,physics,,,Physics,"scientific, study","energy, force, matter, motion, physics",18.8,wikipedia,39,228,3,6.0,55.372
"matter in its various forms that contain carbon atoms ). It involves studying the structure of organic material to determine the structural formula , analyzing physical and chemical properties , and evaluating chemical reactivity to understand the behavior of organic compounds. The study of organic reactions includes the chemical synthesis of natural products , drugs , and polymers , and study of individual organic molecules in the laboratory and via theoretical ( in silico ) study.",science,primary,chemistry,,,Organic_chemistry,study,"atom, chemical, compound, molecule, reaction",18.8,wikipedia,76,487,3,4.0,52.113
"Only in such cases does the experiment, test or study potentially increase the probability of showing the truth of a hypothesis. : pp17, 49–50 If the researcher already knows the outcome, it counts as a ""consequence"" — and the researcher should have already considered this while formulating the hypothesis. If one cannot assess the predictions by observation or by experience , the hypothesis needs to be tested by others providing observations. For example, a new technology or theory might make the necessary experiments feasible.",science,primary,scientific_method,,,Hypothesis,"experiment, observation, research, study, tested, theory","experiment, hypothesis, observation",18.8,wikipedia,84,533,3,4.0,52.067
"Quantum mechanics is often the only theory that can reveal the individual behaviors of the subatomic particles that make up all forms of matter (electrons, protons , neutrons , photons , and others). Solid-state physics and materials science are dependent upon quantum mechanics.",science,primary,physics,,,Quantum_mechanics,"science, theory","matter, mechanics, particle, physics, quantum",18.5,wikipedia,43,279,3,6.0,54.721
"The two chief theories of modern physics present a different picture of the concepts of space, time, and matter from that presented by classical physics. Classical mechanics approximates nature as continuous, while quantum theory is concerned with the discrete nature of many phenomena at the atomic and subatomic level and with the complementary aspects of particles and waves in the description of such phenomena.",science,primary,physics,,,Physics,theory,"matter, mechanics, particle, physics, quantum",18.5,wikipedia,64,415,3,6.0,54.585
"Although procedures vary across fields , the underlying process is often similar. In more detail: the scientific method involves making conjectures (hypothetical explanations), predicting the logical consequences of hypothesis, then carrying out experiments or empirical observations based on those predictions.",science,primary,scientific_method,,,Scientific_method,"experiment, method, observation, scientific","experiment, hypothesis, observation, scientific method",18.0,wikipedia,40,311,3,6.0,53.689
"In more detail: the scientific method involves making conjectures (hypothetical explanations), predicting the logical consequences of hypothesis, then carrying out experiments or empirical observations based on those predictions. A hypothesis is a conjecture based on knowledge obtained while seeking answers to the question.",science,primary,scientific_method,,,Scientific_method,"experiment, method, observation, scientific","experiment, hypothesis, observation, scientific method",18.0,wikipedia,43,325,3,6.0,53.675
"Modern biology is grounded in the theory of evolution by natural selection , first articulated by Charles Darwin , and in the molecular understanding of genes encoded in DNA . The discovery of the structure of DNA and advances in molecular genetics have transformed many areas of biology, leading to applications in medicine , agriculture , biotechnology , and environmental science .",science,primary,biology,,,Biology,"discovery, science, theory","biology, dna, evolution, genetics",18.0,wikipedia,62,384,3,6.0,53.616
"Biology examines life across multiple levels of organization , from molecules and cells to organisms, populations , and ecosystems . Subdisciplines include molecular biology , physiology , ecology , evolutionary biology , developmental biology , and systematics , among others. Each of these fields applies a range of methods to investigate biological phenomena, including observation, experimentation , and mathematical modeling .",science,primary,biology,,,Biology,"experiment, method, observation","biology, cell, evolution, organism",18.0,wikipedia,61,431,3,5.0,52.069
"hypothesis — Working hypothesis , a hypothesis suggested or supported in some measure by features of observed facts, from which consequences may be deduced which can be tested by experiment and special observations, and which it is proposed to subject to an extended course of such investigation, with the hope that, even should the hypothesis thus be overthrown, such research may lead to a tenable theory.",science,primary,scientific_method,,,Hypothesis,"experiment, observation, research, tested, theory","experiment, hypothesis, observation",17.8,wikipedia,66,407,3,6.0,53.193000000000005
"Experiments on oxygen, O 2 , by Lavoisier and Priestley not only identified an important diatomic gas, but opened the way for describing compounds and reactions according to stoichiometric ratios. The discovery of a practical synthesis of ammonia using iron catalysts by Carl Bosch and Fritz Haber in the early 1900s deeply impacted mankind, demonstrating the significance of inorganic chemical synthesis.",science,primary,chemistry,,,Inorganic_chemistry,"discovery, experiment","atom, chemical, compound, reaction",17.6,wikipedia,61,405,3,6.0,52.795
"In the mid-1920s quantum mechanics was developed to become the standard formulation for atomic physics. In 1923, the French physicist Louis de Broglie put forward his theory of matter waves by stating that particles can exhibit wave characteristics and vice versa.",science,primary,physics,,,Quantum_mechanics,theory,"matter, mechanics, particle, physics, quantum",17.5,wikipedia,41,264,3,6.0,52.736
"When one reactant contains hydrogen atoms , a reaction can take place by exchanging protons in acid-base chemistry . In a more general definition, any chemical species capable of binding to electron pairs is called a Lewis acid ; conversely any molecule that tends to donate an electron pair is referred to as a Lewis base .",science,primary,chemistry,,,Inorganic_chemistry,,"atom, chemical, chemistry, molecule, reaction",17.5,wikipedia,57,324,3,6.0,52.676
"For example, chemistry studies properties, structures, and reactions of matter (chemistry's focus on the molecular and atomic scale distinguishes it from physics ). Structures are formed because particles exert electrical forces on each other, properties include physical characteristics of given substances, and reactions are bound by laws of physics, like conservation of energy , mass , and charge .",science,primary,physics,,,Physics,,"energy, force, matter, particle, physics",17.5,wikipedia,59,402,3,6.0,52.598
": pp17, 49–50 If the researcher already knows the outcome, it counts as a ""consequence"" — and the researcher should have already considered this while formulating the hypothesis. If one cannot assess the predictions by observation or by experience , the hypothesis needs to be tested by others providing observations. For example, a new technology or theory might make the necessary experiments feasible.",science,primary,scientific_method,,,Hypothesis,"experiment, observation, research, tested, theory","experiment, hypothesis, observation",17.5,wikipedia,63,404,3,6.0,52.596
"The development of molecular genetics has revealed the record of evolution left in organisms' genomes: dating when species diverged through the molecular clock produced by mutations. For example, these DNA sequence comparisons have revealed that humans and chimpanzees share 98% of their genomes and analysing the few areas where they differ helps shed light on when the common ancestor of these species existed.",science,primary,biology,,,Evolution,,"dna, evolution, genetics, organism, species",17.5,wikipedia,63,412,3,6.0,52.588
"A scientific hypothesis must be based on observations and make a testable and reproducible prediction about reality , in a process beginning with an educated guess. If a hypothesis is repeatedly independently demonstrated by experiment to be true, it becomes a scientific theory . In colloquial usage, the words hypothesis and theory are often used interchangeably, but this is incorrect in the context of science.",science,primary,scientific_method,,,Hypothesis,"experiment, observation, science, scientific, theory","experiment, hypothesis, observation",17.5,wikipedia,65,414,3,6.0,52.586
"The mechanisms of main group compounds of groups 13–18 are usually discussed in the context of organic chemistry (organic compounds are main group compounds, after all). Elements heavier than C, N, O, and F often form compounds with more electrons than predicted by the octet rule , as explained in the article on hypervalent molecules. The mechanisms of their reactions differ from organic compounds for this reason.",science,primary,chemistry,,,Inorganic_chemistry,,"chemistry, compound, element, molecule, reaction",17.5,wikipedia,67,417,3,6.0,52.583
"Genetics is the study of genes , genetic variation , and heredity in organisms . It is an important branch in biology because heredity is vital to organisms' evolution . Gregor Mendel , a Moravian Augustinian friar working in the 19th century in Brno , was the first to study genetics scientifically.",science,primary,biology,,,Genetics,"scientific, study","biology, evolution, genetics, organism",17.3,wikipedia,52,300,3,6.0,52.300000000000004
"It is an important branch in biology because heredity is vital to organisms' evolution . Gregor Mendel , a Moravian Augustinian friar working in the 19th century in Brno , was the first to study genetics scientifically. Mendel studied ""trait inheritance"", patterns in the way traits are handed down from parents to offspring over time.",science,primary,biology,,,Genetics,"scientific, study","biology, evolution, genetics, organism",17.3,wikipedia,55,335,3,6.0,52.265
"Quantum mechanics is the fundamental physical theory that describes the behavior of matter and of light; its unusual characteristics typically occur at and below the scale of atoms . : 1.1 It is the foundation of all quantum physics , which includes quantum chemistry , quantum biology , quantum field theory , quantum technology , and quantum information science .",science,primary,physics,,,Quantum_mechanics,"science, theory","matter, mechanics, physics, quantum",17.3,wikipedia,60,365,3,6.0,52.235
"Genetics is the study of genes , genetic variation , and heredity in organisms . It is an important branch in biology because heredity is vital to organisms' evolution . Gregor Mendel , a Moravian Augustinian friar working in the 19th century in Brno , was the first to study genetics scientifically. Mendel studied ""trait inheritance"", patterns in the way traits are handed down from parents to offspring over time.",science,primary,biology,,,Genetics,"scientific, study","biology, evolution, genetics, organism",17.3,wikipedia,70,416,3,6.0,52.184000000000005
"In the mid-19th century, the scope of algebra broadened beyond a theory of equations to cover diverse types of algebraic operations and structures. Algebra is relevant to many branches of mathematics, such as geometry, topology , number theory , and calculus , and other fields of inquiry, like logic and the empirical sciences .",science,primary,mathematics,,,Algebra,"science, theory","algebra, calculus, equation, mathematics",17.0,wikipedia,54,329,3,6.0,51.671
"For example, all living cells use the same basic set of nucleotides and amino acids . The development of molecular genetics has revealed the record of evolution left in organisms' genomes: dating when species diverged through the molecular clock produced by mutations.",science,primary,biology,,,Evolution,,"cell, evolution, genetics, organism, species",16.5,wikipedia,42,268,3,6.0,50.732
"""Intangible cultural heritage"" consists of non-physical aspects of a particular culture, more often maintained by social customs during a specific period in history. The concept includes the ways and means of behavior in a society and the often formal rules for operating in a particular cultural climate. These include social values and traditions , customs and practices, aesthetic and spiritual beliefs, artistic expression , language and other aspects of human activity.",society_culture,primary,culture,,,Cultural_heritage,"culture, custom, language, social, society, tradition","cultural, culture, custom, heritage, tradition",23.5,wikipedia,71,474,3,4.0,61.526
"""Intangible cultural heritage"" consists of non-physical aspects of a particular culture, more often maintained by social customs during a specific period in history. The concept includes the ways and means of behavior in a society and the often formal rules for operating in a particular cultural climate. These include social values and traditions , customs and practices, aesthetic and spiritual beliefs, artistic expression , language and other aspects of human activity. The significance of physical artifacts can be interpreted as an act against the backdrop of socioeconomic, political, ethnic, religious, and philosophical values of a particular group of people.",society_culture,primary,culture,,,Cultural_heritage,"culture, custom, language, social, society, tradition","cultural, culture, custom, heritage, tradition",23.5,wikipedia,99,669,3,1.0,56.831
"When used as a count noun , a ""culture"" is the set of customs, traditions , and values of a society or community, such as an ethnic group or nation, and the knowledge acquired over time. In this sense, multiculturalism values the peaceful coexistence and mutual respect between different cultures inhabiting the same planet.",society_culture,primary,culture,,,Culture,"community, culture, custom, society, tradition","cultural, culture, custom, tradition",20.0,wikipedia,54,324,3,6.0,57.676
"When used as a count noun , a ""culture"" is the set of customs, traditions , and values of a society or community, such as an ethnic group or nation, and the knowledge acquired over time. In this sense, multiculturalism values the peaceful coexistence and mutual respect between different cultures inhabiting the same planet. Sometimes ""culture"" is also used to describe specific practices within a subgroup of a society, a subculture (e.g., "" bro culture ""), or a counterculture .",society_culture,primary,culture,,,Culture,"community, culture, custom, society, tradition","cultural, culture, custom, tradition",20.0,wikipedia,80,480,3,4.0,54.52
"The concept includes the ways and means of behavior in a society and the often formal rules for operating in a particular cultural climate. These include social values and traditions , customs and practices, aesthetic and spiritual beliefs, artistic expression , language and other aspects of human activity. The significance of physical artifacts can be interpreted as an act against the backdrop of socioeconomic, political, ethnic, religious, and philosophical values of a particular group of people. Naturally, intangible cultural heritage is more difficult to preserve than physical objects.",society_culture,primary,culture,,,Cultural_heritage,"custom, language, social, society, tradition","cultural, custom, heritage, tradition",20.0,wikipedia,88,596,3,2.5,52.154
"""Intangible cultural heritage"" consists of non-physical aspects of a particular culture, more often maintained by social customs during a specific period in history. The concept includes the ways and means of behavior in a society and the often formal rules for operating in a particular cultural climate.",society_culture,primary,culture,,,Cultural_heritage,"culture, custom, social, society","cultural, culture, custom, heritage",19.0,wikipedia,47,305,3,6.0,55.695
"These include social values and traditions , customs and practices, aesthetic and spiritual beliefs, artistic expression , language and other aspects of human activity. The significance of physical artifacts can be interpreted as an act against the backdrop of socioeconomic, political, ethnic, religious, and philosophical values of a particular group of people. Naturally, intangible cultural heritage is more difficult to preserve than physical objects.",society_culture,primary,culture,,,Cultural_heritage,"custom, language, social, tradition","cultural, custom, heritage, tradition",19.0,wikipedia,64,456,3,5.0,54.044
"In addition to the fundamental protection of cultural property, there is also cooperation between the United Nations , UNESCO and Blue Shield International in the protection or recording of traditions and customs. The protection of culture and traditions is becoming increasingly important nationally and internationally.",society_culture,primary,culture,,,Tradition,"culture, custom, tradition","cultural, culture, custom, tradition",18.0,wikipedia,45,321,3,6.0,53.679
"The legal protection of tradition includes a number of international agreements and national laws. In addition to the fundamental protection of cultural property, there is also cooperation between the United Nations , UNESCO and Blue Shield International in the protection or recording of traditions and customs. The protection of culture and traditions is becoming increasingly important nationally and internationally.",society_culture,primary,culture,,,Tradition,"culture, custom, tradition","cultural, culture, custom, tradition",18.0,wikipedia,59,420,3,6.0,53.58
"Cultural heritage includes tangible culture (such as buildings , monuments , landscapes , archival documents , books , works of art , and artifacts ), intangible culture (such as folklore , traditions , language , and knowledge ), and natural heritage (including culturally significant landscapes, and biodiversity ). The term is often used in connection with issues related to the protection of Indigenous intellectual property .",society_culture,primary,culture,,,Cultural_heritage,"culture, language, tradition","cultural, culture, heritage, tradition",18.0,wikipedia,66,430,3,5.0,52.07
"the forms of artistic heritage of a particular culture. beliefs or customs instituted and maintained by societies and governments, such as national anthems and national holidays , such as federal holidays in the United States . beliefs or customs maintained by religious denominations and Church bodies that share history, customs, culture, and, to some extent, body of teachings. For example, one can speak of Islam's tradition or Christianity's tradition.",society_culture,primary,culture,,,Tradition,"culture, custom, tradition","culture, custom, heritage, tradition",18.0,wikipedia,69,457,3,5.0,52.043
"The concept includes the ways and means of behavior in a society and the often formal rules for operating in a particular cultural climate. These include social values and traditions , customs and practices, aesthetic and spiritual beliefs, artistic expression , language and other aspects of human activity.",society_culture,primary,culture,,,Cultural_heritage,"custom, language, social, society, tradition","cultural, custom, tradition",17.5,wikipedia,48,308,3,6.0,52.692
"The concept includes the ways and means of behavior in a society and the often formal rules for operating in a particular cultural climate. These include social values and traditions , customs and practices, aesthetic and spiritual beliefs, artistic expression , language and other aspects of human activity. The significance of physical artifacts can be interpreted as an act against the backdrop of socioeconomic, political, ethnic, religious, and philosophical values of a particular group of people.",society_culture,primary,culture,,,Cultural_heritage,"custom, language, social, society, tradition","cultural, custom, tradition",17.5,wikipedia,76,503,3,4.0,49.497
"He organized and introduced a Welsh language-circulating school system, which was attractive and effective for Welsh speakers, while also teaching them English, which gave them access to broader educational sources. The circulating schools may have taught half the country's population to read. Literacy rates in Wales by the mid-18th century were one of the highest.",society_culture,primary,education,,,Literacy,"education, language","education, literacy, school, teaching",17.0,wikipedia,55,367,3,6.0,51.633
"Jones became rector of Llanddowror in 1716 and remained there for the rest of his life. He organized and introduced a Welsh language-circulating school system, which was attractive and effective for Welsh speakers, while also teaching them English, which gave them access to broader educational sources. The circulating schools may have taught half the country's population to read. Literacy rates in Wales by the mid-18th century were one of the highest.",society_culture,primary,education,,,Literacy,"education, language","education, literacy, school, teaching",17.0,wikipedia,71,455,3,4.0,48.545
"A tradition is a system of beliefs or behaviors ( folk custom ) passed down within a group of people or society with symbolic meaning or special significance with origins in the past. A component of cultural expressions and folklore , common examples include holidays or impractical but socially meaningful clothes (like lawyers' wigs or military officers' spurs ), but the idea has also been applied to social norms and behaviors such as greetings .",society_culture,primary,culture,,,Tradition,"custom, social, society, tradition","cultural, custom, tradition",16.5,wikipedia,75,450,3,4.0,47.55
"In the context of cultural studies, a text includes not only written language , but also films , photographs , fashion , or hairstyles : the texts of cultural studies comprise all the meaningful artifacts of culture. Similarly, the discipline widens the concept of culture. Culture, for a cultural-studies researcher, not only includes traditional high culture (the culture of the ruling social groups) and popular culture , but also everyday meanings and practices.",society_culture,primary,culture,,,Culture,"culture, language, social, tradition","cultural, culture, tradition",16.5,wikipedia,73,466,3,4.0,47.534
"A tradition is a system of beliefs or behaviors ( folk custom ) passed down within a group of people or society with symbolic meaning or special significance with origins in the past. A component of cultural expressions and folklore , common examples include holidays or impractical but socially meaningful clothes (like lawyers' wigs or military officers' spurs ), but the idea has also been applied to social norms and behaviors such as greetings . Traditions can persist and evolve for thousands of years.",society_culture,primary,culture,,,Tradition,"custom, social, society, tradition","cultural, custom, tradition",16.5,wikipedia,84,508,3,4.0,47.492
"In the context of cultural studies, a text includes not only written language , but also films , photographs , fashion , or hairstyles : the texts of cultural studies comprise all the meaningful artifacts of culture. Similarly, the discipline widens the concept of culture. Culture, for a cultural-studies researcher, not only includes traditional high culture (the culture of the ruling social groups) and popular culture , but also everyday meanings and practices. The last two, in fact, have become the main focus of cultural studies.",society_culture,primary,culture,,,Culture,"culture, language, social, tradition","cultural, culture, tradition",16.5,wikipedia,86,537,3,4.0,47.463
"People with exclusivist beliefs typically explain other beliefs either as in error, or as corruptions or counterfeits of the true faith . This approach is a fairly consistent feature among smaller new religious movements that often rely on doctrine that claims a unique revelation by the founders or leaders , and considers it a matter of faith that the ""correct"" religion has a monopoly on truth.",society_culture,primary,religion,,,Belief,religion,"belief, faith, religion, religious",16.3,wikipedia,66,397,3,6.0,50.203
"Sigmund Freud was another figure in the field of psychology and religion. He used his psychoanalytic theory to explain religious beliefs, practices, and rituals, in order to justify the role of religion in the development of human culture.",society_culture,primary,religion,,,Religious_studies,"culture, religion","belief, religion, religious, ritual",16.0,wikipedia,38,239,3,6.0,49.761
"Lived religion is the ethnographic and holistic framework for understanding the beliefs, practices, and everyday experiences of religious and spiritual persons in religious studies. The name lived religion comes from the French tradition of sociology of religion ""la religion vécue"".",society_culture,primary,religion,,,Religious_studies,"religion, tradition","belief, religion, religious, ritual",16.0,wikipedia,40,283,3,6.0,49.717
"A school is an educational institution (and, in the case of in-person learning, the building ) designed to provide learning environments for the teaching of students , usually under the direction of teachers . Most countries have systems of formal education , which is sometimes compulsory .",society_culture,primary,education,,,School,education,"education, school, students, teaching",16.0,wikipedia,47,291,3,6.0,49.709
"The anthropology of religion is principally concerned with the common basic human needs that religion fulfills. The cultural anthropology of religion is principally concerned with the cultural aspects of religion. Of primary concern to the cultural anthropologist of religions are rituals, beliefs, religious art, and practices of piety.",society_culture,primary,religion,,,Religious_studies,religion,"belief, religion, religious, ritual",16.0,wikipedia,48,337,3,6.0,49.663
"The establishment of public education was accompanied by the introduction of standardized curricula for public schools and standardized tests to assess students' progress. Similar changes also affected teachers by establishing institutions and norms to guide and oversee teacher training, such as certification requirements for teaching in public schools.",society_culture,primary,education,,,Education,education,"education, school, students, teaching",16.0,wikipedia,48,355,3,6.0,49.645
"Such schools tend to offer lower standards of teaching due to teacher shortages or a lack of educational materials and facilities, such as libraries. Poor parents may also be unable to afford private lessons if their children fall behind. In some cases, students from an economically disadvantaged background are forced to drop out of school to provide income to their families.",society_culture,primary,education,,,Education,education,"education, school, students, teaching",16.0,wikipedia,61,378,3,6.0,49.622
"Skilled teachers know how to motivate and inspire students and can adjust their instruction to students' abilities and needs. Important in this regard are the teacher's own education and training, as well as their past teaching experience. concludes that, compared to other influences, factors related to the school and the teacher have the biggest impact on educational success.",society_culture,primary,education,,,Education,education,"education, school, students, teaching",16.0,wikipedia,58,379,3,6.0,49.621
"However, emerging research reveals that educational attainment (e.g., years of schooling) does not perfectly correlate with literacy. Literacy tests show that in many low-income countries, a large proportion of students who have attended two years of primary school cannot read a single word. These rates are as high as 90% of second-grade students in Malawi, 85.4% in rural India, 83% in Ghana, and 64% in Uganda.",society_culture,primary,education,,,Literacy,education,"education, literacy, school, students",16.0,wikipedia,66,414,3,6.0,49.586
"A school is an educational institution (and, in the case of in-person learning, the building ) designed to provide learning environments for the teaching of students , usually under the direction of teachers . Most countries have systems of formal education , which is sometimes compulsory . In these systems, students progress through a series of schools that can be built and operated by both government and private organizations.",society_culture,primary,education,,,School,education,"education, school, students, teaching",16.0,wikipedia,69,432,3,5.0,48.068
"However, many students do not attend school long enough to be considered literate. The government did not begin actively attempting to improve the literacy rate until 1971, when it gave the responsibility to the Department for Vocational Training at the Secretariat for Youth and Sports. This department, and those that followed, had no clear policy on literacy until the Department of Literacy and Basic Education was formed in 1986.",society_culture,primary,education,,,Literacy,education,"education, literacy, school, students",16.0,wikipedia,69,434,3,5.0,48.066
"Even though the beliefs and traditions of Judaism are found in the ancient world, ancient Jews saw Jewish identity as being about an ethnic or national identity and did not entail a compulsory belief system or regulated rituals. In the 1st century CE, Josephus had used the Greek term ioudaismos (Judaism) as an ethnic term and was not linked to modern abstract concepts of religion or a set of beliefs.",society_culture,primary,religion,,,Religion,"identity, religion, tradition","belief, religion, ritual",15.8,wikipedia,70,403,3,6.0,49.197
"The theologian was traditionally seen as having the task of making intelligible, or clarifying, the religious commitments. However, many contemporary scholars of theology do not assume such a dichotomy. Instead, scholars now understand theology as a methodology in the study of religion, an approach that focuses on the religious content of any community they might study. This includes the study of their beliefs, literatures, stories and practices.",society_culture,primary,religion,,,Religious_studies,"community, religion, tradition","belief, religion, religious",15.8,wikipedia,67,450,3,5.0,47.65
"Religion is a modern concept and not a universal concept across history, cultures or languages. Some argue that regardless of its definition, it is not appropriate to apply the term religion to non-Western cultures, while some followers of various faiths rebuke using the word to describe their own belief system.",society_culture,primary,religion,,,Religion,"culture, language, religion","belief, faith, religion",15.5,wikipedia,50,313,3,6.0,48.687
"The development of religion has taken different forms in different cultures. Some religions place an emphasis on belief, while others emphasize practice. Some religions focus on the subjective experience of the religious individual, while others consider the activities of the religious community to be most important.",society_culture,primary,religion,,,Religion,"community, culture, religion","belief, religion, religious",15.5,wikipedia,46,318,3,6.0,48.682
"Similarly, the discipline widens the concept of culture. Culture, for a cultural-studies researcher, not only includes traditional high culture (the culture of the ruling social groups) and popular culture , but also everyday meanings and practices. The last two, in fact, have become the main focus of cultural studies.",society_culture,primary,culture,,,Culture,"culture, social, tradition","cultural, culture, tradition",15.5,wikipedia,49,320,3,6.0,48.68
"People with pluralist beliefs make no distinction between faith systems, viewing each one as valid within a particular culture. People with syncretic views blend the views of a variety of different religions or traditional beliefs into a unique fusion which suits their particular experiences and contexts ( eclecticism ).",society_culture,primary,religion,,,Belief,"culture, religion, tradition","belief, faith, religion",15.5,wikipedia,49,322,3,6.0,48.678
"The origin of religious belief is an open question, with possible explanations including awareness of individual death, a sense of community, and dreams. Religions have sacred histories , narratives , and mythologies , preserved in oral traditions, sacred texts , symbols , and holy places , that may attempt to explain the origin of life , the universe , and other phenomena.",society_culture,primary,religion,,,Religion,"community, religion, tradition","belief, religion, religious",15.5,wikipedia,62,376,3,6.0,48.624
"Pluralism and syncretism are two closely related concepts. People with pluralist beliefs make no distinction between faith systems, viewing each one as valid within a particular culture. People with syncretic views blend the views of a variety of different religions or traditional beliefs into a unique fusion which suits their particular experiences and contexts ( eclecticism ).",society_culture,primary,religion,,,Belief,"culture, religion, tradition","belief, faith, religion",15.5,wikipedia,57,381,3,6.0,48.619
"Culture, for a cultural-studies researcher, not only includes traditional high culture (the culture of the ruling social groups) and popular culture , but also everyday meanings and practices. The last two, in fact, have become the main focus of cultural studies. A further and recent approach is comparative cultural studies , based on the disciplines of comparative literature and cultural studies.",society_culture,primary,culture,,,Culture,"culture, social, tradition","cultural, culture, tradition",15.5,wikipedia,61,400,3,6.0,48.6
"beliefs or customs instituted and maintained by societies and governments, such as national anthems and national holidays , such as federal holidays in the United States . beliefs or customs maintained by religious denominations and Church bodies that share history, customs, culture, and, to some extent, body of teachings. For example, one can speak of Islam's tradition or Christianity's tradition.",society_culture,primary,culture,,,Tradition,"culture, custom, tradition","culture, custom, tradition",15.5,wikipedia,60,401,3,6.0,48.599
"Fundamentally, education socializes children into society by teaching cultural values and norms . It equips them with the skills needed to become productive members of society. This way, it stimulates economic growth and raises awareness of local and global problems . For example, governments set education policies to determine when school classes happen, what is taught, and who can or must attend.",society_culture,primary,education,,,Education,"education, social, society","education, school, teaching",15.5,wikipedia,62,401,3,6.0,48.599
"Religion is a modern concept and not a universal concept across history, cultures or languages. Some argue that regardless of its definition, it is not appropriate to apply the term religion to non-Western cultures, while some followers of various faiths rebuke using the word to describe their own belief system. Many cultures around the world lack or reject distinctions between the natural and supernatural.",society_culture,primary,religion,,,Religion,"culture, language, religion","belief, faith, religion",15.5,wikipedia,64,410,3,6.0,48.59
"Customary celebrations and lifestyles are among the traditions that are sought to be preserved. Likewise, the concept of tradition has been used to defend the preservation and reintroduction of minority languages such as Cornish under the auspices of the European Charter for Regional or Minority Languages . Specifically, the charter holds that these languages ""contribute to the maintenance and development of Europe's cultural wealth and traditions"".",society_culture,primary,culture,,,Tradition,"custom, language, tradition","cultural, custom, tradition",15.5,wikipedia,66,453,3,5.0,47.047
"Similarly, the discipline widens the concept of culture. Culture, for a cultural-studies researcher, not only includes traditional high culture (the culture of the ruling social groups) and popular culture , but also everyday meanings and practices. The last two, in fact, have become the main focus of cultural studies. A further and recent approach is comparative cultural studies , based on the disciplines of comparative literature and cultural studies.",society_culture,primary,culture,,,Culture,"culture, social, tradition","cultural, culture, tradition",15.5,wikipedia,69,457,3,5.0,47.043
"Philosophy of religion uses philosophical tools to evaluate religious claims and doctrines. Western philosophy has traditionally been employed by English speaking scholars. (Some other cultures have their own philosophical traditions including Indian , Muslim , and Jewish .) Common issues considered by the (Western) philosophy of religion are the existence of God , belief and rationality, cosmology , and logical inferences of logical consistency from sacred texts.",society_culture,primary,religion,,,Religious_studies,"culture, religion, tradition","belief, religion, religious",15.5,wikipedia,67,468,3,5.0,47.032
"However, there have been many attempts in the modern pluralistic situation to distinguish culture from religion. Domenic Marbaniang has argued that elements grounded on beliefs of a metaphysical nature (religious) are distinct from elements grounded on nature and the natural (cultural). For instance, language (with its grammar) is a cultural element while sacralization of language in which a particular religious scripture is written is more often a religious practice.",society_culture,primary,religion,,,Religion,"culture, language, religion","belief, religion, religious",15.5,wikipedia,69,472,3,5.0,47.028
"A number of factors can exacerbate the loss of tradition, including industrialization, globalization , and the assimilation or marginalization of specific cultural groups. Customary celebrations and lifestyles are among the traditions that are sought to be preserved. Likewise, the concept of tradition has been used to defend the preservation and reintroduction of minority languages such as Cornish under the auspices of the European Charter for Regional or Minority Languages .",society_culture,primary,culture,,,Tradition,"custom, language, tradition","cultural, custom, tradition",15.5,wikipedia,70,480,3,5.0,47.02
"Many American anthropologists adopted his agenda for social reform, and theories of race continue to be popular subjects for anthropologists today. The so-called ""Four Field Approach"" has its origins in Boasian Anthropology, dividing the discipline into the four crucial and interrelated fields of sociocultural, biological, linguistic, and archeological anthropology (e.g., archaeology). Anthropology in the United States continues to be deeply influenced by the Boasian tradition, especially its emphasis on culture.",society_culture,primary,culture,,,Cultural_anthropology,"culture, social, tradition","cultural, culture, tradition",15.5,wikipedia,70,518,3,5.0,46.982
"The study of religion comprises a wide variety of academic disciplines, including theology , philosophy of religion , comparative religion , and social scientific studies. Theories about religion offer various explanations for its origins and workings, including the ontological foundations of religious being and belief.",society_culture,primary,religion,,,Religion,"religion, social","belief, religion, religious",15.1,wikipedia,45,321,3,6.0,47.879000000000005
"However, emerging research reveals that educational attainment (e.g., years of schooling) does not perfectly correlate with literacy. Literacy tests show that in many low-income countries, a large proportion of students who have attended two years of primary school cannot read a single word.",society_culture,primary,education,,,Literacy,education,"education, literacy, school, students",15.0,wikipedia,43,292,3,6.0,47.708
"Schools are organized spaces purposed for teaching and learning. The classrooms where teachers teach and students learn are of central importance. Classrooms may be specialized for certain subjects, such as laboratory classrooms for science education and workshops for industrial arts education.",society_culture,primary,education,,,School,education,"education, school, students, teaching",15.0,wikipedia,41,295,3,6.0,47.705
"However, many contemporary scholars of theology do not assume such a dichotomy. Instead, scholars now understand theology as a methodology in the study of religion, an approach that focuses on the religious content of any community they might study. This includes the study of their beliefs, literatures, stories and practices.",society_culture,primary,religion,,,Religious_studies,"community, religion","belief, religion, religious",14.8,wikipedia,50,327,3,6.0,47.273
"African traditional religion encompasses the traditional religious beliefs of people in Africa. Southern African traditions include Akamba mythology , Masai mythology , Malagasy mythology , San religion , Lozi mythology , Tumbuka mythology , and Zulu mythology . Bantu mythology is found throughout central, southeast, and southern Africa.",society_culture,primary,religion,,,Religion,"religion, tradition","belief, religion, religious",14.8,wikipedia,48,339,3,6.0,47.261
"Influenced by the German tradition, Boas argued that the world was full of distinct cultures, rather than societies whose evolution could be measured by the extent of ""civilization"" they had. He believed that each culture has to be studied in its particularity, and argued that cross-cultural generalizations, like those made in the natural sciences , were not possible.",society_culture,primary,culture,,,Cultural_anthropology,"culture, tradition","cultural, culture, tradition",14.8,wikipedia,58,370,3,6.0,47.230000000000004
"One of its central concepts is halakha , meaning the walk or path sometimes translated as law, which guides religious practice and belief and many aspects of daily life. Even though the beliefs and traditions of Judaism are found in the ancient world, ancient Jews saw Jewish identity as being about an ethnic or national identity and did not entail a compulsory belief system or regulated rituals.",society_culture,primary,religion,,,Religion,"identity, tradition","belief, religious, ritual",14.8,wikipedia,67,398,3,6.0,47.202
"African traditional religion encompasses the traditional religious beliefs of people in Africa. Southern African traditions include Akamba mythology , Masai mythology , Malagasy mythology , San religion , Lozi mythology , Tumbuka mythology , and Zulu mythology . Bantu mythology is found throughout central, southeast, and southern Africa. In north Africa, these traditions include Berber and ancient Egyptian .",society_culture,primary,religion,,,Religion,"religion, tradition","belief, religion, religious",14.8,wikipedia,59,411,3,6.0,47.189
"Science acknowledges reason and empirical evidence ; and religions include revelation , faith and sacredness whilst also acknowledging philosophical and metaphysical explanations with regard to the study of the universe. Both science and religion are not monolithic, timeless, or static because both are complex social and cultural endeavors that have changed through time across languages and cultures.",society_culture,primary,religion,,,Religion,"culture, language, religion, social","faith, religion",14.6,wikipedia,57,403,3,6.0,46.797000000000004
"Similarly, the discipline widens the concept of culture. Culture, for a cultural-studies researcher, not only includes traditional high culture (the culture of the ruling social groups) and popular culture , but also everyday meanings and practices.",society_culture,primary,culture,,,Culture,"culture, social, tradition","cultural, culture, tradition",14.5,wikipedia,36,249,3,6.0,46.751
"Culture, for a cultural-studies researcher, not only includes traditional high culture (the culture of the ruling social groups) and popular culture , but also everyday meanings and practices. The last two, in fact, have become the main focus of cultural studies.",society_culture,primary,culture,,,Culture,"culture, social, tradition","cultural, culture, tradition",14.5,wikipedia,41,263,3,6.0,46.737
"Jones became rector of Llanddowror in 1716 and remained there for the rest of his life. He organized and introduced a Welsh language-circulating school system, which was attractive and effective for Welsh speakers, while also teaching them English, which gave them access to broader educational sources.",society_culture,primary,education,,,Literacy,"education, language","education, school, teaching",14.5,wikipedia,46,303,3,6.0,46.697
"The legal protection of tradition includes a number of international agreements and national laws. In addition to the fundamental protection of cultural property, there is also cooperation between the United Nations , UNESCO and Blue Shield International in the protection or recording of traditions and customs.",society_culture,primary,culture,,,Tradition,"custom, tradition","cultural, custom, tradition",14.5,wikipedia,46,312,3,6.0,46.688
"Some argue that regardless of its definition, it is not appropriate to apply the term religion to non-Western cultures, while some followers of various faiths rebuke using the word to describe their own belief system. Many cultures around the world lack or reject distinctions between the natural and supernatural.",society_culture,primary,religion,,,Religion,"culture, religion","belief, faith, religion",14.5,wikipedia,49,314,3,6.0,46.686
"Religion is more complex and is often composed of social institutions and has a moral aspect. Some religions may include superstitions or make use of magical thinking. Adherents of one religion sometimes think of other religions as superstition. Some atheists , deists , and skeptics regard religious belief as superstition.",society_culture,primary,religion,,,Religion,"religion, social","belief, religion, religious",14.5,wikipedia,50,324,3,6.0,46.676
"It is also the product of the dominant Western religious mode, what is called the Judeo-Christian climate or, more accurately, the theistic inheritance from Judaism, Christianity, and Islam. The theistic form of belief in this tradition, even when downgraded culturally, is formative of the dichotomous Western view of religion.",society_culture,primary,religion,,,Religion,"religion, tradition","belief, religion, religious",14.5,wikipedia,49,328,3,6.0,46.672
"Cultural change , or repositioning, is the reconstruction of a cultural concept of a society. Cultures are internally affected by both forces encouraging change and forces resisting change. Cultures are externally affected via contact between societies. Organizations such as UNESCO attempt to preserve culture and cultural heritage .",society_culture,primary,culture,,,Culture,"culture, society","cultural, culture, heritage",14.5,wikipedia,48,334,3,6.0,46.666
"The practices of a religion may include rituals , sermons , commemoration or veneration of a deity (god or goddess ), sacrifices , festivals , feasts , trances , initiations , funerary services , matrimonial services , meditation , prayer , religious music , religious art , sacred dance , public service , or other aspects of human culture.",society_culture,primary,religion,,,Religion,"culture, religion","religion, religious, ritual",14.5,wikipedia,59,341,3,6.0,46.659
"The Charter goes on to call for ""the use or adoption... of traditional and correct forms of place-names in regional or minority languages"". Similarly, UNESCO includes both ""oral tradition"" and ""traditional manifestations"" in its definition of a country's cultural properties and heritage. So therefore it works to preserve tradition in countries such as Brazil.",society_culture,primary,culture,,,Tradition,"language, tradition","cultural, heritage, tradition",14.5,wikipedia,54,361,3,6.0,46.639
"In homeschooling and distance education , teaching and learning take place independent from the institution of school or in a virtual school outside a traditional school building, respectively. Schools are organized in several different organizational models , including departmental, small learning communities, academies, integrated, and schools-within-a-school.",society_culture,primary,education,,,School,"education, tradition","education, school, teaching",14.5,wikipedia,46,364,3,6.0,46.636
"In Roman juridical and religious usage, ritus was the proven way ( mos ) of doing something, or ""correct performance, custom"". The original concept of ritus may be related to the Sanskrit ṛtá (""visible order)"" in Vedic religion , ""the lawful and regular order of the normal, and therefore proper, natural and true structure of cosmic, worldly, human and ritual events"".",society_culture,primary,religion,,,Ritual,"custom, religion","religion, religious, ritual",14.5,wikipedia,61,369,3,6.0,46.631
"The so-called ""Four Field Approach"" has its origins in Boasian Anthropology, dividing the discipline into the four crucial and interrelated fields of sociocultural, biological, linguistic, and archeological anthropology (e.g., archaeology). Anthropology in the United States continues to be deeply influenced by the Boasian tradition, especially its emphasis on culture.",society_culture,primary,culture,,,Cultural_anthropology,"culture, tradition","cultural, culture, tradition",14.5,wikipedia,49,370,3,6.0,46.63
"Religions of pre-industrial peoples, or cultures in development, are similarly called myths in the anthropology of religion . The term myth can be used pejoratively by both religious and non-religious people. By defining another person's religious stories and beliefs as mythology, one implies that they are less real or true than one's own religious stories and beliefs.",society_culture,primary,religion,,,Religion,"culture, religion","belief, religion, religious",14.5,wikipedia,57,371,3,6.0,46.629
"In many countries, concerted attempts are being made to preserve traditions that are at risk of being lost. A number of factors can exacerbate the loss of tradition, including industrialization, globalization , and the assimilation or marginalization of specific cultural groups. Customary celebrations and lifestyles are among the traditions that are sought to be preserved.",society_culture,primary,culture,,,Tradition,"custom, tradition","cultural, custom, tradition",14.5,wikipedia,55,375,3,6.0,46.625
"The phrase "" traditional cultural expressions "" is used by the World Intellectual Property Organization to refer to ""any form of artistic and literary expression in which traditional culture and knowledge are embodied. They are transmitted from one generation to the next, and include handmade textiles, paintings, stories, legends, ceremonies, music, songs, rhythms and dance.""",society_culture,primary,culture,,,Tradition,"culture, tradition","cultural, culture, tradition",14.5,wikipedia,55,378,3,6.0,46.622
"Instead, scholars now understand theology as a methodology in the study of religion, an approach that focuses on the religious content of any community they might study. This includes the study of their beliefs, literatures, stories and practices.",society_culture,primary,religion,,,Religious_studies,"community, religion","belief, religion, religious",13.8,wikipedia,38,247,3,6.0,45.353
"Following the last Soviet mission to the Moon of 1976, there was little further lunar exploration for fourteen years. Astronautics had shifted its focus towards the exploration of the inner (e.g. Pioneer 10 , 1972) Solar System planets , but also towards Earth orbit , developing and continuously operating, beside communication satellites , Earth observation satellites (e.g. Landsat program , 1972), space telescopes and particularly space stations (e.g.",space_astronomy,primary,solar_system,,,Moon,"mission, moon, orbit, planet, satellite, space, telescope","moon, orbit, planet, solar system",22.0,wikipedia,68,456,3,5.0,60.044
"Many objects in the solar system do not orbit the Sun directly and are instead natural satellites , commonly called 'moons', of larger bodies. These can be found throughout the Solar System in sizes from planetary-mass moons at their largest to much less massive moonlets at their smallest.",space_astronomy,primary,solar_system,,,Solar_System,"moon, orbit, planet, satellite","moon, orbit, planet, solar system, sun",21.8,wikipedia,48,290,3,6.0,61.31
"Many objects in the solar system do not orbit the Sun directly and are instead natural satellites , commonly called 'moons', of larger bodies. These can be found throughout the Solar System in sizes from planetary-mass moons at their largest to much less massive moonlets at their smallest. The largest two moons ( Ganymede of Jupiter and Titan of Saturn) are larger (though less massive) than the smallest planet (Mercury), while the seven most massive, which includes Earth's Moon , are more massive and larger than any of the dwarf planets.",space_astronomy,primary,solar_system,,,Solar_System,"moon, orbit, planet, satellite","moon, orbit, planet, solar system, sun",21.8,wikipedia,91,543,3,2.5,55.807
"In extreme cases, this creates a quasar , some of the brightest objects in the universe. Merging black holes can be detected by the gravitational waves they emit. If stars are orbiting a black hole, their motions can be used to determine the black hole's mass and location. In this way, astronomers have identified numerous stellar black hole candidates in binary systems and established that the radio source known as Sagittarius A* , at the core of the Milky Way galaxy, contains a supermassive black hole of about 4.3 million solar masses .",space_astronomy,primary,stars_and_galaxies,,,Black_hole,"galaxy, orbit, star, universe","black hole, galaxy, milky way, star, stellar",21.8,wikipedia,93,543,3,2.5,55.807
"The smallest known planet orbiting a main-sequence star other than the Sun is Kepler-37b , with a mass (and radius) that is probably slightly higher than that of the Moon. The smallest object in the Solar System generally agreed to be a geophysical planet is Saturn's moon Mimas, with a radius about 3.1% of Earth's and a mass about 0.00063% of Earth's.",space_astronomy,primary,solar_system,,,Planet,"moon, orbit, planet, star","moon, orbit, planet, solar system, sun",21.5,wikipedia,62,353,3,6.0,60.647
"The planets and other large objects in orbit around the Sun lie near the invariable plane of the Solar System , as does Earth's orbit, known as the ecliptic , and most closely the orbit of Jupiter, with an inclination to it of 0.3219°. Smaller icy objects such as comets frequently orbit at significantly greater angles to this plane. Most of the planets in the Solar System have secondary systems of their own, being orbited by natural satellites called moons.",space_astronomy,primary,solar_system,,,Solar_System,"moon, orbit, planet, satellite","moon, orbit, planet, solar system, sun",21.5,wikipedia,80,461,3,4.0,57.539
"The principal component of the Solar System is the Sun, a G-type main-sequence star that contains 99.86% of the system's known mass and dominates it gravitationally. The Sun's four largest orbiting bodies, the giant planets, account for 99% of the remaining mass, with Jupiter and Saturn together comprising more than 90%. The remaining objects of the Solar System (including the four terrestrial planets, the dwarf planets, moons, asteroids , and comets) together comprise less than 0.002% of the Solar System's total mass.",space_astronomy,primary,solar_system,,,Solar_System,"moon, orbit, planet, star","moon, orbit, planet, solar system, sun",21.5,wikipedia,82,524,3,4.0,57.476
"Even smaller is WD 1145+017 b , orbiting a white dwarf; its mass is roughly that of the dwarf planet Haumea, and it is typically termed a minor planet. The smallest known planet orbiting a main-sequence star other than the Sun is Kepler-37b , with a mass (and radius) that is probably slightly higher than that of the Moon. The smallest object in the Solar System generally agreed to be a geophysical planet is Saturn's moon Mimas, with a radius about 3.1% of Earth's and a mass about 0.00063% of Earth's.",space_astronomy,primary,solar_system,,,Planet,"moon, orbit, planet, star","moon, orbit, planet, solar system, sun",21.5,wikipedia,91,505,3,2.5,55.245
"Its mass is roughly half that of the planet Mercury. Even smaller is WD 1145+017 b , orbiting a white dwarf; its mass is roughly that of the dwarf planet Haumea, and it is typically termed a minor planet. The smallest known planet orbiting a main-sequence star other than the Sun is Kepler-37b , with a mass (and radius) that is probably slightly higher than that of the Moon. The smallest object in the Solar System generally agreed to be a geophysical planet is Saturn's moon Mimas, with a radius about 3.1% of Earth's and a mass about 0.00063% of Earth's.",space_astronomy,primary,solar_system,,,Planet,"moon, orbit, planet, star","moon, orbit, planet, solar system, sun",21.5,wikipedia,101,558,3,1.0,52.942
"The planets and other large objects in orbit around the Sun lie near the invariable plane of the Solar System , as does Earth's orbit, known as the ecliptic , and most closely the orbit of Jupiter, with an inclination to it of 0.3219°. Smaller icy objects such as comets frequently orbit at significantly greater angles to this plane. Most of the planets in the Solar System have secondary systems of their own, being orbited by natural satellites called moons. All of the largest natural satellites are in synchronous rotation , with one face permanently turned toward their parent.",space_astronomy,primary,solar_system,,,Solar_System,"moon, orbit, planet, satellite","moon, orbit, planet, solar system, sun",21.5,wikipedia,99,583,3,1.0,52.917
"The smallest known planet orbiting a main-sequence star other than the Sun is Kepler-37b , with a mass (and radius) that is probably slightly higher than that of the Moon. The smallest object in the Solar System generally agreed to be a geophysical planet is Saturn's moon Mimas, with a radius about 3.1% of Earth's and a mass about 0.00063% of Earth's. Saturn's smaller moon Phoebe , currently an irregular body of 1.7% Earth's radius and 0.00014% Earth's mass, is thought to have attained hydrostatic equilibrium and differentiation early in its history before being battered out of shape by impacts.",space_astronomy,primary,solar_system,,,Planet,"moon, orbit, planet, star","moon, orbit, planet, solar system, sun",21.5,wikipedia,100,602,3,1.0,52.898
"If stars are orbiting a black hole, their motions can be used to determine the black hole's mass and location. In this way, astronomers have identified numerous stellar black hole candidates in binary systems and established that the radio source known as Sagittarius A* , at the core of the Milky Way galaxy, contains a supermassive black hole of about 4.3 million solar masses .",space_astronomy,primary,stars_and_galaxies,,,Black_hole,"galaxy, orbit, star","black hole, galaxy, milky way, star, stellar",20.8,wikipedia,65,380,3,6.0,59.22
"Merging black holes can be detected by the gravitational waves they emit. If stars are orbiting a black hole, their motions can be used to determine the black hole's mass and location. In this way, astronomers have identified numerous stellar black hole candidates in binary systems and established that the radio source known as Sagittarius A* , at the core of the Milky Way galaxy, contains a supermassive black hole of about 4.3 million solar masses .",space_astronomy,primary,stars_and_galaxies,,,Black_hole,"galaxy, orbit, star","black hole, galaxy, milky way, star, stellar",20.8,wikipedia,77,454,3,4.0,56.146
"As a comparison, the neighboring Andromeda Galaxy contains an estimated one trillion (10 12 ) stars. The Milky Way may contain ten billion white dwarfs , a billion neutron stars , and a hundred million stellar black holes . Filling the space between the stars is a disk of gas and dust called the interstellar medium .",space_astronomy,primary,stars_and_galaxies,,,Milky_Way,"galaxy, space, star","black hole, galaxy, milky way, star, stellar",20.5,wikipedia,57,318,3,6.0,58.682
"The Sun's four largest orbiting bodies, the giant planets, account for 99% of the remaining mass, with Jupiter and Saturn together comprising more than 90%. The remaining objects of the Solar System (including the four terrestrial planets, the dwarf planets, moons, asteroids , and comets) together comprise less than 0.002% of the Solar System's total mass.",space_astronomy,primary,solar_system,,,Solar_System,"moon, orbit, planet","moon, orbit, planet, solar system, sun",20.5,wikipedia,56,358,3,6.0,58.642
"As a result of the formation of the Solar System , planets and most other objects orbit the Sun in the same direction that the Sun is rotating. That is, counter-clockwise, as viewed from above Earth's north pole. There are exceptions, such as Halley's Comet . Most of the larger moons orbit their planets in prograde direction, matching the direction of planetary rotation; Neptune's moon Triton is the largest to orbit in the opposite, retrograde manner.",space_astronomy,primary,solar_system,,,Solar_System,"moon, orbit, planet","moon, orbit, planet, solar system, sun",20.5,wikipedia,76,455,3,4.0,55.545
"The outer region of the Solar System is home to the giant planets and their large moons. The centaurs and many short-period comets orbit in this region. Due to their greater distance from the Sun, the solid objects in the outer Solar System contain a higher proportion of volatiles such as water, ammonia, and methane, than planets of the inner Solar System because their lower temperatures allow these compounds to remain solid, without significant sublimation .",space_astronomy,primary,solar_system,,,Solar_System,"moon, orbit, planet","moon, orbit, planet, solar system, sun",20.5,wikipedia,76,463,3,4.0,55.537
"The Milky Way contains between 100 and 400 billion stars and at least that many planets. An exact figure would depend on counting the number of very-low-mass stars, which are difficult to detect, especially at distances of more than 300 ly (90 pc) from the Sun. As a comparison, the neighboring Andromeda Galaxy contains an estimated one trillion (10 12 ) stars. The Milky Way may contain ten billion white dwarfs , a billion neutron stars , and a hundred million stellar black holes .",space_astronomy,primary,stars_and_galaxies,,,Milky_Way,"galaxy, planet, star","black hole, galaxy, milky way, star, stellar",20.5,wikipedia,85,485,3,4.0,55.515
"An exact figure would depend on counting the number of very-low-mass stars, which are difficult to detect, especially at distances of more than 300 ly (90 pc) from the Sun. As a comparison, the neighboring Andromeda Galaxy contains an estimated one trillion (10 12 ) stars. The Milky Way may contain ten billion white dwarfs , a billion neutron stars , and a hundred million stellar black holes . Filling the space between the stars is a disk of gas and dust called the interstellar medium .",space_astronomy,primary,stars_and_galaxies,,,Milky_Way,"galaxy, space, star","black hole, galaxy, milky way, star, stellar",20.5,wikipedia,87,491,3,4.0,55.509
"As a comparison, the neighboring Andromeda Galaxy contains an estimated one trillion (10 12 ) stars. The Milky Way may contain ten billion white dwarfs , a billion neutron stars , and a hundred million stellar black holes . Filling the space between the stars is a disk of gas and dust called the interstellar medium . This disk has at least a comparable extent in radius to the stars, whereas the thickness of the gas layer ranges from hundreds of light-years for the colder gas to thousands of light-years for the warmer gas.",space_astronomy,primary,stars_and_galaxies,,,Milky_Way,"galaxy, space, star","black hole, galaxy, milky way, star, stellar",20.5,wikipedia,94,527,3,2.5,53.223
"Following the last Soviet mission to the Moon of 1976, there was little further lunar exploration for fourteen years. Astronautics had shifted its focus towards the exploration of the inner (e.g. Pioneer 10 , 1972) Solar System planets , but also towards Earth orbit , developing and continuously operating, beside communication satellites , Earth observation satellites (e.g.",space_astronomy,primary,solar_system,,,Moon,"mission, moon, orbit, planet, satellite","moon, orbit, planet, solar system",20.0,wikipedia,57,376,3,6.0,57.624
"An exact figure would depend on counting the number of very-low-mass stars, which are difficult to detect, especially at distances of more than 300 ly (90 pc) from the Sun. As a comparison, the neighboring Andromeda Galaxy contains an estimated one trillion (10 12 ) stars. The Milky Way may contain ten billion white dwarfs , a billion neutron stars , and a hundred million stellar black holes .",space_astronomy,primary,stars_and_galaxies,,,Milky_Way,"galaxy, star","black hole, galaxy, milky way, star, stellar",19.5,wikipedia,69,396,3,6.0,56.604
"The Moon has historically been identified as a classical planet , in the original sense of a wandering object in the sky. When Galileo discovered satellites orbiting Jupiter, he named them 'moons' because, like the Moon, they can be considered planets orbiting another planet. : 7 Some experts hold to a geophysical definition that classifies moons as planets that orbit the Sun while incidentally orbiting another planet.",space_astronomy,primary,solar_system,,,Moon,"moon, orbit, planet, satellite","moon, orbit, planet, sun",19.3,wikipedia,67,422,3,5.0,54.678000000000004
"Other natural satellites of planets are called 'moons', with a lower-case ""m"". The Moon has historically been identified as a classical planet , in the original sense of a wandering object in the sky. When Galileo discovered satellites orbiting Jupiter, he named them 'moons' because, like the Moon, they can be considered planets orbiting another planet. : 7 Some experts hold to a geophysical definition that classifies moons as planets that orbit the Sun while incidentally orbiting another planet.",space_astronomy,primary,solar_system,,,Moon,"moon, orbit, planet, satellite","moon, orbit, planet, sun",19.3,wikipedia,79,501,3,4.0,53.099000000000004
"In this way, a solar eclipse is an occultation of the Sun. Because the Moon is comparatively close to Earth, occultations of individual stars are not visible everywhere on the planet, nor at the same time. Because of the precession of the lunar orbit, each year different stars are occulted.",space_astronomy,primary,solar_system,,,Moon,"moon, orbit, planet, star","moon, orbit, planet, sun",19.0,wikipedia,50,291,3,6.0,55.709
"When Galileo discovered satellites orbiting Jupiter, he named them 'moons' because, like the Moon, they can be considered planets orbiting another planet. : 7 Some experts hold to a geophysical definition that classifies moons as planets that orbit the Sun while incidentally orbiting another planet.",space_astronomy,primary,solar_system,,,Moon,"moon, orbit, planet, satellite","moon, orbit, planet, sun",19.0,wikipedia,45,300,3,6.0,55.7
"Even smaller is WD 1145+017 b , orbiting a white dwarf; its mass is roughly that of the dwarf planet Haumea, and it is typically termed a minor planet. The smallest known planet orbiting a main-sequence star other than the Sun is Kepler-37b , with a mass (and radius) that is probably slightly higher than that of the Moon.",space_astronomy,primary,solar_system,,,Planet,"moon, orbit, planet, star","moon, orbit, planet, sun",19.0,wikipedia,59,323,3,6.0,55.677
"Smaller icy objects such as comets frequently orbit at significantly greater angles to this plane. Most of the planets in the Solar System have secondary systems of their own, being orbited by natural satellites called moons. All of the largest natural satellites are in synchronous rotation , with one face permanently turned toward their parent.",space_astronomy,primary,solar_system,,,Solar_System,"moon, orbit, planet, satellite","moon, orbit, planet, solar system",19.0,wikipedia,55,347,3,6.0,55.653
"Most of the planets in the Solar System have secondary systems of their own, being orbited by natural satellites called moons. All of the largest natural satellites are in synchronous rotation , with one face permanently turned toward their parent. The four giant planets have planetary rings, thin discs of tiny particles that orbit them in unison.",space_astronomy,primary,solar_system,,,Solar_System,"moon, orbit, planet, satellite","moon, orbit, planet, solar system",19.0,wikipedia,57,349,3,6.0,55.651
"Several planets or dwarf planets in the Solar System (such as Neptune and Pluto) have orbital periods that are in resonance with each other or with smaller bodies. the resonance between Io, Europa , and Ganymede around Jupiter, or between Enceladus and Dione around Saturn). All except Mercury and Venus have natural satellites , often called ""moons"".",space_astronomy,primary,solar_system,,,Planet,"moon, orbit, planet, satellite","moon, orbit, planet, solar system",19.0,wikipedia,57,351,3,6.0,55.649
"Unlike most satellites of other planets, the Moon's orbital plane is closer to the ecliptic plane than to the planet's equatorial plane . The Moon's orbit is subtly perturbed by the Sun and Earth in many small, complex and interacting ways. For example, the plane of the Moon's orbit gradually rotates once every 18.61 years, which affects other aspects of lunar motion.",space_astronomy,primary,solar_system,,,Moon,"moon, orbit, planet, satellite","moon, orbit, planet, sun",19.0,wikipedia,62,370,3,6.0,55.63
"Its mass is roughly half that of the planet Mercury. Even smaller is WD 1145+017 b , orbiting a white dwarf; its mass is roughly that of the dwarf planet Haumea, and it is typically termed a minor planet. The smallest known planet orbiting a main-sequence star other than the Sun is Kepler-37b , with a mass (and radius) that is probably slightly higher than that of the Moon.",space_astronomy,primary,solar_system,,,Planet,"moon, orbit, planet, star","moon, orbit, planet, sun",19.0,wikipedia,69,376,3,6.0,55.624
"Unlike most satellites of other planets, the Moon's orbital plane is closer to the ecliptic plane than to the planet's equatorial plane . The Moon's orbit is subtly perturbed by the Sun and Earth in many small, complex and interacting ways. For example, the plane of the Moon's orbit gradually rotates once every 18.61 years, which affects other aspects of lunar motion. These follow-on effects are mathematically described by Cassini's laws .",space_astronomy,primary,solar_system,,,Moon,"moon, orbit, planet, satellite","moon, orbit, planet, sun",19.0,wikipedia,72,443,3,4.0,52.557
"Stars are not spread uniformly across the universe but are normally grouped into galaxies along with interstellar gas and dust. A typical large galaxy like the Milky Way contains hundreds of billions of stars. There are more than 2 trillion ( 10 12 ) galaxies, though most are less than 10% the mass of the Milky Way. Overall, there are likely to be between 10 22 and 10 24 stars, which are more stars than all the grains of sand on planet Earth.",space_astronomy,primary,stars_and_galaxies,,,Star,"galaxy, planet, star, universe","galaxy, milky way, star, stellar",19.0,wikipedia,83,446,3,4.0,52.554
"Smaller icy objects such as comets frequently orbit at significantly greater angles to this plane. Most of the planets in the Solar System have secondary systems of their own, being orbited by natural satellites called moons. All of the largest natural satellites are in synchronous rotation , with one face permanently turned toward their parent. The four giant planets have planetary rings, thin discs of tiny particles that orbit them in unison.",space_astronomy,primary,solar_system,,,Solar_System,"moon, orbit, planet, satellite","moon, orbit, planet, solar system",19.0,wikipedia,72,448,3,4.0,52.552
"Several planets or dwarf planets in the Solar System (such as Neptune and Pluto) have orbital periods that are in resonance with each other or with smaller bodies. the resonance between Io, Europa , and Ganymede around Jupiter, or between Enceladus and Dione around Saturn). All except Mercury and Venus have natural satellites , often called ""moons"". Earth has one, Mars has two, and the giant planets have numerous moons in complex planetary-type systems.",space_astronomy,primary,solar_system,,,Planet,"moon, orbit, planet, satellite","moon, orbit, planet, solar system",19.0,wikipedia,74,457,3,4.0,52.543
"Approaching 40 years of service, the NASA TV channel airs content ranging from live coverage of crewed missions to video coverage of significant milestones for operating robotic spacecraft (e.g. rover landings on Mars) and domestic and international launches. The channel is delivered by NASA and is broadcast by satellite and over the Internet. The system initially started to capture archival footage of important space events for NASA managers and engineers and expanded as public interest grew.",space_astronomy,primary,space_exploration,,,NASA,"mission, satellite, space, star","launch, nasa, satellite, spacecraft",19.0,wikipedia,76,498,3,4.0,52.502
"When Galileo discovered satellites orbiting Jupiter, he named them 'moons' because, like the Moon, they can be considered planets orbiting another planet. : 7 Some experts hold to a geophysical definition that classifies moons as planets that orbit the Sun while incidentally orbiting another planet. : 25 Some have suggested that the Earth and Moon form a double planet system, : 70 but most scientists agree that this would require the orbital barycenter to lie outside of Earth, which it does not.",space_astronomy,primary,solar_system,,,Moon,"moon, orbit, planet, satellite","moon, orbit, planet, sun",19.0,wikipedia,82,500,3,4.0,52.5
"Because the Moon continuously blocks the view of a half-degree-wide circular area of the sky, the related phenomenon of occultation occurs when a bright star or planet passes behind the Moon and is occulted: hidden from view. In this way, a solar eclipse is an occultation of the Sun. Because the Moon is comparatively close to Earth, occultations of individual stars are not visible everywhere on the planet, nor at the same time. Because of the precession of the lunar orbit, each year different stars are occulted.",space_astronomy,primary,solar_system,,,Moon,"moon, orbit, planet, star","moon, orbit, planet, sun",19.0,wikipedia,87,517,3,4.0,52.483
"As a comparison, the neighboring Andromeda Galaxy contains an estimated one trillion (10 12 ) stars. The Milky Way may contain ten billion white dwarfs , a billion neutron stars , and a hundred million stellar black holes .",space_astronomy,primary,stars_and_galaxies,,,Milky_Way,"galaxy, star","black hole, galaxy, milky way, star, stellar",18.5,wikipedia,39,223,3,6.0,54.777
"Spacecraft used for human spaceflight carry people on board as crew or passengers from start or on orbit ( space stations ) only, whereas those used for robotic space missions operate either autonomously or telerobotically . Robotic spacecraft used to support scientific research are space probes . Robotic spacecraft that remain in orbit around a planetary body are artificial satellites .",space_astronomy,primary,space_exploration,,,Spacecraft,"mission, orbit, planet, satellite, space, star","satellite, space mission, spacecraft",18.5,wikipedia,61,390,3,6.0,54.61
"Objects of interest include planets , moons , stars , nebulae , galaxies , meteoroids , asteroids , and comets . Relevant phenomena include supernova explosions, gamma ray bursts , quasars , blazars , pulsars , and cosmic microwave background radiation . More generally, astronomy studies everything that originates beyond Earth's atmosphere . Cosmology is the branch of astronomy that studies the universe as a whole.",space_astronomy,primary,astronomy,,,Astronomy,"astronomy, cosmic, moon, planet, star, universe","astronomy, cosmology, universe",18.5,wikipedia,66,418,3,6.0,54.582
"Exoplanets have been found that are much closer to their parent star than any planet in the Solar System is to the Sun. Mercury, the closest planet to the Sun at 0.4 AU , takes 88 days for an orbit, but ultra-short period planets can orbit in less than a day.",space_astronomy,primary,solar_system,,,Planet,"orbit, planet, star","orbit, planet, solar system, sun",18.3,wikipedia,51,259,3,6.0,54.341
"In the Solar System, all the planets orbit the Sun in the same direction as the Sun rotates : counter-clockwise as seen from above the Sun's north pole. At least one exoplanet, WASP-17b , has been found to orbit in the opposite direction to its star's rotation.",space_astronomy,primary,solar_system,,,Planet,"orbit, planet, star","orbit, planet, solar system, sun",18.3,wikipedia,47,261,3,6.0,54.339
"This has led some scientists to argue that the Moon could be identified as a planet, both historically and qualitatively, adding that its mass would be enough to clear its orbit around the Sun if it were on its own. This would imply that the Earth-Moon system is a double planet .",space_astronomy,primary,solar_system,,,Moon,"moon, orbit, planet","moon, orbit, planet, sun",18.3,wikipedia,52,280,3,6.0,54.32
"In a heliocentric frame of reference the Moon orbits the Sun, perturbed by Earth. This has led some scientists to argue that the Moon could be identified as a planet, both historically and qualitatively, adding that its mass would be enough to clear its orbit around the Sun if it were on its own.",space_astronomy,primary,solar_system,,,Moon,"moon, orbit, planet","moon, orbit, planet, sun",18.3,wikipedia,54,297,3,6.0,54.303000000000004
"In the Solar System, all the planets orbit the Sun in the same direction as the Sun rotates : counter-clockwise as seen from above the Sun's north pole. At least one exoplanet, WASP-17b , has been found to orbit in the opposite direction to its star's rotation. The period of one revolution of a planet's orbit is known as its sidereal period or year .",space_astronomy,primary,solar_system,,,Planet,"orbit, planet, star","orbit, planet, solar system, sun",18.3,wikipedia,65,352,3,6.0,54.248000000000005
"In a heliocentric frame of reference the Moon orbits the Sun, perturbed by Earth. This has led some scientists to argue that the Moon could be identified as a planet, both historically and qualitatively, adding that its mass would be enough to clear its orbit around the Sun if it were on its own. This would imply that the Earth-Moon system is a double planet .",space_astronomy,primary,solar_system,,,Moon,"moon, orbit, planet","moon, orbit, planet, sun",18.3,wikipedia,66,362,3,6.0,54.238
"The four outer planets, called giant planets or Jovian planets, collectively make up 99% of the mass orbiting the Sun. All four giant planets have multiple moons and a ring system, although only Saturn's rings are easily observed from Earth. Jupiter and Saturn are composed mainly of gases with extremely low melting points, such as hydrogen, helium, and neon , hence their designation as gas giants .",space_astronomy,primary,solar_system,,,Solar_System,"moon, orbit, planet","moon, orbit, planet, sun",18.3,wikipedia,67,401,3,6.0,54.199
"Exoplanets have been found that are much closer to their parent star than any planet in the Solar System is to the Sun. Mercury, the closest planet to the Sun at 0.4 AU , takes 88 days for an orbit, but ultra-short period planets can orbit in less than a day. The Kepler-11 system has five of its planets in shorter orbits than Mercury's, all of them much more massive than Mercury.",space_astronomy,primary,solar_system,,,Planet,"orbit, planet, star","orbit, planet, solar system, sun",18.3,wikipedia,72,382,3,5.0,52.718
"In antiquity , this word referred to the Sun , Moon , and five points of light visible to the naked eye that moved across the background of the stars—namely, Mercury, Venus, Mars, Jupiter, and Saturn. Planets have historically had religious associations: multiple cultures identified celestial bodies with gods, and these connections with mythology and folklore persist in the schemes for naming newly discovered Solar System bodies.",space_astronomy,primary,solar_system,,,Planet,"moon, planet, star","moon, planet, solar system, sun",18.3,wikipedia,67,433,3,5.0,52.667
"Smaller icy objects such as comets frequently orbit at significantly greater angles to this plane. Most of the planets in the Solar System have secondary systems of their own, being orbited by natural satellites called moons.",space_astronomy,primary,solar_system,,,Solar_System,"moon, orbit, planet, satellite","moon, orbit, planet, solar system",18.0,wikipedia,36,225,3,6.0,53.775
"Unlike most satellites of other planets, the Moon's orbital plane is closer to the ecliptic plane than to the planet's equatorial plane . The Moon's orbit is subtly perturbed by the Sun and Earth in many small, complex and interacting ways.",space_astronomy,primary,solar_system,,,Moon,"moon, orbit, planet, satellite","moon, orbit, planet, sun",18.0,wikipedia,41,240,3,6.0,53.76
"Most of the planets in the Solar System have secondary systems of their own, being orbited by natural satellites called moons. All of the largest natural satellites are in synchronous rotation , with one face permanently turned toward their parent.",space_astronomy,primary,solar_system,,,Solar_System,"moon, orbit, planet, satellite","moon, orbit, planet, solar system",18.0,wikipedia,40,248,3,6.0,53.752
"Astronomers have assembled star catalogues that identify the known stars and provide standardized stellar designations . The observable universe contains an estimated 10 22 to 10 24 stars. Only about 4,000 of these stars are visible to the naked eye—all within the Milky Way galaxy .",space_astronomy,primary,stars_and_galaxies,,,Star,"galaxy, star, universe","galaxy, milky way, star, stellar",18.0,wikipedia,46,283,3,6.0,53.717
"Stars are not spread uniformly across the universe but are normally grouped into galaxies along with interstellar gas and dust. A typical large galaxy like the Milky Way contains hundreds of billions of stars. There are more than 2 trillion ( 10 12 ) galaxies, though most are less than 10% the mass of the Milky Way.",space_astronomy,primary,stars_and_galaxies,,,Star,"galaxy, star, universe","galaxy, milky way, star, stellar",18.0,wikipedia,57,317,3,6.0,53.683
"The principal component of the Solar System is the Sun, a G-type main-sequence star that contains 99.86% of the system's known mass and dominates it gravitationally. The Sun's four largest orbiting bodies, the giant planets, account for 99% of the remaining mass, with Jupiter and Saturn together comprising more than 90%.",space_astronomy,primary,solar_system,,,Solar_System,"orbit, planet, star","orbit, planet, solar system, sun",18.0,wikipedia,51,322,3,6.0,53.678
": 7 Some experts hold to a geophysical definition that classifies moons as planets that orbit the Sun while incidentally orbiting another planet. : 25 Some have suggested that the Earth and Moon form a double planet system, : 70 but most scientists agree that this would require the orbital barycenter to lie outside of Earth, which it does not.",space_astronomy,primary,solar_system,,,Moon,"moon, orbit, planet","moon, orbit, planet, sun",18.0,wikipedia,60,345,3,6.0,53.655
"Approaching 40 years of service, the NASA TV channel airs content ranging from live coverage of crewed missions to video coverage of significant milestones for operating robotic spacecraft (e.g. rover landings on Mars) and domestic and international launches. The channel is delivered by NASA and is broadcast by satellite and over the Internet.",space_astronomy,primary,space_exploration,,,NASA,"mission, satellite, space","launch, nasa, satellite, spacecraft",18.0,wikipedia,53,345,3,6.0,53.655
"The most prominent stars have been categorised into constellations and asterisms , and many of the brightest stars have proper names . Astronomers have assembled star catalogues that identify the known stars and provide standardized stellar designations . The observable universe contains an estimated 10 22 to 10 24 stars. Only about 4,000 of these stars are visible to the naked eye—all within the Milky Way galaxy .",space_astronomy,primary,stars_and_galaxies,,,Star,"galaxy, star, universe","galaxy, milky way, star, stellar",18.0,wikipedia,68,418,3,6.0,53.582
"Once the orbit of the Moon closes to a distance of 18,470 km (11,480 mi), it will cross Earth's Roche limit , meaning that tidal interaction with Earth would break apart the Moon, turning it into a ring system . Most of the orbiting rings will begin to decay, and the debris will impact Earth. Hence, even if the Sun does not swallow up Earth, the planet may be left moonless.",space_astronomy,primary,solar_system,,,Moon,"moon, orbit, planet","moon, orbit, planet, sun",18.0,wikipedia,71,376,3,5.0,52.124
"In 2011, the Kepler space telescope team reported the discovery of the first Earth-sized exoplanets orbiting a Sun-like star , Kepler-20e and Kepler-20f . One in five Sun-like stars is thought to have an Earth-sized planet in its habitable zone, which suggests that the nearest would be expected to be within 12 light-years distance from Earth.",space_astronomy,primary,solar_system,,,Planet,"orbit, planet, space, star, telescope","orbit, planet, sun",17.8,wikipedia,56,344,3,6.0,53.256
"Astronautics had shifted its focus towards the exploration of the inner (e.g. Pioneer 10 , 1972) Solar System planets , but also towards Earth orbit , developing and continuously operating, beside communication satellites , Earth observation satellites (e.g. Landsat program , 1972), space telescopes and particularly space stations (e.g.",space_astronomy,primary,solar_system,,,Moon,"orbit, planet, satellite, space, telescope","orbit, planet, solar system",17.5,wikipedia,49,338,3,6.0,52.662
rover landings on Mars) and domestic and international launches. The channel is delivered by NASA and is broadcast by satellite and over the Internet. The system initially started to capture archival footage of important space events for NASA managers and engineers and expanded as public interest grew. The Apollo 8 Christmas Eve broadcast while in orbit around the Moon was received by more than a billion people.,space_astronomy,primary,space_exploration,,,NASA,"moon, orbit, satellite, space, star","launch, nasa, satellite",17.5,wikipedia,67,415,3,6.0,52.585
"The four outer planets, called giant planets or Jovian planets, collectively make up 99% of the mass orbiting the Sun. All four giant planets have multiple moons and a ring system, although only Saturn's rings are easily observed from Earth.",space_astronomy,primary,solar_system,,,Solar_System,"moon, orbit, planet","moon, orbit, planet, sun",17.3,wikipedia,40,241,3,6.0,52.359
"The collection of stars rises close to perpendicular to the plane of the spiral arms of the Milky Way. The proposed likely interpretation is that a dwarf galaxy is merging with the Milky Way. This galaxy is tentatively named the Virgo Stellar Stream and is found in the direction of Virgo about 30,000 light-years (9 kpc) away.",space_astronomy,primary,stars_and_galaxies,,,Milky_Way,"galaxy, star","galaxy, milky way, star, stellar",17.3,wikipedia,57,327,3,6.0,52.273
"Objects of planetary mass that do not dominate their orbit but orbit the Sun directly are called dwarf planets . The International Astronomical Union 's Minor Planet Center lists Ceres , Pluto , Eris , Makemake , and Haumea as dwarf planets. Four other Solar System objects are generally identified as such: Orcus , Quaoar , Gonggong , and Sedna .",space_astronomy,primary,solar_system,,,Solar_System,"orbit, planet","orbit, planet, solar system, sun",17.3,wikipedia,61,347,3,6.0,52.253
"When stars form in the present Milky Way galaxy, they are composed of about 71% hydrogen and 27% helium, as measured by mass, with a small fraction of heavier elements. Typically the portion of heavy elements is measured in terms of the iron content of the stellar atmosphere, as iron is a common element and its absorption lines are relatively easy to measure.",space_astronomy,primary,stars_and_galaxies,,,Star,"galaxy, star","galaxy, milky way, star, stellar",17.3,wikipedia,63,361,3,6.0,52.239000000000004
"The term ""Solar System"" entered the English language by 1704, when John Locke used it to refer to the Sun, planets, and comets. In 1705, Halley realized that repeated sightings of a comet were of the same object, returning regularly once every 75–76 years. This was the first evidence that anything other than the planets repeatedly orbited the Sun, though Seneca had theorized this about comets in the 1st century.",space_astronomy,primary,solar_system,,,Solar_System,"orbit, planet","orbit, planet, solar system, sun",17.3,wikipedia,70,415,3,6.0,52.185
"As a result of the formation of the Solar System , planets and most other objects orbit the Sun in the same direction that the Sun is rotating. That is, counter-clockwise, as viewed from above Earth's north pole. There are exceptions, such as Halley's Comet .",space_astronomy,primary,solar_system,,,Solar_System,"orbit, planet","orbit, planet, solar system, sun",17.0,wikipedia,46,259,3,6.0,51.741
"A galaxy is a system of stars , stellar remnants , interstellar gas , dust , and dark matter bound together by gravity . The word is derived from the Greek galaxias ( γαλαξίας ), meaning 'milky', a reference to the Milky Way galaxy that contains the Solar System .",space_astronomy,primary,stars_and_galaxies,,,Galaxy,"galaxy, star","galaxy, milky way, star, stellar",17.0,wikipedia,50,264,3,6.0,51.736
"The planets rotate around invisible axes through their centres. A planet's rotation period is known as a stellar day . Most of the planets in the Solar System rotate in the same direction as they orbit the Sun, which is counter-clockwise as seen from above the Sun's north pole .",space_astronomy,primary,solar_system,,,Planet,"orbit, planet","orbit, planet, solar system, sun",17.0,wikipedia,50,279,3,6.0,51.721
"The next most massive objects of the system are the eight planets, which by definition dominate the orbits they occupy. Closest to the Sun in order of increasing distance are the terrestrial planets – Mercury , Venus , Earth and Mars . These are the planets of the inner Solar System .",space_astronomy,primary,solar_system,,,Solar_System,"orbit, planet","orbit, planet, solar system, sun",17.0,wikipedia,52,285,3,6.0,51.715
"As the Solar System disk cooled, this line moved inward and now lies within Earth's orbit around the Sun. Material other than metals and silicates, due to their higher boiling points, could not persist in solid form. Here planets formed that are mainly rocky, which are Mercury, Venus, Earth, and Mars.",space_astronomy,primary,solar_system,,,Solar_System,"orbit, planet","orbit, planet, solar system, sun",17.0,wikipedia,51,302,3,6.0,51.698
"The inner Solar System is the region comprising the terrestrial planets and the asteroids . Composed mainly of silicates and metals, the objects of the inner Solar System are relatively close to the Sun; the radius of this entire region is less than the distance between the orbits of Jupiter and Saturn.",space_astronomy,primary,solar_system,,,Solar_System,"orbit, planet","orbit, planet, solar system, sun",17.0,wikipedia,52,304,3,6.0,51.696
"The International Astronomical Union describes the Solar System as all objects that are bound by the gravity of the Sun, the Sun itself, its eight planets, and the other celestial bodies which orbit it. NASA describes the Solar System as a planetary system , including the Sun and all objects that orbit it.",space_astronomy,primary,solar_system,,,Solar_System,"orbit, planet","orbit, planet, solar system, sun",17.0,wikipedia,53,307,3,6.0,51.693
"Archimedes (287–212 BC) designed a planetarium that could calculate the motions of the Moon and other objects in the Solar System. In the 2nd century BC , Seleucus of Seleucia correctly thought that tides were due to the attraction of the Moon, and that their height depends on the Moon's position relative to the Sun .",space_astronomy,primary,solar_system,,,Moon,"moon, planet","moon, planet, solar system, sun",17.0,wikipedia,56,319,3,6.0,51.681
"Soccer in the United States, etc.) are responsible for managing the game in their own countries both professionally and at an amateur level, and coordinating competitions in accordance with the Laws of the Game. The most prestigious senior international competition is the FIFA World Cup . The men's World Cup is the most-viewed sporting event in the world, surpassing the Olympic Games . The most prestigious competition in European club football is the UEFA Champions League , which attracts an extensive television audience worldwide.",sports,primary,football,,,Association_football,"competition, league, sport","FIFA, club, football, league, soccer",20.5,wikipedia,84,537,3,4.0,55.463
UEFA men's club competitions Records and statistics Winning teams Winning managers UEFA coefficient Policies Bosman ruling Coaching licences Financial Fair Play Regulations Homegrown Player Rule Respect campaign Stadium categories Issues Proposals for a European Super League UEFA–CONMEBOL memorandum of understanding 2009 European football match-fixing scandal,sports,primary,football,,,UEFA_Champions_League,"coach, competition, league, match, player, team, win","club, football, league",19.5,wikipedia,45,361,3,6.0,56.639
"The most prestigious competitions in club football are the respective continental championships, which are generally contested between national champions, for example, the UEFA Champions League in Europe and the Copa Libertadores in South America. The winners of each continental competition contest the FIFA Intercontinental Cup , held annually, and the FIFA Club World Cup , held once every four years.",sports,primary,football,,,Association_football,"championship, competition, league, win","FIFA, club, football, league",19.0,wikipedia,60,404,3,6.0,55.596
"It is the most-watched club competition in the world and the third most-watched football competition overall, behind only the FIFA World Cup and the UEFA European Championship . It is one of the most prestigious football tournaments in the world and the most prestigious club competition in European football, played by the national league champions (and, for some nations, one or more runners-up) of their national associations.",sports,primary,football,,,UEFA_Champions_League,"championship, competition, league, tournament","FIFA, club, football, league",19.0,wikipedia,67,429,3,5.0,54.071
"Its success was underwritten by the twin necessities of patronage and betting. Cricket was prominent in London as early as 1707 and, in the middle years of the century, large crowds flocked to matches on the Artillery Ground in Finsbury . The single wicket form of the sport attracted huge crowds and wagers to match, its popularity peaking in the 1748 season . Bowling underwent an evolution around 1760 when bowlers began to pitch (bounce) the ball instead of rolling or skimming it towards the batter.",sports,primary,cricket,,,Cricket,"match, season, sport, win","bat, bowling, cricket, wicket",19.0,wikipedia,86,504,3,4.0,52.496
"The competition begins with a round robin league phase to qualify for the double-legged knockout rounds, and a single-leg final. It is the most-watched club competition in the world and the third most-watched football competition overall, behind only the FIFA World Cup and the UEFA European Championship . It is one of the most prestigious football tournaments in the world and the most prestigious club competition in European football, played by the national league champions (and, for some nations, one or more runners-up) of their national associations.",sports,primary,football,,,UEFA_Champions_League,"championship, competition, league, tournament","FIFA, club, football, league",19.0,wikipedia,87,558,3,2.5,50.192
"The competition was founded as the FA Premier League on 20 February 1992, following the decision of clubs from the First Division (the top tier since 1888) to break away from the English Football League . Teams are still promoted and relegated to and from the EFL Championship each season.",sports,primary,football,,,Premier_League,"championship, competition, league, season, team, win","club, football, league",18.8,wikipedia,50,289,3,6.0,55.311
"The competition was founded as the FA Premier League on 20 February 1992, following the decision of clubs from the First Division (the top tier since 1888) to break away from the English Football League . Teams are still promoted and relegated to and from the EFL Championship each season. The Premier League is a corporation managed by a chief executive , with member clubs as shareholders.",sports,primary,football,,,Premier_League,"championship, competition, league, season, team, win","club, football, league",18.8,wikipedia,67,391,3,6.0,55.209
"The competition was founded as the FA Premier League on 20 February 1992, following the decision of clubs from the First Division (the top tier since 1888) to break away from the English Football League . Teams are still promoted and relegated to and from the EFL Championship each season. The Premier League is a corporation managed by a chief executive , with member clubs as shareholders. The Premier League takes advantage of a £5 billion domestic television rights deal, with Sky and BT Group broadcasting 128 and 32 games, respectively.",sports,primary,football,,,Premier_League,"championship, competition, league, season, team, win","club, football, league",18.8,wikipedia,91,542,3,2.5,49.808
"The competition begins with a round robin league phase to qualify for the double-legged knockout rounds, and a single-leg final. It is the most-watched club competition in the world and the third most-watched football competition overall, behind only the FIFA World Cup and the UEFA European Championship .",sports,primary,football,,,UEFA_Champions_League,"championship, competition, league","FIFA, club, football, league",18.0,wikipedia,48,306,3,6.0,53.694
"The most prestigious senior international competition is the FIFA World Cup . The men's World Cup is the most-viewed sporting event in the world, surpassing the Olympic Games . The most prestigious competition in European club football is the UEFA Champions League , which attracts an extensive television audience worldwide.",sports,primary,football,,,Association_football,"competition, league, sport","FIFA, club, football, league",18.0,wikipedia,50,325,3,6.0,53.675
"In this form, although each team may have from one to six players, there is only one batter in at a time, and that batter must face every delivery bowled while their innings lasts. Single wicket has rarely been played since limited overs cricket began. Matches tended to have two innings per team like a full first-class one and they could end in a draw.",sports,primary,cricket,,,Cricket,"match, player, team","bat, cricket, innings, wicket",18.0,wikipedia,65,354,3,6.0,53.646
"Single wicket was popular in the 18th and 19th centuries, and its matches were generally considered top-class. In this form, although each team may have from one to six players, there is only one batter in at a time, and that batter must face every delivery bowled while their innings lasts. Single wicket has rarely been played since limited overs cricket began.",sports,primary,cricket,,,Cricket,"match, player, team","bat, cricket, innings, wicket",18.0,wikipedia,62,363,3,6.0,53.637
"The most prestigious senior international competition is the FIFA World Cup . The men's World Cup is the most-viewed sporting event in the world, surpassing the Olympic Games . The most prestigious competition in European club football is the UEFA Champions League , which attracts an extensive television audience worldwide. The final of the men's Champions League is the most-watched annual sporting event in the world.",sports,primary,football,,,Association_football,"competition, league, sport","FIFA, club, football, league",18.0,wikipedia,66,421,3,5.0,52.079
"Cricket was prominent in London as early as 1707 and, in the middle years of the century, large crowds flocked to matches on the Artillery Ground in Finsbury . The single wicket form of the sport attracted huge crowds and wagers to match, its popularity peaking in the 1748 season . Bowling underwent an evolution around 1760 when bowlers began to pitch (bounce) the ball instead of rolling or skimming it towards the batter.",sports,primary,cricket,,,Cricket,"match, season, sport","bat, bowling, cricket, wicket",18.0,wikipedia,74,425,3,4.0,50.575
"Single wicket was popular in the 18th and 19th centuries, and its matches were generally considered top-class. In this form, although each team may have from one to six players, there is only one batter in at a time, and that batter must face every delivery bowled while their innings lasts. Single wicket has rarely been played since limited overs cricket began. Matches tended to have two innings per team like a full first-class one and they could end in a draw.",sports,primary,cricket,,,Cricket,"match, player, team","bat, cricket, innings, wicket",18.0,wikipedia,82,465,3,4.0,50.535
"The UEFA Champions League ( UCL or UEFA CL ), commonly known as the Champions League , is an annual club association football competition organised by the Union of European Football Associations (UEFA) that is contested by top-division European clubs . The competition begins with a round robin league phase to qualify for the double-legged knockout rounds, and a single-leg final. It is the most-watched club competition in the world and the third most-watched football competition overall, behind only the FIFA World Cup and the UEFA European Championship .",sports,primary,football,,,UEFA_Champions_League,"championship, competition, league","FIFA, club, football, league",18.0,wikipedia,89,559,3,2.5,48.191
"Since the first Premier League season in 1992–93, 23 players from 11 clubs have won or shared the top scorer title. Thierry Henry won his fourth overall scoring title by scoring 27 goals in the 2005–06 season. Erling Haaland holds the record for most goals in a Premier League season (38 matches) with 36 goals as of 15 May 2023.",sports,primary,football,,,Premier_League,"league, match, player, score, season","club, goal, league",17.5,wikipedia,60,329,3,6.0,52.671
"Amateur and professional sports attract audiences in person at venues and via broadcast media—radio, television and internet streaming—each of which may levy fees such as entrance tickets or pay-per-view subscriptions. Sports leagues and tournaments provide the primary organisational frameworks for regular competition among teams or individual athletes.",sports,primary,general_sport,,,Sport,"competition, league, sport, team, tournament","athlete, competition, sport",17.5,wikipedia,47,355,3,6.0,52.645
"There are 20 clubs in the Premier League. During the course of a season (from August to May) each club plays the others twice (a double round-robin system ), once at their home stadium and once at that of their opponents, for 38 games. Teams receive three points for a win and one point for a draw. Teams are ranked by total points, then goal difference , and then goals scored.",sports,primary,football,,,Premier_League,"league, score, season, team, win","club, goal, league",17.5,wikipedia,71,378,3,5.0,51.122
"The competition element of sport, along with the aesthetic appeal of some disciplines, has resulted in the phenomenon of spectator sport. Amateur and professional sports attract audiences in person at venues and via broadcast media—radio, television and internet streaming—each of which may levy fees such as entrance tickets or pay-per-view subscriptions. Sports leagues and tournaments provide the primary organisational frameworks for regular competition among teams or individual athletes.",sports,primary,general_sport,,,Sport,"competition, league, sport, team, tournament","athlete, competition, sport",17.5,wikipedia,68,493,3,5.0,51.007
"^ a b See List of types of football#Games descended from the FA rules for a list of association football variations. ^ All outfield players must wear shorts, while goalkeepers are permitted to wear tracksuit bottoms. ^ For example, the English Premier League fined and levied an 8-match suspension on Luis Suárez for racially abusing Patrice Evra . ^ The number of competing teams has varied over the history of the competition.",sports,primary,football,,,Association_football,"competition, league, match, player, team","football, goal, league",17.5,wikipedia,72,428,3,4.0,49.572
"Former Blackburn Rovers and Newcastle United striker Alan Shearer holds the record for most Premier League goals with 260. Since the first Premier League season in 1992–93, 23 players from 11 clubs have won or shared the top scorer title. Thierry Henry won his fourth overall scoring title by scoring 27 goals in the 2005–06 season. Erling Haaland holds the record for most goals in a Premier League season (38 matches) with 36 goals as of 15 May 2023.",sports,primary,football,,,Premier_League,"league, match, player, score, season","club, goal, league",17.5,wikipedia,79,452,3,4.0,49.548
"Since the first Premier League season in 1992–93, 23 players from 11 clubs have won or shared the top scorer title. Thierry Henry won his fourth overall scoring title by scoring 27 goals in the 2005–06 season. Erling Haaland holds the record for most goals in a Premier League season (38 matches) with 36 goals as of 15 May 2023. Ryan Giggs of Manchester United holds the record for scoring goals in consecutive seasons, having scored in the first 21 seasons of the league.",sports,primary,football,,,Premier_League,"league, match, player, score, season","club, goal, league",17.5,wikipedia,84,473,3,4.0,49.527
"In each country, football clubs are usually federated in associations or leagues that organise official tournaments among themselves, from which the champion of each country and the teams that will participate in international club tournaments emerge. There is no single system of competitions, and each national league organises them according to its own traditions.",sports,primary,football,,,Association_football,"competition, league, team, tournament","club, football, league",17.1,wikipedia,54,367,3,6.0,51.833000000000006
"In this form, although each team may have from one to six players, there is only one batter in at a time, and that batter must face every delivery bowled while their innings lasts. Single wicket has rarely been played since limited overs cricket began.",sports,primary,cricket,,,Cricket,"player, team","bat, cricket, innings, wicket",17.0,wikipedia,45,252,3,6.0,51.748
"Athletics , swimming , fencing , and artistic gymnastics are the only summer sports that have never been absent from the Olympic programme. Cross-country skiing , figure skating , ice hockey , Nordic combined , ski jumping , and speed skating have been featured at every Winter Olympics programme since its inception in 1924 .",sports,primary,olympic_sports,,,Olympic_Games,"sport, win","athletics, gymnastics, olympics, swimming",17.0,wikipedia,55,326,3,6.0,51.674
"It is further broken down into fourteen events for men and four events for women, each representing a different weight class. The Summer Olympics programme includes 26 sports, while the Winter Olympics programme features 15 sports. Athletics , swimming , fencing , and artistic gymnastics are the only summer sports that have never been absent from the Olympic programme.",sports,primary,olympic_sports,,,Olympic_Games,"sport, win","athletics, gymnastics, olympics, swimming",17.0,wikipedia,59,371,3,6.0,51.629
"The Summer Olympics programme includes 26 sports, while the Winter Olympics programme features 15 sports. Athletics , swimming , fencing , and artistic gymnastics are the only summer sports that have never been absent from the Olympic programme. Cross-country skiing , figure skating , ice hockey , Nordic combined , ski jumping , and speed skating have been featured at every Winter Olympics programme since its inception in 1924 .",sports,primary,olympic_sports,,,Olympic_Games,"sport, win","athletics, gymnastics, olympics, swimming",17.0,wikipedia,70,432,3,5.0,50.068
"As of 2008, there were still more medal events for men than women. With the addition of women's boxing to the programme in the 2012 Summer Olympics, however, women athletes were able to compete in all the sports open to men. In the winter Olympics, women are still unable to compete in the Nordic combined . After men were included in artistic swimming at the Paris 2024 games, the only remaining Olympic event in which male athletes may not compete is rhythmic gymnastics .",sports,primary,olympic_sports,,,Olympic_Games,"sport, win","gymnastics, medal, olympics, swimming",17.0,wikipedia,84,474,3,4.0,48.526
"For example, wrestling is a Summer Olympic sport, comprising two disciplines: Greco-Roman and Freestyle . It is further broken down into fourteen events for men and four events for women, each representing a different weight class. The Summer Olympics programme includes 26 sports, while the Winter Olympics programme features 15 sports. Athletics , swimming , fencing , and artistic gymnastics are the only summer sports that have never been absent from the Olympic programme.",sports,primary,olympic_sports,,,Olympic_Games,"sport, win","athletics, gymnastics, olympics, swimming",17.0,wikipedia,74,477,3,4.0,48.523
"Athletics , swimming , fencing , and artistic gymnastics are the only summer sports that have never been absent from the Olympic programme. Cross-country skiing , figure skating , ice hockey , Nordic combined , ski jumping , and speed skating have been featured at every Winter Olympics programme since its inception in 1924 . Current Olympic sports, like badminton , basketball , and volleyball , first appeared on the programme as demonstration sports and were later promoted to full Olympic sports.",sports,primary,olympic_sports,,,Olympic_Games,"sport, win","athletics, gymnastics, olympics, swimming",17.0,wikipedia,82,501,3,4.0,48.499
"Track and field events have become the most prominent part of major athletics championships and many famous athletes within the sport of athletics come from this discipline. Discrete track and field competitions are found at national championships -level and also at annual, invitational track and field meets . Meetings range from elite competitions – such as those in the IAAF Diamond League series – to basic all comers track meets , inter-sports club meetings and schools events, which form the grassroots of track and field.",sports,primary,general_sport,,,Athletics_(sport),"championship, competition, league, sport","athlete, competition, sport",16.8,wikipedia,85,529,3,4.0,48.071
"The results of racing events are decided by finishing position (or time, where measured), while the jumps and throws are won by the athlete that achieves the highest or furthest measurement from a series of attempts. The simplicity of the competitions, and the lack of a need for expensive equipment, makes athletics one of the most common types of sports in the world. Athletics is mostly an individual sport, with the exception of relay races and competitions which combine athletes' performances for a team score, such as cross country.",sports,primary,general_sport,,,Athletics_(sport),"competition, score, sport, team","athlete, competition, sport",16.8,wikipedia,89,539,3,4.0,48.061
"The 24 highest-ranked teams proceed to the knockout phase that culminates with the final match in late May or early June. The winner of the Champions League automatically qualifies for the following year's Champions League, the UEFA Super Cup , the FIFA Intercontinental Cup and the FIFA Club World Cup .",sports,primary,football,,,UEFA_Champions_League,"league, match, team, win","FIFA, club, league",16.5,wikipedia,51,304,3,6.0,50.696
"At the end of the 1994–95 season, four rather than three clubs were relegated, while only two were promoted from the Football League First Division. This allowed the Premier League to reduce its size from 22 to 20 clubs for the start of the 1995–96 season, reducing the number of matches per team from 42 to 38.",sports,primary,football,,,Premier_League,"league, match, season, team","club, football, league",16.5,wikipedia,57,311,3,6.0,50.689
"The main objective of each team is to score more runs than their opponents, but in some forms of cricket, it is also necessary to dismiss all but one of the opposition batters (making their team 'all out') in their final innings in order to win the match, which would otherwise be drawn (not ending with a winner or tie.)",sports,primary,cricket,,,Cricket,"match, score, team, win","bat, cricket, innings",16.5,wikipedia,60,321,3,6.0,50.679
"The simplicity of the competitions, and the lack of a need for expensive equipment, makes athletics one of the most common types of sports in the world. Athletics is mostly an individual sport, with the exception of relay races and competitions which combine athletes' performances for a team score, such as cross country.",sports,primary,general_sport,,,Athletics_(sport),"competition, score, sport, team","athlete, competition, sport",16.5,wikipedia,53,322,3,6.0,50.678
"It consists of up to four innings (up to two per team), with a minimum of ninety overs scheduled to be bowled in six hours per day, making it the sport with the longest playing time except for some multi-stage cycling races. A team wins the match by outscoring the opposition with the bat and bowling them out with the ball .",sports,primary,cricket,,,Test_cricket,"match, sport, team, win","bat, bowling, innings",16.5,wikipedia,62,325,3,6.0,50.675
"The Premier League Golden Boot is awarded each season to the top scorer in the division. Former Blackburn Rovers and Newcastle United striker Alan Shearer holds the record for most Premier League goals with 260. Since the first Premier League season in 1992–93, 23 players from 11 clubs have won or shared the top scorer title.",sports,primary,football,,,Premier_League,"league, player, score, season","club, goal, league",16.5,wikipedia,56,327,3,6.0,50.673
"Contested by 20 clubs, it operates on a system of promotion and relegation with the English Football League (EFL). Seasons usually run from August to May, with each team playing 38 matches: two against each other team, one home and one away. Most games are played on weekend afternoons, with occasional weekday evening fixtures.",sports,primary,football,,,Premier_League,"league, match, season, team","club, football, league",16.5,wikipedia,54,328,3,6.0,50.672
"Former Blackburn Rovers and Newcastle United striker Alan Shearer holds the record for most Premier League goals with 260. Since the first Premier League season in 1992–93, 23 players from 11 clubs have won or shared the top scorer title. Thierry Henry won his fourth overall scoring title by scoring 27 goals in the 2005–06 season.",sports,primary,football,,,Premier_League,"league, player, score, season","club, goal, league",16.5,wikipedia,56,332,3,6.0,50.668
"Today's sporting culture, in particular elite sport, places great importance on the idea of competition and winning and sportsmanship may take a back seat as a result. In most, if not all sports, players at the elite level set the standards on sportsmanship and whether they like it or not, they are seen as leaders and role models in society.",sports,primary,general_sport,,,Sportsmanship,"competition, player, sport, win","competition, sport, sportsmanship",16.5,wikipedia,60,343,3,6.0,50.657
"It is both an individual and team sport , as runners are judged on an individual basis and a points scoring method is used for teams. Competitions are typically long distance races of 3 km (1.9 mi) or more which are usually held in autumn and winter. Cross country's most successful athletes often compete in long-distance track and road events as well.",sports,primary,general_sport,,,Athletics_(sport),"competition, sport, team, win","athlete, competition, sport",16.5,wikipedia,62,353,3,6.0,50.647
"It consists of up to four innings (up to two per team), with a minimum of ninety overs scheduled to be bowled in six hours per day, making it the sport with the longest playing time except for some multi-stage cycling races. A team wins the match by outscoring the opposition with the bat and bowling them out with the ball . Otherwise the match ends in a draw .",sports,primary,cricket,,,Test_cricket,"match, sport, team, win","bat, bowling, innings",16.5,wikipedia,70,362,3,6.0,50.638
"The 36 teams each play eight opponents, four home and four away. The 24 highest-ranked teams proceed to the knockout phase that culminates with the final match in late May or early June. The winner of the Champions League automatically qualifies for the following year's Champions League, the UEFA Super Cup , the FIFA Intercontinental Cup and the FIFA Club World Cup .",sports,primary,football,,,UEFA_Champions_League,"league, match, team, win","FIFA, club, league",16.5,wikipedia,63,369,3,6.0,50.631
"The Premier League is a professional association football league in England and the highest level of the English football league system . Contested by 20 clubs, it operates on a system of promotion and relegation with the English Football League (EFL). Seasons usually run from August to May, with each team playing 38 matches: two against each other team, one home and one away.",sports,primary,football,,,Premier_League,"league, match, season, team","club, football, league",16.5,wikipedia,64,379,3,6.0,50.621
"The tournament was discontinued following the 2017 edition , with its calendar slot replaced by an expanded FIFA Club World Cup . The Finalissima was revived in 2022, and is contested between the Copa América and European Championship winners. The UEFA Nations League and the CONCACAF Nations League were introduced in the late 2010s to replace international friendlies during the two-year cycle between major tournaments.",sports,primary,football,,,Association_football,"championship, league, tournament, win","FIFA, club, league",16.5,wikipedia,65,422,3,5.0,49.078
"International competitions in association football principally consist of two varieties: competitions involving representative national teams or those involving clubs based in multiple nations and national leagues. International football , without qualification, most often refers to the former. In the case of international club competition, it is the country of origin of the clubs involved, not the nationalities of their players, that renders the competition international in nature.",sports,primary,football,,,Association_football,"competition, league, player, team","club, football, league",16.5,wikipedia,67,487,3,5.0,49.013
"The Summer Olympics programme includes 26 sports, while the Winter Olympics programme features 15 sports. Athletics , swimming , fencing , and artistic gymnastics are the only summer sports that have never been absent from the Olympic programme.",sports,primary,olympic_sports,,,Olympic_Games,"sport, win","athletics, gymnastics, olympics, swimming",16.0,wikipedia,38,245,3,6.0,49.755
"Competitions may allow a ""tie"" or ""draw"", in which there is no single winner; others provide tie-breaking methods to ensure there is only one winner. They also may be arranged in a tournament format, producing a champion . Many sports leagues make an annual champion by arranging games in a regular sports season , followed in some cases by playoffs .",sports,primary,general_sport,,,Sport,"competition, league, season, sport, tournament, win","competition, sport",16.0,wikipedia,61,351,3,6.0,49.649
"The Laws of the Game are published by FIFA, but are maintained by the IFAB. In addition to the seventeen laws, numerous IFAB decisions and other directives contribute to the regulation of association football. Within the United States, Major League Soccer used a distinct ruleset during the 1990s, and the NFHS and NCAA still use rulesets that are comparable to, but different from, the IFAB Laws.",sports,primary,football,,,Association_football,league,"FIFA, football, league, soccer",16.0,wikipedia,66,397,3,6.0,49.603
"Beginning with the 2024–25 season, UEFA changed the format of their three club competitions, abandoning the group stage in favour of an expanded league phase. The number of participating teams was increased from 32 to 36 teams. Teams are no longer divided into groups of four teams each but are ranked in a single table resembling the Swiss-system tournament format. Each team plays eight matches against eight different opponents.",sports,primary,football,,,UEFA_Champions_League,"competition, league, match, season, team, tournament","club, league",16.0,wikipedia,69,431,3,5.0,48.069
"Track and field events have become the most prominent part of major athletics championships and many famous athletes within the sport of athletics come from this discipline. Discrete track and field competitions are found at national championships -level and also at annual, invitational track and field meets .",sports,primary,general_sport,,,Athletics_(sport),"championship, competition, sport","athlete, competition, sport",15.8,wikipedia,48,311,3,6.0,49.289
"Participating athletes may compete in one or more events, according to their specialities. Track and field comes in both indoor and outdoor formats, with most indoor competitions occurring in winter , while outdoor events are mostly held in summer . The sport is defined by the venue in which the competitions are held – the athletics stadium .",sports,primary,general_sport,,,Athletics_(sport),"competition, sport, win","athlete, competition, sport",15.8,wikipedia,58,344,3,6.0,49.256
"Promoted teams have found it difficult to avoid relegation in their first Premier League season. One Premier League newcomer has been relegated back to the Football League every season, save the 2001–02 , 2011–12, 2017–18 & 2022–23 seasons. In the 1997–98 , 2023–24 and 2024–25 seasons, all three promoted clubs were relegated by the season's end.",sports,primary,football,,,Premier_League,"league, season, team","club, football, league",15.8,wikipedia,56,347,3,6.0,49.253
"Since the first Premier League season in 1992–93, 23 players from 11 clubs have won or shared the top scorer title. Thierry Henry won his fourth overall scoring title by scoring 27 goals in the 2005–06 season.",sports,primary,football,,,Premier_League,"league, player, score, season","club, goal, league",15.5,wikipedia,37,209,3,6.0,48.791
"Former Blackburn Rovers and Newcastle United striker Alan Shearer holds the record for most Premier League goals with 260. Since the first Premier League season in 1992–93, 23 players from 11 clubs have won or shared the top scorer title.",sports,primary,football,,,Premier_League,"league, player, score, season","club, goal, league",15.5,wikipedia,40,238,3,6.0,48.762
"Contested by 20 clubs, it operates on a system of promotion and relegation with the English Football League (EFL). Seasons usually run from August to May, with each team playing 38 matches: two against each other team, one home and one away.",sports,primary,football,,,Premier_League,"league, match, season, team","club, football, league",15.5,wikipedia,42,241,3,6.0,48.759
"The single wicket form of the sport attracted huge crowds and wagers to match, its popularity peaking in the 1748 season . Bowling underwent an evolution around 1760 when bowlers began to pitch (bounce) the ball instead of rolling or skimming it towards the batter.",sports,primary,cricket,,,Cricket,"match, season, sport","bat, bowling, wicket",15.5,wikipedia,45,265,3,6.0,48.735
"In this case, the usual order of the third and fourth innings is reversed: Team A will bat in the fourth innings. It is rare for a team forced to follow-on to win the match. In Test cricket it has only happened four times, although 344 follow-ons have been enforced.",sports,primary,cricket,,,Test_cricket,"match, team, win","bat, cricket, innings",15.5,wikipedia,50,266,3,6.0,48.734
"Single wicket was popular in the 18th and 19th centuries, and its matches were generally considered top-class. In this form, although each team may have from one to six players, there is only one batter in at a time, and that batter must face every delivery bowled while their innings lasts.",sports,primary,cricket,,,Cricket,"match, player, team","bat, innings, wicket",15.5,wikipedia,51,291,3,6.0,48.709
"Sanctions for such infractions may be levied on individuals or on clubs as a whole. Penalties may include fines, point deductions (in league competitions) or even expulsion from competitions. For example, the English Football League deduct 12 points from any team that enters financial administration .",sports,primary,football,,,Association_football,"competition, league, team","club, football, league",15.5,wikipedia,46,302,3,6.0,48.698
"Because they are members of the Football Association of Wales (FAW), the question of whether clubs like Swansea should represent England or Wales in European competitions has caused long-running discussions in UEFA . Swansea took one of England's three available places in the Europa League in 2013–14 by winning the League Cup in 2012–13.",sports,primary,football,,,Premier_League,"competition, league, win","club, football, league",15.5,wikipedia,54,339,3,6.0,48.661
"The men's World Cup is the most-viewed sporting event in the world, surpassing the Olympic Games . The most prestigious competition in European club football is the UEFA Champions League , which attracts an extensive television audience worldwide. The final of the men's Champions League is the most-watched annual sporting event in the world.",sports,primary,football,,,Association_football,"competition, league, sport","club, football, league",15.5,wikipedia,54,343,3,6.0,48.657
"Such a match is called a "" limited overs "" or ""one-day"" match, and the side scoring more runs wins regardless of the number of wickets lost, so that a draw cannot occur. In some cases, ties are broken by having each team bat for a one-over innings known as a Super Over ; subsequent Super Overs may be played if the first Super Over ends in a tie.",sports,primary,cricket,,,Cricket,"match, team, win","bat, innings, wicket",15.5,wikipedia,69,347,3,6.0,48.653
"^ a b See List of types of football#Games descended from the FA rules for a list of association football variations. ^ All outfield players must wear shorts, while goalkeepers are permitted to wear tracksuit bottoms. ^ For example, the English Premier League fined and levied an 8-match suspension on Luis Suárez for racially abusing Patrice Evra .",sports,primary,football,,,Association_football,"league, match, player","football, goal, league",15.5,wikipedia,58,348,3,6.0,48.652
"The first goal in World Cup history was scored by Lucien Laurent of France. In the final , Uruguay defeated Argentina 4–2 in front of 93,000 spectators in Montevideo , and became the first nation to win the World Cup. After the creation of the World Cup, FIFA and the IOC disagreed over the status of amateur players; football was dropped from the 1932 Summer Olympics .",sports,primary,football,,,FIFA_World_Cup,"player, score, win","FIFA, football, goal",15.5,wikipedia,67,370,3,6.0,48.63
"Sanctions for such infractions may be levied on individuals or on clubs as a whole. Penalties may include fines, point deductions (in league competitions) or even expulsion from competitions. For example, the English Football League deduct 12 points from any team that enters financial administration . Among other administrative sanctions are penalties against game forfeiture.",sports,primary,football,,,Association_football,"competition, league, team","club, football, league",15.5,wikipedia,55,378,3,6.0,48.622
"Violence in sports involves crossing the line between fair competition and intentional aggressive violence. Athletes, coaches, fans, and parents sometimes unleash violent behaviour on people or property, in misguided shows of loyalty, dominance, anger, or celebration. Rioting or hooliganism by fans in particular is a problem at some national and international sporting contests.",sports,primary,general_sport,,,Sport,"coach, competition, sport","athlete, competition, sport",15.5,wikipedia,53,380,3,6.0,48.62
"The Olympic athletics competition and World Championships in Athletics , and the Paralympic athletics competition and World Para Athletics Championships , are the highest and most prestigious levels of competition in track and field. Track and field events have become the most prominent part of major athletics championships and many famous athletes within the sport of athletics come from this discipline.",sports,primary,general_sport,,,Athletics_(sport),"championship, competition, sport","athlete, competition, sport",15.5,wikipedia,61,407,3,6.0,48.593
"National championships are annual competitions endorsed by a national governing body which serve the purpose of deciding the country's best athlete in each event. Annual one-day meetings and races form the most basic level of competition and are the most common format of athletics contests. These events are often invitational and are organised by sports organisations, sports promoters, or other institutions.",sports,primary,general_sport,,,Athletics_(sport),"championship, competition, sport","athlete, competition, sport",15.5,wikipedia,61,411,3,6.0,48.589
"^ For further information, see names for association football . ^ a b See List of types of football#Games descended from the FA rules for a list of association football variations. ^ All outfield players must wear shorts, while goalkeepers are permitted to wear tracksuit bottoms. ^ For example, the English Premier League fined and levied an 8-match suspension on Luis Suárez for racially abusing Patrice Evra .",sports,primary,football,,,Association_football,"league, match, player","football, goal, league",15.5,wikipedia,68,412,3,6.0,48.588
"Founded in 2007, it features ten city-based franchise teams. The IPL is the most popular and richest cricket league in the world and the 11th richest sporting league in the world by revenue . It is held annually between March and May. It has an exclusive window in the Future Tours Programme of the International Cricket Council , resulting in fewer international tours occurring during the seasons.",sports,primary,cricket,,,Indian_Premier_League,"league, season, sport, team, win","IPL, cricket",15.3,wikipedia,67,399,3,6.0,48.201
"The first official international football match also took place in 1872, between Scotland and England in Glasgow , again at the instigation of Alcock. England is also home to the world's first football league , which was founded in Birmingham in 1888 by Aston Villa director William McGregor . The original format contained 12 clubs from the Midlands and Northern England .",sports,primary,football,,,Association_football,"league, match","club, football, league",15.1,wikipedia,62,373,3,6.0,47.827000000000005
"Because UNIX's source code was available, it became the basis of other, incompatible operating systems, of which the most successful were AT&T 's System V and the University of California 's Berkeley Software Distribution (BSD). To increase compatibility, the IEEE released the POSIX standard for operating system application programming interfaces (APIs), which is supported by most UNIX systems. MINIX was a stripped-down version of UNIX, developed in 1987 for educational uses, that inspired the commercially available, free software Linux . Since 2008, MINIX is used in controllers of most Intel microchips , while Linux is widespread in data centers and Android smartphones.",technology,primary,software,,,Operating_system,"AI, application, data, software, system","application, code, operating system, program, software",22.5,wikipedia,102,679,3,1.0,54.821
"Because UNIX's source code was available, it became the basis of other, incompatible operating systems, of which the most successful were AT&T 's System V and the University of California 's Berkeley Software Distribution (BSD). To increase compatibility, the IEEE released the POSIX standard for operating system application programming interfaces (APIs), which is supported by most UNIX systems.",technology,primary,software,,,Operating_system,"AI, application, software, system","application, code, operating system, program, software",21.5,wikipedia,58,397,3,6.0,60.603
"System software includes the operating system , which couples computer hardware with application software. The purpose of the operating system is to provide an environment where application software executes in a convenient and efficient manner. Both application software and system software execute utility programs . At the hardware level, a microcode program controls the circuits throughout the central processing unit .",technology,primary,software,,,Computer_program,"application, computer, software, system","application, code, operating system, program, software",21.5,wikipedia,61,424,3,5.0,59.076
"The UNIX operating system originated as a development of MULTICS for a single user. Because UNIX's source code was available, it became the basis of other, incompatible operating systems, of which the most successful were AT&T 's System V and the University of California 's Berkeley Software Distribution (BSD). To increase compatibility, the IEEE released the POSIX standard for operating system application programming interfaces (APIs), which is supported by most UNIX systems.",technology,primary,software,,,Operating_system,"AI, application, software, system","application, code, operating system, program, software",21.5,wikipedia,72,481,3,4.0,57.519
"Because UNIX's source code was available, it became the basis of other, incompatible operating systems, of which the most successful were AT&T 's System V and the University of California 's Berkeley Software Distribution (BSD). To increase compatibility, the IEEE released the POSIX standard for operating system application programming interfaces (APIs), which is supported by most UNIX systems. MINIX was a stripped-down version of UNIX, developed in 1987 for educational uses, that inspired the commercially available, free software Linux .",technology,primary,software,,,Operating_system,"AI, application, software, system","application, code, operating system, program, software",21.5,wikipedia,80,544,3,4.0,57.456
"Despite its limited adoption, it can be considered the precursor to cloud computing . The UNIX operating system originated as a development of MULTICS for a single user. Because UNIX's source code was available, it became the basis of other, incompatible operating systems, of which the most successful were AT&T 's System V and the University of California 's Berkeley Software Distribution (BSD). To increase compatibility, the IEEE released the POSIX standard for operating system application programming interfaces (APIs), which is supported by most UNIX systems.",technology,primary,software,,,Operating_system,"AI, application, software, system","application, code, operating system, program, software",21.5,wikipedia,86,567,3,2.5,55.183
"The UNIX operating system originated as a development of MULTICS for a single user. Because UNIX's source code was available, it became the basis of other, incompatible operating systems, of which the most successful were AT&T 's System V and the University of California 's Berkeley Software Distribution (BSD). To increase compatibility, the IEEE released the POSIX standard for operating system application programming interfaces (APIs), which is supported by most UNIX systems. MINIX was a stripped-down version of UNIX, developed in 1987 for educational uses, that inspired the commercially available, free software Linux .",technology,primary,software,,,Operating_system,"AI, application, software, system","application, code, operating system, program, software",21.5,wikipedia,94,628,3,1.0,52.872
"The kernel is the part of the operating system that provides protection between different applications and users. This protection is key to improving reliability by keeping errors isolated to one program, as well as security by limiting the power of malicious software and protecting private data, and ensuring that one program cannot monopolize the computer's resources. Most operating systems have two modes of operation: in user mode , the hardware checks that the software is only executing legal instructions, whereas the kernel has unrestricted powers and is not subject to these checks. The kernel also manages memory for other processes and controls access to input/output devices.",technology,primary,software,,,Operating_system,"application, computer, data, device, software, system","application, operating system, program, software",21.0,wikipedia,106,689,3,1.0,51.811
"The purpose of the operating system is to provide an environment where application software executes in a convenient and efficient manner. Both application software and system software execute utility programs . At the hardware level, a microcode program controls the circuits throughout the central processing unit .",technology,primary,software,,,Computer_program,"application, software, system","application, code, operating system, program, software",20.5,wikipedia,47,317,3,6.0,58.683
"For hardware functions such as input and output and memory allocation , the operating system acts as an intermediary between programs and the computer hardware, although the application code is usually executed directly by the hardware and frequently makes system calls to an OS function or is interrupted by it. Operating systems are found on many devices that contain a computer – from cellular phones and video game consoles to web servers and supercomputers .",technology,primary,software,,,Operating_system,"AI, application, computer, device, system","application, code, operating system, program",20.3,wikipedia,75,463,3,4.0,55.137
"The kernel is the part of the operating system that provides protection between different applications and users. This protection is key to improving reliability by keeping errors isolated to one program, as well as security by limiting the power of malicious software and protecting private data, and ensuring that one program cannot monopolize the computer's resources.",technology,primary,software,,,Operating_system,"application, computer, data, software, system","application, operating system, program, software",20.0,wikipedia,56,371,3,6.0,57.629
"Computer programs may be categorized along functional lines. The main functional categories are application software and system software . System software includes the operating system , which couples computer hardware with application software. The purpose of the operating system is to provide an environment where application software executes in a convenient and efficient manner.",technology,primary,software,,,Computer_program,"AI, application, computer, software, system","application, operating system, program, software",20.0,wikipedia,54,384,3,6.0,57.616
"The main functional categories are application software and system software . System software includes the operating system , which couples computer hardware with application software. The purpose of the operating system is to provide an environment where application software executes in a convenient and efficient manner. Both application software and system software execute utility programs .",technology,primary,software,,,Computer_program,"AI, application, computer, software, system","application, operating system, program, software",20.0,wikipedia,56,396,3,6.0,57.604
"To increase compatibility, the IEEE released the POSIX standard for operating system application programming interfaces (APIs), which is supported by most UNIX systems. MINIX was a stripped-down version of UNIX, developed in 1987 for educational uses, that inspired the commercially available, free software Linux . Since 2008, MINIX is used in controllers of most Intel microchips , while Linux is widespread in data centers and Android smartphones.",technology,primary,software,,,Operating_system,"AI, application, data, software, system","application, operating system, program, software",20.0,wikipedia,67,450,3,5.0,56.05
"Hebb's model of neurons interacting with one another set a groundwork for how AIs and machine learning algorithms work under nodes, or artificial neurons used by computers to communicate data. Other researchers who have studied human cognitive systems contributed to the modern machine learning technologies as well, including logician Walter Pitts and Warren McCulloch , who proposed the early mathematical models of neural networks to come up with algorithms that mirror human thought processes.",technology,primary,artificial_intelligence,,,Machine_learning,"AI, algorithm, computer, data, system","AI, machine learning, model, neural network",20.0,wikipedia,74,497,3,4.0,54.503
"The kernel is the part of the operating system that provides protection between different applications and users. This protection is key to improving reliability by keeping errors isolated to one program, as well as security by limiting the power of malicious software and protecting private data, and ensuring that one program cannot monopolize the computer's resources. Most operating systems have two modes of operation: in user mode , the hardware checks that the software is only executing legal instructions, whereas the kernel has unrestricted powers and is not subject to these checks.",technology,primary,software,,,Operating_system,"application, computer, data, software, system","application, operating system, program, software",20.0,wikipedia,92,593,3,1.0,49.907
"In 1949, Canadian psychologist Donald Hebb published the book The Organization of Behavior , in which he introduced a theoretical neural structure formed by certain interactions among nerve cells . Hebb's model of neurons interacting with one another set a groundwork for how AIs and machine learning algorithms work under nodes, or artificial neurons used by computers to communicate data. Other researchers who have studied human cognitive systems contributed to the modern machine learning technologies as well, including logician Walter Pitts and Warren McCulloch , who proposed the early mathematical models of neural networks to come up with algorithms that mirror human thought processes.",technology,primary,artificial_intelligence,,,Machine_learning,"AI, algorithm, computer, data, system","AI, machine learning, model, neural network",20.0,wikipedia,104,695,3,1.0,49.805
"As a scientific endeavour, machine learning grew out of the quest for artificial intelligence (AI). In the early days of AI as an academic discipline , some researchers were interested in having machines learn from data. They attempted to approach the problem with various symbolic methods, as well as what were then termed "" neural networks ""; these were mostly perceptrons and other models that were later found to be reinventions of the generalised linear models of statistics.",technology,primary,artificial_intelligence,,,Machine_learning,"AI, data","AI, artificial intelligence, machine learning, model, neural network",19.8,wikipedia,78,480,3,4.0,54.120000000000005
"As a scientific endeavour, machine learning grew out of the quest for artificial intelligence (AI). In the early days of AI as an academic discipline , some researchers were interested in having machines learn from data. They attempted to approach the problem with various symbolic methods, as well as what were then termed "" neural networks ""; these were mostly perceptrons and other models that were later found to be reinventions of the generalised linear models of statistics. Probabilistic reasoning was also employed, especially in automated medical diagnosis .",technology,primary,artificial_intelligence,,,Machine_learning,"AI, data","AI, artificial intelligence, machine learning, model, neural network",19.8,wikipedia,89,567,3,2.5,51.783
"To increase compatibility, the IEEE released the POSIX standard for operating system application programming interfaces (APIs), which is supported by most UNIX systems. MINIX was a stripped-down version of UNIX, developed in 1987 for educational uses, that inspired the commercially available, free software Linux .",technology,primary,software,,,Operating_system,"AI, application, software, system","application, operating system, program, software",19.0,wikipedia,45,315,3,6.0,55.685
"Operating systems include the software that is always running, called a kernel —but can include other software as well. The two other types of programs that can run on a computer are system programs —which are associated with the operating system, but may not be part of the kernel—and applications—all other software.",technology,primary,software,,,Operating_system,"application, computer, software, system","application, operating system, program, software",19.0,wikipedia,52,318,3,6.0,55.682
"System software includes the operating system , which couples computer hardware with application software. The purpose of the operating system is to provide an environment where application software executes in a convenient and efficient manner. Both application software and system software execute utility programs .",technology,primary,software,,,Computer_program,"application, computer, software, system","application, operating system, program, software",19.0,wikipedia,45,318,3,6.0,55.682
"An operating system is difficult to define, but has been called ""the layer of software that manages a computer's resources for its users and their applications "". Operating systems include the software that is always running, called a kernel —but can include other software as well. The two other types of programs that can run on a computer are system programs —which are associated with the operating system, but may not be part of the kernel—and applications—all other software.",technology,primary,software,,,Operating_system,"application, computer, software, system","application, operating system, program, software",19.0,wikipedia,79,481,3,4.0,52.519
"Mechanical engineering requires an understanding of core areas including mechanics , dynamics , thermodynamics , materials science , design , structural analysis , and electricity . In addition to these core principles, mechanical engineers use tools such as computer-aided design (CAD), computer-aided manufacturing (CAM), computer-aided engineering (CAE), and product lifecycle management to design and analyze manufacturing plants , industrial equipment and machinery , heating and cooling systems , transport systems, motor vehicles , aircraft , watercraft , robotics , medical devices , weapons , and others.",technology,primary,engineering_technology,,,Mechanical_engineering,"AI, computer, device, system","design, device, engineering, machinery",19.0,wikipedia,86,613,3,2.5,50.137
"However, the design of complex software systems is often the domain of software engineering, which is usually considered a separate discipline. Desktop computers represent a tiny fraction of the devices a computer engineer might work on, as computer-like architectures are now found in a range of embedded devices including video game consoles and DVD players . Computer engineers are involved in many hardware and software aspects of computing. Robots are one of the applications of computer engineering.",technology,primary,engineering_technology,,,Electrical_engineering,"AI, application, computer, device, software, system","design, device, engineering",18.8,wikipedia,77,505,3,4.0,52.095
Algorithms and data structures are central to computer science. The theory of computation concerns abstract models of computation and general classes of problems that can be solved using them. The fields of cryptography and computer security involve studying the means for secure communication and preventing security vulnerabilities .,technology,primary,computer_science,,,Computer_science,"algorithm, computer, data","algorithm, computation, computer science, data structure",18.3,wikipedia,48,335,3,6.0,54.265
Algorithms and data structures are central to computer science. The theory of computation concerns abstract models of computation and general classes of problems that can be solved using them. The fields of cryptography and computer security involve studying the means for secure communication and preventing security vulnerabilities . Computer graphics and computational geometry address the generation of images.,technology,primary,computer_science,,,Computer_science,"algorithm, computer, data","algorithm, computation, computer science, data structure",18.3,wikipedia,58,414,3,6.0,54.186
"Federated learning is an adapted form of distributed artificial intelligence to train machine learning models that decentralises the training process, allowing for users' privacy to be maintained by not needing to send their data to a centralised server. This also increases efficiency by decentralising the training process to many devices.",technology,primary,artificial_intelligence,,,Machine_learning,"AI, data, device","AI, artificial intelligence, machine learning, model",18.0,wikipedia,50,341,3,6.0,53.659
"Federated learning is an adapted form of distributed artificial intelligence to train machine learning models that decentralises the training process, allowing for users' privacy to be maintained by not needing to send their data to a centralised server. This also increases efficiency by decentralising the training process to many devices. For example, Gboard uses federated machine learning to train search query prediction models on users' mobile phones without having to send individual searches back to Google .",technology,primary,artificial_intelligence,,,Machine_learning,"AI, data, device","AI, artificial intelligence, machine learning, model",18.0,wikipedia,77,517,3,4.0,50.483
"However, the design of complex software systems is often the domain of software engineering, which is usually considered a separate discipline. Desktop computers represent a tiny fraction of the devices a computer engineer might work on, as computer-like architectures are now found in a range of embedded devices including video game consoles and DVD players .",technology,primary,engineering_technology,,,Electrical_engineering,"AI, computer, device, software, system","design, device, engineering",17.8,wikipedia,56,361,3,6.0,53.239000000000004
"Computer engineers may also work on a system's software. However, the design of complex software systems is often the domain of software engineering, which is usually considered a separate discipline. Desktop computers represent a tiny fraction of the devices a computer engineer might work on, as computer-like architectures are now found in a range of embedded devices including video game consoles and DVD players .",technology,primary,engineering_technology,,,Electrical_engineering,"AI, computer, device, software, system","design, device, engineering",17.8,wikipedia,65,418,3,6.0,53.182
"However, the design of complex software systems is often the domain of software engineering, which is usually considered a separate discipline. Desktop computers represent a tiny fraction of the devices a computer engineer might work on, as computer-like architectures are now found in a range of embedded devices including video game consoles and DVD players . Computer engineers are involved in many hardware and software aspects of computing.",technology,primary,engineering_technology,,,Electrical_engineering,"AI, computer, device, software, system","design, device, engineering",17.8,wikipedia,68,445,3,5.0,51.655
"This may involve the design of new hardware . Computer engineers may also work on a system's software. However, the design of complex software systems is often the domain of software engineering, which is usually considered a separate discipline. Desktop computers represent a tiny fraction of the devices a computer engineer might work on, as computer-like architectures are now found in a range of embedded devices including video game consoles and DVD players .",technology,primary,engineering_technology,,,Electrical_engineering,"AI, computer, device, software, system","design, device, engineering",17.8,wikipedia,74,464,3,4.0,50.136
"Computer engineers may also work on a system's software. However, the design of complex software systems is often the domain of software engineering, which is usually considered a separate discipline. Desktop computers represent a tiny fraction of the devices a computer engineer might work on, as computer-like architectures are now found in a range of embedded devices including video game consoles and DVD players . Computer engineers are involved in many hardware and software aspects of computing.",technology,primary,engineering_technology,,,Electrical_engineering,"AI, computer, device, software, system","design, device, engineering",17.8,wikipedia,77,502,3,4.0,50.098
"The IBM System/360 (1964) was a family of computers, each having the same instruction set architecture . The Model 20 was the smallest and least expensive. Customers could upgrade and retain the same application software . Each System/360 model featured multiprogramming —having multiple processes in memory at once.",technology,primary,software,,,Computer_program,"AI, application, computer, software, system","application, program, software",17.5,wikipedia,48,316,3,6.0,52.684
"The main functional categories are application software and system software . System software includes the operating system , which couples computer hardware with application software. The purpose of the operating system is to provide an environment where application software executes in a convenient and efficient manner.",technology,primary,software,,,Computer_program,"AI, application, computer, software, system","application, operating system, software",17.5,wikipedia,46,323,3,6.0,52.677
"Embedded operating systems are designed to be used in embedded computer systems , whether they are internet of things objects or not connected to a network. The distinguishing factor is that they do not load user-installed software. Consequently, they do not need protection between different applications, enabling simpler designs.",technology,primary,software,,,Operating_system,"application, computer, internet, software, system","application, operating system, software",17.5,wikipedia,49,332,3,6.0,52.668
"The operating system's efforts to reduce latency include storing recently requested blocks of memory in a cache and prefetching data that the application has not asked for, but might need next. Device drivers are software specific to each input/output (I/O) device that enables the operating system to work without modification over different hardware.",technology,primary,software,,,Operating_system,"application, data, device, software, system","application, operating system, software",17.5,wikipedia,53,352,3,6.0,52.648
"Embedded operating systems are designed to be used in embedded computer systems , whether they are internet of things objects or not connected to a network. The distinguishing factor is that they do not load user-installed software. Consequently, they do not need protection between different applications, enabling simpler designs. Very small operating systems might run in less than 10 kilobytes , and the smallest are for smart cards .",technology,primary,software,,,Operating_system,"application, computer, internet, software, system","application, operating system, software",17.5,wikipedia,69,438,3,5.0,51.062
"All these operations are carried out by the operating system on behalf of the application. The operating system's efforts to reduce latency include storing recently requested blocks of memory in a cache and prefetching data that the application has not asked for, but might need next. Device drivers are software specific to each input/output (I/O) device that enables the operating system to work without modification over different hardware.",technology,primary,software,,,Operating_system,"application, data, device, software, system","application, operating system, software",17.5,wikipedia,68,443,3,5.0,51.057
"Despite this early promise, neural network models faced major limitations during the early decades of artificial intelligence research. Hardware constraints limited network size and training efficiency, while theoretical understanding of learning algorithms remained incomplete. Many early models relied on single-layer perceptrons, which were restricted to solving linearly separable problems.",technology,primary,artificial_intelligence,,,Neural_network_(machine_learning),"AI, algorithm","AI, artificial intelligence, model, neural network",17.0,wikipedia,49,394,3,6.0,51.606
"Computer science is the study of computation , information , and automation . Included broadly in the sciences , computer science spans theoretical disciplines (such as algorithms , theory of computation , and information theory ) to applied disciplines (including the design and implementation of hardware and software ).",technology,primary,computer_science,,,Computer_science,"algorithm, automation, computer, software","algorithm, computation, computer science",16.8,wikipedia,49,322,3,6.0,51.278
"Computer science is the study of computation , information , and automation . Included broadly in the sciences , computer science spans theoretical disciplines (such as algorithms , theory of computation , and information theory ) to applied disciplines (including the design and implementation of hardware and software ). An expert in the field is known as a computer scientist .",technology,primary,computer_science,,,Computer_science,"algorithm, automation, computer, software","algorithm, computation, computer science",16.8,wikipedia,61,380,3,6.0,51.22
"The earliest foundations of what would become computer science predate the invention of the modern digital computer . Machines for calculating fixed numerical tasks such as the abacus have existed since antiquity, aiding in computations such as multiplication and division. Algorithms for performing computations have existed since antiquity, even before the development of sophisticated computing equipment.",technology,primary,computer_science,,,Computer_science,"AI, algorithm, computer, digital","algorithm, computation, computer science",16.8,wikipedia,56,408,3,6.0,51.192
"An operating system is difficult to define, but has been called ""the layer of software that manages a computer's resources for its users and their applications "". Operating systems include the software that is always running, called a kernel —but can include other software as well.",technology,primary,software,,,Operating_system,"application, computer, software, system","application, operating system, software",16.5,wikipedia,46,282,3,6.0,50.718
"Software engineering is a branch of both computer science and engineering focused on designing, developing, testing, and maintaining software applications . It involves applying engineering principles and computer programming expertise to develop software systems that meet user needs.",technology,primary,software,,,Software_engineering,"AI, application, computer, software, system","application, program, software",16.5,wikipedia,38,285,3,6.0,50.715
"^ Expectation–maximization, one of the most popular algorithms in machine learning, allows clustering in the presence of unknown latent variables . ^ Geoffrey Hinton said, of his work on neural networks in the 1990s, ""our labeled datasets were thousands of times too small. our computers were millions of times too slow.""",technology,primary,artificial_intelligence,,,Artificial_intelligence,"AI, algorithm, computer, data","AI, machine learning, neural network",16.5,wikipedia,51,321,3,6.0,50.679
"Neural architecture search (NAS) uses machine learning to automate ANN design. Various approaches to NAS have designed networks that compare well with hand-designed systems. The basic search algorithm is to propose a candidate model, evaluate it against a dataset, and use the results as feedback to teach the NAS network.",technology,primary,artificial_intelligence,,,Neural_network_(machine_learning),"AI, algorithm, data, system","AI, machine learning, model",16.5,wikipedia,50,322,3,6.0,50.678
"Membership and participation in technical societies, regular reviews of periodicals in the field and a habit of continued learning are therefore essential to maintaining proficiency. An MIET(Member of the Institution of Engineering and Technology) is recognised in Europe as an Electrical and computer (technology) engineer.",technology,primary,engineering_technology,,,Electrical_engineering,"AI, computer, technical, technology","engineering, technical, technology",16.5,wikipedia,45,324,3,6.0,50.676
"A distributed system is a group of distinct, networked computers—each of which might have their own operating system and file system. Unlike multicomputers, they may be dispersed anywhere in the world. Middleware , an additional software layer between the operating system and applications, is often used to improve consistency.",technology,primary,software,,,Operating_system,"application, computer, software, system","application, operating system, software",16.5,wikipedia,49,328,3,6.0,50.672
"Software engineering is a variety of techniques to produce quality computer programs . Computer programming is the process of writing or editing source code . In a formal environment, a systems analyst will gather information from managers about all the organization's processes to automate. This professional then prepares a detailed plan for the new or modified system.",technology,primary,software,,,Computer_program,"AI, computer, software, system","code, program, software",16.5,wikipedia,57,371,3,6.0,50.629
"A utility is a program that aids system administration and software execution. An operating system typically provides utilities to check hardware such as storage, memory, speakers, and printers. A utility may optimize the performance of a storage device. System utilities monitor hardware and network performance and may trigger an alert when a metric is outside the nominal range.",technology,primary,software,,,Computer_program,"AI, device, software, system","operating system, program, software",16.5,wikipedia,58,381,3,6.0,50.619
"^ See AI winter § Machine translation and the ALPAC report of 1966 . ^ Expectation–maximization, one of the most popular algorithms in machine learning, allows clustering in the presence of unknown latent variables . ^ Geoffrey Hinton said, of his work on neural networks in the 1990s, ""our labeled datasets were thousands of times too small. our computers were millions of times too slow.""",technology,primary,artificial_intelligence,,,Artificial_intelligence,"AI, algorithm, computer, data","AI, machine learning, neural network",16.5,wikipedia,65,390,3,6.0,50.61
"In 1949, Canadian psychologist Donald Hebb published the book The Organization of Behavior , in which he introduced a theoretical neural structure formed by certain interactions among nerve cells . Hebb's model of neurons interacting with one another set a groundwork for how AIs and machine learning algorithms work under nodes, or artificial neurons used by computers to communicate data.",technology,primary,artificial_intelligence,,,Machine_learning,"AI, algorithm, computer, data","AI, machine learning, model",16.5,wikipedia,60,390,3,6.0,50.61
"Programs written in the high-level programming languages used to create software share a few main characteristics: knowledge of machine code is not necessary to write them, they can be ported to other computer systems, and they are more concise and human-readable than machine code. They must be both human-readable and capable of being translated into unambiguous instructions for computer hardware.",technology,primary,software,,,Software,"AI, computer, software, system","code, program, software",16.5,wikipedia,60,400,3,6.0,50.6
"Obsolescence of technical skills is a serious concern for electrical engineers. Membership and participation in technical societies, regular reviews of periodicals in the field and a habit of continued learning are therefore essential to maintaining proficiency. An MIET(Member of the Institution of Engineering and Technology) is recognised in Europe as an Electrical and computer (technology) engineer.",technology,primary,engineering_technology,,,Electrical_engineering,"AI, computer, technical, technology","engineering, technical, technology",16.5,wikipedia,56,404,3,6.0,50.596
A microcode program is the bottom-level interpreter that controls the datapath of software-driven computers. (Advances in hardware have migrated these operations to hardware execution circuits .) Microcode instructions allow the programmer to more easily implement the digital logic level —the computer's real hardware. The digital logic level is the boundary between computer science and computer engineering .,technology,primary,software,,,Computer_program,"computer, data, digital, software","code, program, software",16.5,wikipedia,57,411,3,6.0,50.589
"Neural architecture search (NAS) uses machine learning to automate ANN design. Various approaches to NAS have designed networks that compare well with hand-designed systems. The basic search algorithm is to propose a candidate model, evaluate it against a dataset, and use the results as feedback to teach the NAS network. scikit-learn library provides functions to help with building a deep network from scratch.",technology,primary,artificial_intelligence,,,Neural_network_(machine_learning),"AI, algorithm, data, system","AI, machine learning, model",16.5,wikipedia,63,413,3,6.0,50.587
"A distributed system is a group of distinct, networked computers—each of which might have their own operating system and file system. Unlike multicomputers, they may be dispersed anywhere in the world. Middleware , an additional software layer between the operating system and applications, is often used to improve consistency. Although it functions similarly to an operating system, it is not a true operating system.",technology,primary,software,,,Operating_system,"application, computer, software, system","application, operating system, software",16.5,wikipedia,64,419,3,6.0,50.581
"These concerns have led to increased research in explainable artificial intelligence (XAI), robust machine learning, and hybrid AI approaches that combine neural learning with symbolic reasoning. Advocates of hybrid models also say that such a mixture can better capture the mechanisms of the human mind.",technology,primary,artificial_intelligence,,,Neural_network_(machine_learning),AI,"AI, artificial intelligence, machine learning, model",16.0,wikipedia,45,304,3,6.0,49.696
"No established unifying theory or paradigm has guided AI research for most of its history. The unprecedented success of statistical machine learning in the 2010s eclipsed all other approaches (so much so that some sources, especially in the business world, use the term ""artificial intelligence"" to mean ""machine learning with neural networks"").",technology,primary,artificial_intelligence,,,Artificial_intelligence,AI,"AI, artificial intelligence, machine learning, neural network",16.0,wikipedia,52,345,3,6.0,49.655
"Machine learning (ML), reorganised and recognised as its own field, started to flourish in the 1990s. The field changed its goal from achieving artificial intelligence to tackling solvable problems of a practical nature. It shifted focus away from the symbolic approaches it had inherited from AI, and toward methods and models borrowed from statistics, fuzzy logic , and probability theory .",technology,primary,artificial_intelligence,,,Machine_learning,AI,"AI, artificial intelligence, machine learning, model",16.0,wikipedia,61,392,3,6.0,49.608
"No established unifying theory or paradigm has guided AI research for most of its history. The unprecedented success of statistical machine learning in the 2010s eclipsed all other approaches (so much so that some sources, especially in the business world, use the term ""artificial intelligence"" to mean ""machine learning with neural networks""). This approach is mostly sub-symbolic , soft and narrow .",technology,primary,artificial_intelligence,,,Artificial_intelligence,AI,"AI, artificial intelligence, machine learning, neural network",16.0,wikipedia,62,402,3,6.0,49.598
"The unprecedented success of statistical machine learning in the 2010s eclipsed all other approaches (so much so that some sources, especially in the business world, use the term ""artificial intelligence"" to mean ""machine learning with neural networks""). This approach is mostly sub-symbolic , soft and narrow . Critics argue that these questions may have to be revisited by future generations of AI researchers.",technology,primary,artificial_intelligence,,,Artificial_intelligence,AI,"AI, artificial intelligence, machine learning, neural network",16.0,wikipedia,63,412,3,6.0,49.588
Machine learning applications can be biased if they learn from biased data. The developers may not be aware that the bias exists. Discriminatory behavior by some LLMs can be observed in their output. Bias can be introduced by the way training data is selected and by the way a model is deployed.,technology,primary,artificial_intelligence,,,Artificial_intelligence,"AI, application, data","AI, machine learning, model",15.8,wikipedia,52,295,3,6.0,49.305
"Biased models may result in detrimental outcomes, thereby furthering the negative impacts on society or objectives. Algorithmic bias is a potential result of data not being fully prepared for training. Machine learning ethics is becoming a field of study and, notably, becoming integrated within machine learning engineering teams.",technology,primary,artificial_intelligence,,,Machine_learning,"AI, algorithm, data","AI, machine learning, model",15.8,wikipedia,48,331,3,6.0,49.269
"Electrical engineering is an engineering discipline concerned with the study, design, and application of equipment, devices, and systems that use electricity , electronics , and electromagnetism . It emerged as an identifiable occupation in the latter half of the 19th century after the commercialization of the electric telegraph , the telephone, and electrical power generation, distribution, and use.",technology,primary,engineering_technology,,,Electrical_engineering,"application, device, system","design, device, engineering",15.8,wikipedia,58,403,3,6.0,49.197
"Acoustical engineers work to reduce noise pollution in mechanical devices and in buildings by soundproofing or removing sources of unwanted noise . The study of acoustics can range from designing a more efficient hearing aid , microphone , headphone , or recording studio to enhancing the sound quality of an orchestra hall. Acoustical engineering also deals with the vibration of different mechanical systems.",technology,primary,engineering_technology,,,Mechanical_engineering,"AI, device, system","design, device, engineering",15.8,wikipedia,63,410,3,6.0,49.190000000000005
